path,label,dataset,speaker_id,language,generator_id,attack_type,codec,sample_rate,license,split,duration_s,text,source_url
/data/mighty-morphing/audio/public/in_the_wild/release_in_the_wild/release_in_the_wild/0.wav,synthetic,in_the_wild,Alec Guinness,en,unknown_public_web,in_the_wild_tts,wav,,cc-by-sa-4.0,eval,,,https://huggingface.co/datasets/mueller91/In-The-Wild
/data/mighty-morphing/audio/public/in_the_wild/release_in_the_wild/release_in_the_wild/1.wav,synthetic,in_the_wild,Alec Guinness,en,unknown_public_web,in_the_wild_tts,wav,,cc-by-sa-4.0,eval,,,https://huggingface.co/datasets/mueller91/In-The-Wild
/data/mighty-morphing/audio/public/in_the_wild/release_in_the_wild/release_in_the_wild/2.wav,synthetic,in_the_wild,Barack Obama,en,unknown_public_web,in_the_wild_tts,wav,,cc-by-sa-4.0,eval,,,https://huggingface.co/datasets/mueller91/In-The-Wild
/data/mighty-morphing/audio/public/in_the_wild/release_in_the_wild/release_in_the_wild/3.wav,synthetic,in_the_wild,Alec Guinness,en,unknown_public_web,in_the_wild_tts,wav,,cc-by-sa-4.0,eval,,,https://huggingface.co/datasets/mueller91/In-The-Wild
/data/mighty-morphing/audio/public/in_the_wild/release_in_the_wild/release_in_the_wild/4.wav,real,in_the_wild,Christopher Hitchens,en,,authentic_public_web,wav,,cc-by-sa-4.0,eval,,,https://huggingface.co/datasets/mueller91/In-The-Wild
/data/mighty-morphing/audio/public/in_the_wild/release_in_the_wild/release_in_the_wild/5.wav,real,in_the_wild,Ayn Rand,en,,authentic_public_web,wav,,cc-by-sa-4.0,eval,,,https://huggingface.co/datasets/mueller91/In-The-Wild
/data/mighty-morphing/audio/public/in_the_wild/release_in_the_wild/release_in_the_wild/6.wav,synthetic,in_the_wild,Barack Obama,en,unknown_public_web,in_the_wild_tts,wav,,cc-by-sa-4.0,eval,,,https://huggingface.co/datasets/mueller91/In-The-Wild
/data/mighty-morphing/audio/public/in_the_wild/release_in_the_wild/release_in_the_wild/7.wav,real,in_the_wild,Donald Trump,en,,authentic_public_web,wav,,cc-by-sa-4.0,eval,,,https://huggingface.co/datasets/mueller91/In-The-Wild
/data/mighty-morphing/audio/public/in_the_wild/release_in_the_wild/release_in_the_wild/8.wav,real,in_the_wild,Donald Trump,en,,authentic_public_web,wav,,cc-by-sa-4.0,eval,,,https://huggingface.co/datasets/mueller91/In-The-Wild
/data/mighty-morphing/audio/public/in_the_wild/release_in_the_wild/release_in_the_wild/9.wav,real,in_the_wild,Alec Guinness,en,,authentic_public_web,wav,,cc-by-sa-4.0,eval,,,https://huggingface.co/datasets/mueller91/In-The-Wild
/data/mighty-morphing/audio/public/in_the_wild/release_in_the_wild/release_in_the_wild/10.wav,synthetic,in_the_wild,Bernie Sanders,en,unknown_public_web,in_the_wild_tts,wav,,cc-by-sa-4.0,eval,,,https://huggingface.co/datasets/mueller91/In-The-Wild
/data/mighty-morphing/audio/public/in_the_wild/release_in_the_wild/release_in_the_wild/11.wav,real,in_the_wild,Christopher Hitchens,en,,authentic_public_web,wav,,cc-by-sa-4.0,eval,,,https://huggingface.co/datasets/mueller91/In-The-Wild
/data/mighty-morphing/audio/public/in_the_wild/release_in_the_wild/release_in_the_wild/12.wav,real,in_the_wild,Calvin Coolidge,en,,authentic_public_web,wav,,cc-by-sa-4.0,eval,,,https://huggingface.co/datasets/mueller91/In-The-Wild
/data/mighty-morphing/audio/public/in_the_wild/release_in_the_wild/release_in_the_wild/13.wav,synthetic,in_the_wild,Alec Guinness,en,unknown_public_web,in_the_wild_tts,wav,,cc-by-sa-4.0,eval,,,https://huggingface.co/datasets/mueller91/In-The-Wild
/data/mighty-morphing/audio/public/in_the_wild/release_in_the_wild/release_in_the_wild/14.wav,real,in_the_wild,Barack Obama,en,,authentic_public_web,wav,,cc-by-sa-4.0,eval,,,https://huggingface.co/datasets/mueller91/In-The-Wild
/data/mighty-morphing/audio/public/in_the_wild/release_in_the_wild/release_in_the_wild/15.wav,synthetic,in_the_wild,Bernie Sanders,en,unknown_public_web,in_the_wild_tts,wav,,cc-by-sa-4.0,eval,,,https://huggingface.co/datasets/mueller91/In-The-Wild
/data/mighty-morphing/audio/public/in_the_wild/release_in_the_wild/release_in_the_wild/16.wav,synthetic,in_the_wild,Winston Churchill,en,unknown_public_web,in_the_wild_tts,wav,,cc-by-sa-4.0,eval,,,https://huggingface.co/datasets/mueller91/In-The-Wild
/data/mighty-morphing/audio/public/in_the_wild/release_in_the_wild/release_in_the_wild/17.wav,synthetic,in_the_wild,Winston Churchill,en,unknown_public_web,in_the_wild_tts,wav,,cc-by-sa-4.0,eval,,,https://huggingface.co/datasets/mueller91/In-The-Wild
/data/mighty-morphing/audio/public/in_the_wild/release_in_the_wild/release_in_the_wild/18.wav,real,in_the_wild,Donald Trump,en,,authentic_public_web,wav,,cc-by-sa-4.0,eval,,,https://huggingface.co/datasets/mueller91/In-The-Wild
/data/mighty-morphing/audio/public/in_the_wild/release_in_the_wild/release_in_the_wild/19.wav,synthetic,in_the_wild,Bob Ross,en,unknown_public_web,in_the_wild_tts,wav,,cc-by-sa-4.0,eval,,,https://huggingface.co/datasets/mueller91/In-The-Wild
/data/mighty-morphing/audio/public/in_the_wild/release_in_the_wild/release_in_the_wild/20.wav,real,in_the_wild,Donald Trump,en,,authentic_public_web,wav,,cc-by-sa-4.0,eval,,,https://huggingface.co/datasets/mueller91/In-The-Wild
/data/mighty-morphing/audio/public/in_the_wild/release_in_the_wild/release_in_the_wild/21.wav,synthetic,in_the_wild,Richard Nixon,en,unknown_public_web,in_the_wild_tts,wav,,cc-by-sa-4.0,eval,,,https://huggingface.co/datasets/mueller91/In-The-Wild
/data/mighty-morphing/audio/public/in_the_wild/release_in_the_wild/release_in_the_wild/22.wav,real,in_the_wild,2Pac,en,,authentic_public_web,wav,,cc-by-sa-4.0,eval,,,https://huggingface.co/datasets/mueller91/In-The-Wild
/data/mighty-morphing/audio/public/in_the_wild/release_in_the_wild/release_in_the_wild/23.wav,real,in_the_wild,Donald Trump,en,,authentic_public_web,wav,,cc-by-sa-4.0,eval,,,https://huggingface.co/datasets/mueller91/In-The-Wild
/data/mighty-morphing/audio/public/in_the_wild/release_in_the_wild/release_in_the_wild/24.wav,synthetic,in_the_wild,Ronald Reagan,en,unknown_public_web,in_the_wild_tts,wav,,cc-by-sa-4.0,eval,,,https://huggingface.co/datasets/mueller91/In-The-Wild
/data/mighty-morphing/audio/public/in_the_wild/release_in_the_wild/release_in_the_wild/25.wav,synthetic,in_the_wild,Ayn Rand,en,unknown_public_web,in_the_wild_tts,wav,,cc-by-sa-4.0,eval,,,https://huggingface.co/datasets/mueller91/In-The-Wild
/data/mighty-morphing/audio/public/in_the_wild/release_in_the_wild/release_in_the_wild/26.wav,real,in_the_wild,JFK,en,,authentic_public_web,wav,,cc-by-sa-4.0,eval,,,https://huggingface.co/datasets/mueller91/In-The-Wild
/data/mighty-morphing/audio/public/in_the_wild/release_in_the_wild/release_in_the_wild/27.wav,real,in_the_wild,Arnold Schwarzenegger,en,,authentic_public_web,wav,,cc-by-sa-4.0,eval,,,https://huggingface.co/datasets/mueller91/In-The-Wild
/data/mighty-morphing/audio/public/in_the_wild/release_in_the_wild/release_in_the_wild/28.wav,real,in_the_wild,Nick Offerman,en,,authentic_public_web,wav,,cc-by-sa-4.0,eval,,,https://huggingface.co/datasets/mueller91/In-The-Wild
/data/mighty-morphing/audio/public/in_the_wild/release_in_the_wild/release_in_the_wild/29.wav,real,in_the_wild,Bill Clinton,en,,authentic_public_web,wav,,cc-by-sa-4.0,eval,,,https://huggingface.co/datasets/mueller91/In-The-Wild
/data/mighty-morphing/audio/public/in_the_wild/release_in_the_wild/release_in_the_wild/30.wav,real,in_the_wild,Martin Luther King,en,,authentic_public_web,wav,,cc-by-sa-4.0,eval,,,https://huggingface.co/datasets/mueller91/In-The-Wild
/data/mighty-morphing/audio/public/in_the_wild/release_in_the_wild/release_in_the_wild/31.wav,synthetic,in_the_wild,Bill Burr,en,unknown_public_web,in_the_wild_tts,wav,,cc-by-sa-4.0,eval,,,https://huggingface.co/datasets/mueller91/In-The-Wild
/data/mighty-morphing/audio/public/in_the_wild/release_in_the_wild/release_in_the_wild/32.wav,synthetic,in_the_wild,Ronald Reagan,en,unknown_public_web,in_the_wild_tts,wav,,cc-by-sa-4.0,eval,,,https://huggingface.co/datasets/mueller91/In-The-Wild
/data/mighty-morphing/audio/public/in_the_wild/release_in_the_wild/release_in_the_wild/33.wav,real,in_the_wild,Bill Clinton,en,,authentic_public_web,wav,,cc-by-sa-4.0,eval,,,https://huggingface.co/datasets/mueller91/In-The-Wild
/data/mighty-morphing/audio/public/in_the_wild/release_in_the_wild/release_in_the_wild/34.wav,synthetic,in_the_wild,Alec Guinness,en,unknown_public_web,in_the_wild_tts,wav,,cc-by-sa-4.0,eval,,,https://huggingface.co/datasets/mueller91/In-The-Wild
/data/mighty-morphing/audio/public/in_the_wild/release_in_the_wild/release_in_the_wild/35.wav,synthetic,in_the_wild,Ayn Rand,en,unknown_public_web,in_the_wild_tts,wav,,cc-by-sa-4.0,eval,,,https://huggingface.co/datasets/mueller91/In-The-Wild
/data/mighty-morphing/audio/public/in_the_wild/release_in_the_wild/release_in_the_wild/36.wav,real,in_the_wild,Christopher Hitchens,en,,authentic_public_web,wav,,cc-by-sa-4.0,eval,,,https://huggingface.co/datasets/mueller91/In-The-Wild
/data/mighty-morphing/audio/public/in_the_wild/release_in_the_wild/release_in_the_wild/37.wav,real,in_the_wild,Ronald Reagan,en,,authentic_public_web,wav,,cc-by-sa-4.0,eval,,,https://huggingface.co/datasets/mueller91/In-The-Wild
/data/mighty-morphing/audio/public/in_the_wild/release_in_the_wild/release_in_the_wild/38.wav,real,in_the_wild,Barack Obama,en,,authentic_public_web,wav,,cc-by-sa-4.0,eval,,,https://huggingface.co/datasets/mueller91/In-The-Wild
/data/mighty-morphing/audio/public/in_the_wild/release_in_the_wild/release_in_the_wild/39.wav,real,in_the_wild,Christopher Hitchens,en,,authentic_public_web,wav,,cc-by-sa-4.0,eval,,,https://huggingface.co/datasets/mueller91/In-The-Wild
/data/mighty-morphing/audio/public/in_the_wild/release_in_the_wild/release_in_the_wild/40.wav,synthetic,in_the_wild,Christopher Hitchens,en,unknown_public_web,in_the_wild_tts,wav,,cc-by-sa-4.0,eval,,,https://huggingface.co/datasets/mueller91/In-The-Wild
/data/mighty-morphing/audio/public/in_the_wild/release_in_the_wild/release_in_the_wild/41.wav,synthetic,in_the_wild,Donald Trump,en,unknown_public_web,in_the_wild_tts,wav,,cc-by-sa-4.0,eval,,,https://huggingface.co/datasets/mueller91/In-The-Wild
/data/mighty-morphing/audio/public/in_the_wild/release_in_the_wild/release_in_the_wild/42.wav,synthetic,in_the_wild,Bernie Sanders,en,unknown_public_web,in_the_wild_tts,wav,,cc-by-sa-4.0,eval,,,https://huggingface.co/datasets/mueller91/In-The-Wild
/data/mighty-morphing/audio/public/in_the_wild/release_in_the_wild/release_in_the_wild/43.wav,synthetic,in_the_wild,Ayn Rand,en,unknown_public_web,in_the_wild_tts,wav,,cc-by-sa-4.0,eval,,,https://huggingface.co/datasets/mueller91/In-The-Wild
/data/mighty-morphing/audio/public/in_the_wild/release_in_the_wild/release_in_the_wild/44.wav,real,in_the_wild,Bernie Sanders,en,,authentic_public_web,wav,,cc-by-sa-4.0,eval,,,https://huggingface.co/datasets/mueller91/In-The-Wild
/data/mighty-morphing/audio/public/in_the_wild/release_in_the_wild/release_in_the_wild/45.wav,real,in_the_wild,Mark Zuckerberg,en,,authentic_public_web,wav,,cc-by-sa-4.0,eval,,,https://huggingface.co/datasets/mueller91/In-The-Wild
/data/mighty-morphing/audio/public/in_the_wild/release_in_the_wild/release_in_the_wild/46.wav,real,in_the_wild,Alec Guinness,en,,authentic_public_web,wav,,cc-by-sa-4.0,eval,,,https://huggingface.co/datasets/mueller91/In-The-Wild
/data/mighty-morphing/audio/public/in_the_wild/release_in_the_wild/release_in_the_wild/47.wav,synthetic,in_the_wild,Alec Guinness,en,unknown_public_web,in_the_wild_tts,wav,,cc-by-sa-4.0,eval,,,https://huggingface.co/datasets/mueller91/In-The-Wild
/data/mighty-morphing/audio/public/in_the_wild/release_in_the_wild/release_in_the_wild/48.wav,real,in_the_wild,Richard Nixon,en,,authentic_public_web,wav,,cc-by-sa-4.0,eval,,,https://huggingface.co/datasets/mueller91/In-The-Wild
/data/mighty-morphing/audio/public/in_the_wild/release_in_the_wild/release_in_the_wild/49.wav,real,in_the_wild,Barack Obama,en,,authentic_public_web,wav,,cc-by-sa-4.0,eval,,,https://huggingface.co/datasets/mueller91/In-The-Wild
/data/mighty-morphing/audio/public/in_the_wild/release_in_the_wild/release_in_the_wild/50.wav,synthetic,in_the_wild,George W. Bush,en,unknown_public_web,in_the_wild_tts,wav,,cc-by-sa-4.0,eval,,,https://huggingface.co/datasets/mueller91/In-The-Wild
/data/mighty-morphing/audio/public/in_the_wild/release_in_the_wild/release_in_the_wild/51.wav,real,in_the_wild,Dave Chappelle,en,,authentic_public_web,wav,,cc-by-sa-4.0,eval,,,https://huggingface.co/datasets/mueller91/In-The-Wild
/data/mighty-morphing/audio/public/in_the_wild/release_in_the_wild/release_in_the_wild/52.wav,real,in_the_wild,Bernie Sanders,en,,authentic_public_web,wav,,cc-by-sa-4.0,eval,,,https://huggingface.co/datasets/mueller91/In-The-Wild
/data/mighty-morphing/audio/public/in_the_wild/release_in_the_wild/release_in_the_wild/53.wav,real,in_the_wild,Boris Johnson,en,,authentic_public_web,wav,,cc-by-sa-4.0,eval,,,https://huggingface.co/datasets/mueller91/In-The-Wild
/data/mighty-morphing/audio/public/in_the_wild/release_in_the_wild/release_in_the_wild/54.wav,real,in_the_wild,Martin Luther King,en,,authentic_public_web,wav,,cc-by-sa-4.0,eval,,,https://huggingface.co/datasets/mueller91/In-The-Wild
/data/mighty-morphing/audio/public/in_the_wild/release_in_the_wild/release_in_the_wild/55.wav,real,in_the_wild,Bill Clinton,en,,authentic_public_web,wav,,cc-by-sa-4.0,eval,,,https://huggingface.co/datasets/mueller91/In-The-Wild
/data/mighty-morphing/audio/public/in_the_wild/release_in_the_wild/release_in_the_wild/56.wav,real,in_the_wild,JFK,en,,authentic_public_web,wav,,cc-by-sa-4.0,eval,,,https://huggingface.co/datasets/mueller91/In-The-Wild
/data/mighty-morphing/audio/public/in_the_wild/release_in_the_wild/release_in_the_wild/57.wav,synthetic,in_the_wild,Alan Watts,en,unknown_public_web,in_the_wild_tts,wav,,cc-by-sa-4.0,eval,,,https://huggingface.co/datasets/mueller91/In-The-Wild
/data/mighty-morphing/audio/public/in_the_wild/release_in_the_wild/release_in_the_wild/58.wav,real,in_the_wild,Mark Zuckerberg,en,,authentic_public_web,wav,,cc-by-sa-4.0,eval,,,https://huggingface.co/datasets/mueller91/In-The-Wild
/data/mighty-morphing/audio/public/in_the_wild/release_in_the_wild/release_in_the_wild/59.wav,synthetic,in_the_wild,Louis C.K.,en,unknown_public_web,in_the_wild_tts,wav,,cc-by-sa-4.0,eval,,,https://huggingface.co/datasets/mueller91/In-The-Wild
/data/mighty-morphing/audio/public/in_the_wild/release_in_the_wild/release_in_the_wild/60.wav,synthetic,in_the_wild,The Notorious B.I.G.,en,unknown_public_web,in_the_wild_tts,wav,,cc-by-sa-4.0,eval,,,https://huggingface.co/datasets/mueller91/In-The-Wild
/data/mighty-morphing/audio/public/in_the_wild/release_in_the_wild/release_in_the_wild/61.wav,synthetic,in_the_wild,Alec Guinness,en,unknown_public_web,in_the_wild_tts,wav,,cc-by-sa-4.0,eval,,,https://huggingface.co/datasets/mueller91/In-The-Wild
/data/mighty-morphing/audio/public/in_the_wild/release_in_the_wild/release_in_the_wild/62.wav,synthetic,in_the_wild,Ronald Reagan,en,unknown_public_web,in_the_wild_tts,wav,,cc-by-sa-4.0,eval,,,https://huggingface.co/datasets/mueller91/In-The-Wild
/data/mighty-morphing/audio/public/in_the_wild/release_in_the_wild/release_in_the_wild/63.wav,synthetic,in_the_wild,Ayn Rand,en,unknown_public_web,in_the_wild_tts,wav,,cc-by-sa-4.0,eval,,,https://huggingface.co/datasets/mueller91/In-The-Wild
/data/mighty-morphing/audio/public/in_the_wild/release_in_the_wild/release_in_the_wild/64.wav,real,in_the_wild,Ayn Rand,en,,authentic_public_web,wav,,cc-by-sa-4.0,eval,,,https://huggingface.co/datasets/mueller91/In-The-Wild
/data/mighty-morphing/audio/public/in_the_wild/release_in_the_wild/release_in_the_wild/65.wav,synthetic,in_the_wild,Mark Zuckerberg,en,unknown_public_web,in_the_wild_tts,wav,,cc-by-sa-4.0,eval,,,https://huggingface.co/datasets/mueller91/In-The-Wild
/data/mighty-morphing/audio/public/in_the_wild/release_in_the_wild/release_in_the_wild/66.wav,real,in_the_wild,Barack Obama,en,,authentic_public_web,wav,,cc-by-sa-4.0,eval,,,https://huggingface.co/datasets/mueller91/In-The-Wild
/data/mighty-morphing/audio/public/in_the_wild/release_in_the_wild/release_in_the_wild/67.wav,real,in_the_wild,Bernie Sanders,en,,authentic_public_web,wav,,cc-by-sa-4.0,eval,,,https://huggingface.co/datasets/mueller91/In-The-Wild
/data/mighty-morphing/audio/public/in_the_wild/release_in_the_wild/release_in_the_wild/68.wav,synthetic,in_the_wild,Bernie Sanders,en,unknown_public_web,in_the_wild_tts,wav,,cc-by-sa-4.0,eval,,,https://huggingface.co/datasets/mueller91/In-The-Wild
/data/mighty-morphing/audio/public/in_the_wild/release_in_the_wild/release_in_the_wild/69.wav,synthetic,in_the_wild,Bernie Sanders,en,unknown_public_web,in_the_wild_tts,wav,,cc-by-sa-4.0,eval,,,https://huggingface.co/datasets/mueller91/In-The-Wild
/data/mighty-morphing/audio/public/in_the_wild/release_in_the_wild/release_in_the_wild/70.wav,real,in_the_wild,Alan Watts,en,,authentic_public_web,wav,,cc-by-sa-4.0,eval,,,https://huggingface.co/datasets/mueller91/In-The-Wild
/data/mighty-morphing/audio/public/in_the_wild/release_in_the_wild/release_in_the_wild/71.wav,real,in_the_wild,Jimmy Carter,en,,authentic_public_web,wav,,cc-by-sa-4.0,eval,,,https://huggingface.co/datasets/mueller91/In-The-Wild
/data/mighty-morphing/audio/public/in_the_wild/release_in_the_wild/release_in_the_wild/72.wav,real,in_the_wild,Barack Obama,en,,authentic_public_web,wav,,cc-by-sa-4.0,eval,,,https://huggingface.co/datasets/mueller91/In-The-Wild
/data/mighty-morphing/audio/public/in_the_wild/release_in_the_wild/release_in_the_wild/73.wav,real,in_the_wild,Bill Clinton,en,,authentic_public_web,wav,,cc-by-sa-4.0,eval,,,https://huggingface.co/datasets/mueller91/In-The-Wild
/data/mighty-morphing/audio/public/in_the_wild/release_in_the_wild/release_in_the_wild/74.wav,real,in_the_wild,Christopher Hitchens,en,,authentic_public_web,wav,,cc-by-sa-4.0,eval,,,https://huggingface.co/datasets/mueller91/In-The-Wild
/data/mighty-morphing/audio/public/in_the_wild/release_in_the_wild/release_in_the_wild/75.wav,real,in_the_wild,Winston Churchill,en,,authentic_public_web,wav,,cc-by-sa-4.0,eval,,,https://huggingface.co/datasets/mueller91/In-The-Wild
/data/mighty-morphing/audio/public/in_the_wild/release_in_the_wild/release_in_the_wild/76.wav,synthetic,in_the_wild,Bill Clinton,en,unknown_public_web,in_the_wild_tts,wav,,cc-by-sa-4.0,eval,,,https://huggingface.co/datasets/mueller91/In-The-Wild
/data/mighty-morphing/audio/public/in_the_wild/release_in_the_wild/release_in_the_wild/77.wav,real,in_the_wild,Alec Guinness,en,,authentic_public_web,wav,,cc-by-sa-4.0,eval,,,https://huggingface.co/datasets/mueller91/In-The-Wild
/data/mighty-morphing/audio/public/in_the_wild/release_in_the_wild/release_in_the_wild/78.wav,real,in_the_wild,Dwight Eisenhower,en,,authentic_public_web,wav,,cc-by-sa-4.0,eval,,,https://huggingface.co/datasets/mueller91/In-The-Wild
/data/mighty-morphing/audio/public/in_the_wild/release_in_the_wild/release_in_the_wild/79.wav,synthetic,in_the_wild,2Pac,en,unknown_public_web,in_the_wild_tts,wav,,cc-by-sa-4.0,eval,,,https://huggingface.co/datasets/mueller91/In-The-Wild
/data/mighty-morphing/audio/public/in_the_wild/release_in_the_wild/release_in_the_wild/80.wav,real,in_the_wild,Donald Trump,en,,authentic_public_web,wav,,cc-by-sa-4.0,eval,,,https://huggingface.co/datasets/mueller91/In-The-Wild
/data/mighty-morphing/audio/public/in_the_wild/release_in_the_wild/release_in_the_wild/81.wav,synthetic,in_the_wild,Bernie Sanders,en,unknown_public_web,in_the_wild_tts,wav,,cc-by-sa-4.0,eval,,,https://huggingface.co/datasets/mueller91/In-The-Wild
/data/mighty-morphing/audio/public/in_the_wild/release_in_the_wild/release_in_the_wild/82.wav,real,in_the_wild,Alec Guinness,en,,authentic_public_web,wav,,cc-by-sa-4.0,eval,,,https://huggingface.co/datasets/mueller91/In-The-Wild
/data/mighty-morphing/audio/public/in_the_wild/release_in_the_wild/release_in_the_wild/83.wav,real,in_the_wild,Bill Clinton,en,,authentic_public_web,wav,,cc-by-sa-4.0,eval,,,https://huggingface.co/datasets/mueller91/In-The-Wild
/data/mighty-morphing/audio/public/in_the_wild/release_in_the_wild/release_in_the_wild/84.wav,real,in_the_wild,Bernie Sanders,en,,authentic_public_web,wav,,cc-by-sa-4.0,eval,,,https://huggingface.co/datasets/mueller91/In-The-Wild
/data/mighty-morphing/audio/public/in_the_wild/release_in_the_wild/release_in_the_wild/85.wav,real,in_the_wild,Bernie Sanders,en,,authentic_public_web,wav,,cc-by-sa-4.0,eval,,,https://huggingface.co/datasets/mueller91/In-The-Wild
/data/mighty-morphing/audio/public/in_the_wild/release_in_the_wild/release_in_the_wild/86.wav,real,in_the_wild,Alec Guinness,en,,authentic_public_web,wav,,cc-by-sa-4.0,eval,,,https://huggingface.co/datasets/mueller91/In-The-Wild
/data/mighty-morphing/audio/public/in_the_wild/release_in_the_wild/release_in_the_wild/87.wav,real,in_the_wild,Alec Guinness,en,,authentic_public_web,wav,,cc-by-sa-4.0,eval,,,https://huggingface.co/datasets/mueller91/In-The-Wild
/data/mighty-morphing/audio/public/in_the_wild/release_in_the_wild/release_in_the_wild/88.wav,real,in_the_wild,Ronald Reagan,en,,authentic_public_web,wav,,cc-by-sa-4.0,eval,,,https://huggingface.co/datasets/mueller91/In-The-Wild
/data/mighty-morphing/audio/public/in_the_wild/release_in_the_wild/release_in_the_wild/89.wav,real,in_the_wild,Barack Obama,en,,authentic_public_web,wav,,cc-by-sa-4.0,eval,,,https://huggingface.co/datasets/mueller91/In-The-Wild
/data/mighty-morphing/audio/public/in_the_wild/release_in_the_wild/release_in_the_wild/90.wav,real,in_the_wild,Donald Trump,en,,authentic_public_web,wav,,cc-by-sa-4.0,eval,,,https://huggingface.co/datasets/mueller91/In-The-Wild
/data/mighty-morphing/audio/public/in_the_wild/release_in_the_wild/release_in_the_wild/91.wav,synthetic,in_the_wild,Bill Clinton,en,unknown_public_web,in_the_wild_tts,wav,,cc-by-sa-4.0,eval,,,https://huggingface.co/datasets/mueller91/In-The-Wild
/data/mighty-morphing/audio/public/in_the_wild/release_in_the_wild/release_in_the_wild/92.wav,synthetic,in_the_wild,Mitch Hedberg,en,unknown_public_web,in_the_wild_tts,wav,,cc-by-sa-4.0,eval,,,https://huggingface.co/datasets/mueller91/In-The-Wild
/data/mighty-morphing/audio/public/in_the_wild/release_in_the_wild/release_in_the_wild/93.wav,real,in_the_wild,Ayn Rand,en,,authentic_public_web,wav,,cc-by-sa-4.0,eval,,,https://huggingface.co/datasets/mueller91/In-The-Wild
/data/mighty-morphing/audio/public/in_the_wild/release_in_the_wild/release_in_the_wild/94.wav,real,in_the_wild,Barack Obama,en,,authentic_public_web,wav,,cc-by-sa-4.0,eval,,,https://huggingface.co/datasets/mueller91/In-The-Wild
/data/mighty-morphing/audio/public/in_the_wild/release_in_the_wild/release_in_the_wild/95.wav,real,in_the_wild,Bill Clinton,en,,authentic_public_web,wav,,cc-by-sa-4.0,eval,,,https://huggingface.co/datasets/mueller91/In-The-Wild
/data/mighty-morphing/audio/public/in_the_wild/release_in_the_wild/release_in_the_wild/96.wav,real,in_the_wild,Alec Guinness,en,,authentic_public_web,wav,,cc-by-sa-4.0,eval,,,https://huggingface.co/datasets/mueller91/In-The-Wild
/data/mighty-morphing/audio/public/in_the_wild/release_in_the_wild/release_in_the_wild/97.wav,real,in_the_wild,Barack Obama,en,,authentic_public_web,wav,,cc-by-sa-4.0,eval,,,https://huggingface.co/datasets/mueller91/In-The-Wild
/data/mighty-morphing/audio/public/in_the_wild/release_in_the_wild/release_in_the_wild/98.wav,real,in_the_wild,Bernie Sanders,en,,authentic_public_web,wav,,cc-by-sa-4.0,eval,,,https://huggingface.co/datasets/mueller91/In-The-Wild
/data/mighty-morphing/audio/public/in_the_wild/release_in_the_wild/release_in_the_wild/99.wav,real,in_the_wild,Bill Burr,en,,authentic_public_web,wav,,cc-by-sa-4.0,eval,,,https://huggingface.co/datasets/mueller91/In-The-Wild
/data/mighty-morphing/audio/public/in_the_wild/release_in_the_wild/release_in_the_wild/100.wav,real,in_the_wild,Alexandria Ocasio-Cortez,en,,authentic_public_web,wav,,cc-by-sa-4.0,eval,,,https://huggingface.co/datasets/mueller91/In-The-Wild
/data/mighty-morphing/audio/public/in_the_wild/release_in_the_wild/release_in_the_wild/101.wav,synthetic,in_the_wild,Christopher Hitchens,en,unknown_public_web,in_the_wild_tts,wav,,cc-by-sa-4.0,eval,,,https://huggingface.co/datasets/mueller91/In-The-Wild
/data/mighty-morphing/audio/public/in_the_wild/release_in_the_wild/release_in_the_wild/102.wav,real,in_the_wild,Milton Friedman,en,,authentic_public_web,wav,,cc-by-sa-4.0,eval,,,https://huggingface.co/datasets/mueller91/In-The-Wild
/data/mighty-morphing/audio/public/in_the_wild/release_in_the_wild/release_in_the_wild/103.wav,synthetic,in_the_wild,Bernie Sanders,en,unknown_public_web,in_the_wild_tts,wav,,cc-by-sa-4.0,eval,,,https://huggingface.co/datasets/mueller91/In-The-Wild
/data/mighty-morphing/audio/public/in_the_wild/release_in_the_wild/release_in_the_wild/104.wav,real,in_the_wild,Bernie Sanders,en,,authentic_public_web,wav,,cc-by-sa-4.0,eval,,,https://huggingface.co/datasets/mueller91/In-The-Wild
/data/mighty-morphing/audio/public/in_the_wild/release_in_the_wild/release_in_the_wild/105.wav,real,in_the_wild,Christopher Hitchens,en,,authentic_public_web,wav,,cc-by-sa-4.0,eval,,,https://huggingface.co/datasets/mueller91/In-The-Wild
/data/mighty-morphing/audio/public/in_the_wild/release_in_the_wild/release_in_the_wild/106.wav,real,in_the_wild,FDR,en,,authentic_public_web,wav,,cc-by-sa-4.0,eval,,,https://huggingface.co/datasets/mueller91/In-The-Wild
/data/mighty-morphing/audio/public/in_the_wild/release_in_the_wild/release_in_the_wild/107.wav,synthetic,in_the_wild,Alec Guinness,en,unknown_public_web,in_the_wild_tts,wav,,cc-by-sa-4.0,eval,,,https://huggingface.co/datasets/mueller91/In-The-Wild
/data/mighty-morphing/audio/public/in_the_wild/release_in_the_wild/release_in_the_wild/108.wav,real,in_the_wild,Donald Trump,en,,authentic_public_web,wav,,cc-by-sa-4.0,eval,,,https://huggingface.co/datasets/mueller91/In-The-Wild
/data/mighty-morphing/audio/public/in_the_wild/release_in_the_wild/release_in_the_wild/109.wav,real,in_the_wild,Arnold Schwarzenegger,en,,authentic_public_web,wav,,cc-by-sa-4.0,eval,,,https://huggingface.co/datasets/mueller91/In-The-Wild
/data/mighty-morphing/audio/public/in_the_wild/release_in_the_wild/release_in_the_wild/110.wav,synthetic,in_the_wild,Milton Friedman,en,unknown_public_web,in_the_wild_tts,wav,,cc-by-sa-4.0,eval,,,https://huggingface.co/datasets/mueller91/In-The-Wild
/data/mighty-morphing/audio/public/in_the_wild/release_in_the_wild/release_in_the_wild/111.wav,real,in_the_wild,Barack Obama,en,,authentic_public_web,wav,,cc-by-sa-4.0,eval,,,https://huggingface.co/datasets/mueller91/In-The-Wild
/data/mighty-morphing/audio/public/in_the_wild/release_in_the_wild/release_in_the_wild/112.wav,real,in_the_wild,Barack Obama,en,,authentic_public_web,wav,,cc-by-sa-4.0,eval,,,https://huggingface.co/datasets/mueller91/In-The-Wild
/data/mighty-morphing/audio/public/in_the_wild/release_in_the_wild/release_in_the_wild/113.wav,real,in_the_wild,Donald Trump,en,,authentic_public_web,wav,,cc-by-sa-4.0,eval,,,https://huggingface.co/datasets/mueller91/In-The-Wild
/data/mighty-morphing/audio/public/in_the_wild/release_in_the_wild/release_in_the_wild/114.wav,synthetic,in_the_wild,Ayn Rand,en,unknown_public_web,in_the_wild_tts,wav,,cc-by-sa-4.0,eval,,,https://huggingface.co/datasets/mueller91/In-The-Wild
/data/mighty-morphing/audio/public/in_the_wild/release_in_the_wild/release_in_the_wild/115.wav,real,in_the_wild,Bill Clinton,en,,authentic_public_web,wav,,cc-by-sa-4.0,eval,,,https://huggingface.co/datasets/mueller91/In-The-Wild
/data/mighty-morphing/audio/public/in_the_wild/release_in_the_wild/release_in_the_wild/116.wav,synthetic,in_the_wild,FDR,en,unknown_public_web,in_the_wild_tts,wav,,cc-by-sa-4.0,eval,,,https://huggingface.co/datasets/mueller91/In-The-Wild
/data/mighty-morphing/audio/public/in_the_wild/release_in_the_wild/release_in_the_wild/117.wav,synthetic,in_the_wild,Alan Watts,en,unknown_public_web,in_the_wild_tts,wav,,cc-by-sa-4.0,eval,,,https://huggingface.co/datasets/mueller91/In-The-Wild
/data/mighty-morphing/audio/public/in_the_wild/release_in_the_wild/release_in_the_wild/118.wav,synthetic,in_the_wild,Bernie Sanders,en,unknown_public_web,in_the_wild_tts,wav,,cc-by-sa-4.0,eval,,,https://huggingface.co/datasets/mueller91/In-The-Wild
/data/mighty-morphing/audio/public/in_the_wild/release_in_the_wild/release_in_the_wild/119.wav,real,in_the_wild,Barack Obama,en,,authentic_public_web,wav,,cc-by-sa-4.0,eval,,,https://huggingface.co/datasets/mueller91/In-The-Wild
/data/mighty-morphing/audio/public/in_the_wild/release_in_the_wild/release_in_the_wild/120.wav,real,in_the_wild,Barack Obama,en,,authentic_public_web,wav,,cc-by-sa-4.0,eval,,,https://huggingface.co/datasets/mueller91/In-The-Wild
/data/mighty-morphing/audio/public/in_the_wild/release_in_the_wild/release_in_the_wild/121.wav,real,in_the_wild,Ayn Rand,en,,authentic_public_web,wav,,cc-by-sa-4.0,eval,,,https://huggingface.co/datasets/mueller91/In-The-Wild
/data/mighty-morphing/audio/public/in_the_wild/release_in_the_wild/release_in_the_wild/122.wav,synthetic,in_the_wild,FDR,en,unknown_public_web,in_the_wild_tts,wav,,cc-by-sa-4.0,eval,,,https://huggingface.co/datasets/mueller91/In-The-Wild
/data/mighty-morphing/audio/public/in_the_wild/release_in_the_wild/release_in_the_wild/123.wav,real,in_the_wild,Donald Trump,en,,authentic_public_web,wav,,cc-by-sa-4.0,eval,,,https://huggingface.co/datasets/mueller91/In-The-Wild
/data/mighty-morphing/audio/public/in_the_wild/release_in_the_wild/release_in_the_wild/124.wav,real,in_the_wild,Barack Obama,en,,authentic_public_web,wav,,cc-by-sa-4.0,eval,,,https://huggingface.co/datasets/mueller91/In-The-Wild
/data/mighty-morphing/audio/public/in_the_wild/release_in_the_wild/release_in_the_wild/125.wav,real,in_the_wild,Donald Trump,en,,authentic_public_web,wav,,cc-by-sa-4.0,eval,,,https://huggingface.co/datasets/mueller91/In-The-Wild
/data/mighty-morphing/audio/public/in_the_wild/release_in_the_wild/release_in_the_wild/126.wav,synthetic,in_the_wild,Mitch Hedberg,en,unknown_public_web,in_the_wild_tts,wav,,cc-by-sa-4.0,eval,,,https://huggingface.co/datasets/mueller91/In-The-Wild
/data/mighty-morphing/audio/public/in_the_wild/release_in_the_wild/release_in_the_wild/127.wav,synthetic,in_the_wild,George W. Bush,en,unknown_public_web,in_the_wild_tts,wav,,cc-by-sa-4.0,eval,,,https://huggingface.co/datasets/mueller91/In-The-Wild
/data/mighty-morphing/audio/public/in_the_wild/release_in_the_wild/release_in_the_wild/128.wav,synthetic,in_the_wild,Alan Watts,en,unknown_public_web,in_the_wild_tts,wav,,cc-by-sa-4.0,eval,,,https://huggingface.co/datasets/mueller91/In-The-Wild
/data/mighty-morphing/audio/public/in_the_wild/release_in_the_wild/release_in_the_wild/129.wav,real,in_the_wild,Milton Friedman,en,,authentic_public_web,wav,,cc-by-sa-4.0,eval,,,https://huggingface.co/datasets/mueller91/In-The-Wild
/data/mighty-morphing/audio/public/in_the_wild/release_in_the_wild/release_in_the_wild/130.wav,real,in_the_wild,Bernie Sanders,en,,authentic_public_web,wav,,cc-by-sa-4.0,eval,,,https://huggingface.co/datasets/mueller91/In-The-Wild
/data/mighty-morphing/audio/public/in_the_wild/release_in_the_wild/release_in_the_wild/131.wav,real,in_the_wild,Bill Clinton,en,,authentic_public_web,wav,,cc-by-sa-4.0,eval,,,https://huggingface.co/datasets/mueller91/In-The-Wild
/data/mighty-morphing/audio/public/in_the_wild/release_in_the_wild/release_in_the_wild/132.wav,synthetic,in_the_wild,JFK,en,unknown_public_web,in_the_wild_tts,wav,,cc-by-sa-4.0,eval,,,https://huggingface.co/datasets/mueller91/In-The-Wild
/data/mighty-morphing/audio/public/in_the_wild/release_in_the_wild/release_in_the_wild/133.wav,real,in_the_wild,Barack Obama,en,,authentic_public_web,wav,,cc-by-sa-4.0,eval,,,https://huggingface.co/datasets/mueller91/In-The-Wild
/data/mighty-morphing/audio/public/in_the_wild/release_in_the_wild/release_in_the_wild/134.wav,real,in_the_wild,Donald Trump,en,,authentic_public_web,wav,,cc-by-sa-4.0,eval,,,https://huggingface.co/datasets/mueller91/In-The-Wild
/data/mighty-morphing/audio/public/in_the_wild/release_in_the_wild/release_in_the_wild/135.wav,synthetic,in_the_wild,Bernie Sanders,en,unknown_public_web,in_the_wild_tts,wav,,cc-by-sa-4.0,eval,,,https://huggingface.co/datasets/mueller91/In-The-Wild
/data/mighty-morphing/audio/public/in_the_wild/release_in_the_wild/release_in_the_wild/136.wav,synthetic,in_the_wild,Alec Guinness,en,unknown_public_web,in_the_wild_tts,wav,,cc-by-sa-4.0,eval,,,https://huggingface.co/datasets/mueller91/In-The-Wild
/data/mighty-morphing/audio/public/in_the_wild/release_in_the_wild/release_in_the_wild/137.wav,real,in_the_wild,Bill Clinton,en,,authentic_public_web,wav,,cc-by-sa-4.0,eval,,,https://huggingface.co/datasets/mueller91/In-The-Wild
/data/mighty-morphing/audio/public/in_the_wild/release_in_the_wild/release_in_the_wild/138.wav,synthetic,in_the_wild,Donald Trump,en,unknown_public_web,in_the_wild_tts,wav,,cc-by-sa-4.0,eval,,,https://huggingface.co/datasets/mueller91/In-The-Wild
/data/mighty-morphing/audio/public/in_the_wild/release_in_the_wild/release_in_the_wild/139.wav,synthetic,in_the_wild,Bernie Sanders,en,unknown_public_web,in_the_wild_tts,wav,,cc-by-sa-4.0,eval,,,https://huggingface.co/datasets/mueller91/In-The-Wild
/data/mighty-morphing/audio/public/in_the_wild/release_in_the_wild/release_in_the_wild/140.wav,real,in_the_wild,Alec Guinness,en,,authentic_public_web,wav,,cc-by-sa-4.0,eval,,,https://huggingface.co/datasets/mueller91/In-The-Wild
/data/mighty-morphing/audio/public/in_the_wild/release_in_the_wild/release_in_the_wild/141.wav,real,in_the_wild,Mark Zuckerberg,en,,authentic_public_web,wav,,cc-by-sa-4.0,eval,,,https://huggingface.co/datasets/mueller91/In-The-Wild
/data/mighty-morphing/audio/public/in_the_wild/release_in_the_wild/release_in_the_wild/142.wav,real,in_the_wild,Mark Zuckerberg,en,,authentic_public_web,wav,,cc-by-sa-4.0,eval,,,https://huggingface.co/datasets/mueller91/In-The-Wild
/data/mighty-morphing/audio/public/in_the_wild/release_in_the_wild/release_in_the_wild/143.wav,real,in_the_wild,Ayn Rand,en,,authentic_public_web,wav,,cc-by-sa-4.0,eval,,,https://huggingface.co/datasets/mueller91/In-The-Wild
/data/mighty-morphing/audio/public/in_the_wild/release_in_the_wild/release_in_the_wild/144.wav,synthetic,in_the_wild,Queen Elizabeth II,en,unknown_public_web,in_the_wild_tts,wav,,cc-by-sa-4.0,eval,,,https://huggingface.co/datasets/mueller91/In-The-Wild
/data/mighty-morphing/audio/public/in_the_wild/release_in_the_wild/release_in_the_wild/145.wav,real,in_the_wild,Barack Obama,en,,authentic_public_web,wav,,cc-by-sa-4.0,eval,,,https://huggingface.co/datasets/mueller91/In-The-Wild
/data/mighty-morphing/audio/public/in_the_wild/release_in_the_wild/release_in_the_wild/146.wav,synthetic,in_the_wild,The Notorious B.I.G.,en,unknown_public_web,in_the_wild_tts,wav,,cc-by-sa-4.0,eval,,,https://huggingface.co/datasets/mueller91/In-The-Wild
/data/mighty-morphing/audio/public/in_the_wild/release_in_the_wild/release_in_the_wild/147.wav,real,in_the_wild,Alec Guinness,en,,authentic_public_web,wav,,cc-by-sa-4.0,eval,,,https://huggingface.co/datasets/mueller91/In-The-Wild
/data/mighty-morphing/audio/public/in_the_wild/release_in_the_wild/release_in_the_wild/148.wav,synthetic,in_the_wild,Jerry Seinfeld,en,unknown_public_web,in_the_wild_tts,wav,,cc-by-sa-4.0,eval,,,https://huggingface.co/datasets/mueller91/In-The-Wild
/data/mighty-morphing/audio/public/in_the_wild/release_in_the_wild/release_in_the_wild/149.wav,real,in_the_wild,Martin Luther King,en,,authentic_public_web,wav,,cc-by-sa-4.0,eval,,,https://huggingface.co/datasets/mueller91/In-The-Wild
/data/mighty-morphing/audio/public/in_the_wild/release_in_the_wild/release_in_the_wild/150.wav,synthetic,in_the_wild,Queen Elizabeth II,en,unknown_public_web,in_the_wild_tts,wav,,cc-by-sa-4.0,eval,,,https://huggingface.co/datasets/mueller91/In-The-Wild
/data/mighty-morphing/audio/public/in_the_wild/release_in_the_wild/release_in_the_wild/151.wav,real,in_the_wild,Martin Luther King,en,,authentic_public_web,wav,,cc-by-sa-4.0,eval,,,https://huggingface.co/datasets/mueller91/In-The-Wild
/data/mighty-morphing/audio/public/in_the_wild/release_in_the_wild/release_in_the_wild/152.wav,real,in_the_wild,Christopher Hitchens,en,,authentic_public_web,wav,,cc-by-sa-4.0,eval,,,https://huggingface.co/datasets/mueller91/In-The-Wild
/data/mighty-morphing/audio/public/in_the_wild/release_in_the_wild/release_in_the_wild/153.wav,synthetic,in_the_wild,2Pac,en,unknown_public_web,in_the_wild_tts,wav,,cc-by-sa-4.0,eval,,,https://huggingface.co/datasets/mueller91/In-The-Wild
/data/mighty-morphing/audio/public/in_the_wild/release_in_the_wild/release_in_the_wild/154.wav,real,in_the_wild,Winston Churchill,en,,authentic_public_web,wav,,cc-by-sa-4.0,eval,,,https://huggingface.co/datasets/mueller91/In-The-Wild
/data/mighty-morphing/audio/public/in_the_wild/release_in_the_wild/release_in_the_wild/155.wav,synthetic,in_the_wild,Alec Guinness,en,unknown_public_web,in_the_wild_tts,wav,,cc-by-sa-4.0,eval,,,https://huggingface.co/datasets/mueller91/In-The-Wild
/data/mighty-morphing/audio/public/in_the_wild/release_in_the_wild/release_in_the_wild/156.wav,real,in_the_wild,Martin Luther King,en,,authentic_public_web,wav,,cc-by-sa-4.0,eval,,,https://huggingface.co/datasets/mueller91/In-The-Wild
/data/mighty-morphing/audio/public/in_the_wild/release_in_the_wild/release_in_the_wild/157.wav,real,in_the_wild,Bill Clinton,en,,authentic_public_web,wav,,cc-by-sa-4.0,eval,,,https://huggingface.co/datasets/mueller91/In-The-Wild
/data/mighty-morphing/audio/public/in_the_wild/release_in_the_wild/release_in_the_wild/158.wav,real,in_the_wild,Donald Trump,en,,authentic_public_web,wav,,cc-by-sa-4.0,eval,,,https://huggingface.co/datasets/mueller91/In-The-Wild
/data/mighty-morphing/audio/public/in_the_wild/release_in_the_wild/release_in_the_wild/159.wav,synthetic,in_the_wild,Bernie Sanders,en,unknown_public_web,in_the_wild_tts,wav,,cc-by-sa-4.0,eval,,,https://huggingface.co/datasets/mueller91/In-The-Wild
/data/mighty-morphing/audio/public/in_the_wild/release_in_the_wild/release_in_the_wild/160.wav,real,in_the_wild,Martin Luther King,en,,authentic_public_web,wav,,cc-by-sa-4.0,eval,,,https://huggingface.co/datasets/mueller91/In-The-Wild
/data/mighty-morphing/audio/public/in_the_wild/release_in_the_wild/release_in_the_wild/161.wav,real,in_the_wild,Donald Trump,en,,authentic_public_web,wav,,cc-by-sa-4.0,eval,,,https://huggingface.co/datasets/mueller91/In-The-Wild
/data/mighty-morphing/audio/public/in_the_wild/release_in_the_wild/release_in_the_wild/162.wav,real,in_the_wild,Donald Trump,en,,authentic_public_web,wav,,cc-by-sa-4.0,eval,,,https://huggingface.co/datasets/mueller91/In-The-Wild
/data/mighty-morphing/audio/public/in_the_wild/release_in_the_wild/release_in_the_wild/163.wav,synthetic,in_the_wild,Alec Guinness,en,unknown_public_web,in_the_wild_tts,wav,,cc-by-sa-4.0,eval,,,https://huggingface.co/datasets/mueller91/In-The-Wild
/data/mighty-morphing/audio/public/in_the_wild/release_in_the_wild/release_in_the_wild/164.wav,real,in_the_wild,Barack Obama,en,,authentic_public_web,wav,,cc-by-sa-4.0,eval,,,https://huggingface.co/datasets/mueller91/In-The-Wild
/data/mighty-morphing/audio/public/in_the_wild/release_in_the_wild/release_in_the_wild/165.wav,synthetic,in_the_wild,George W. Bush,en,unknown_public_web,in_the_wild_tts,wav,,cc-by-sa-4.0,eval,,,https://huggingface.co/datasets/mueller91/In-The-Wild
/data/mighty-morphing/audio/public/in_the_wild/release_in_the_wild/release_in_the_wild/166.wav,real,in_the_wild,Alec Guinness,en,,authentic_public_web,wav,,cc-by-sa-4.0,eval,,,https://huggingface.co/datasets/mueller91/In-The-Wild
/data/mighty-morphing/audio/public/in_the_wild/release_in_the_wild/release_in_the_wild/167.wav,real,in_the_wild,Ayn Rand,en,,authentic_public_web,wav,,cc-by-sa-4.0,eval,,,https://huggingface.co/datasets/mueller91/In-The-Wild
/data/mighty-morphing/audio/public/in_the_wild/release_in_the_wild/release_in_the_wild/168.wav,real,in_the_wild,Alec Guinness,en,,authentic_public_web,wav,,cc-by-sa-4.0,eval,,,https://huggingface.co/datasets/mueller91/In-The-Wild
/data/mighty-morphing/audio/public/in_the_wild/release_in_the_wild/release_in_the_wild/169.wav,real,in_the_wild,Ayn Rand,en,,authentic_public_web,wav,,cc-by-sa-4.0,eval,,,https://huggingface.co/datasets/mueller91/In-The-Wild
/data/mighty-morphing/audio/public/in_the_wild/release_in_the_wild/release_in_the_wild/170.wav,synthetic,in_the_wild,Tucker Carlson,en,unknown_public_web,in_the_wild_tts,wav,,cc-by-sa-4.0,eval,,,https://huggingface.co/datasets/mueller91/In-The-Wild
/data/mighty-morphing/audio/public/in_the_wild/release_in_the_wild/release_in_the_wild/171.wav,real,in_the_wild,Donald Trump,en,,authentic_public_web,wav,,cc-by-sa-4.0,eval,,,https://huggingface.co/datasets/mueller91/In-The-Wild
/data/mighty-morphing/audio/public/in_the_wild/release_in_the_wild/release_in_the_wild/172.wav,synthetic,in_the_wild,Ayn Rand,en,unknown_public_web,in_the_wild_tts,wav,,cc-by-sa-4.0,eval,,,https://huggingface.co/datasets/mueller91/In-The-Wild
/data/mighty-morphing/audio/public/in_the_wild/release_in_the_wild/release_in_the_wild/173.wav,real,in_the_wild,Christopher Hitchens,en,,authentic_public_web,wav,,cc-by-sa-4.0,eval,,,https://huggingface.co/datasets/mueller91/In-The-Wild
/data/mighty-morphing/audio/public/in_the_wild/release_in_the_wild/release_in_the_wild/174.wav,synthetic,in_the_wild,Alec Guinness,en,unknown_public_web,in_the_wild_tts,wav,,cc-by-sa-4.0,eval,,,https://huggingface.co/datasets/mueller91/In-The-Wild
/data/mighty-morphing/audio/public/in_the_wild/release_in_the_wild/release_in_the_wild/175.wav,synthetic,in_the_wild,Nelson Mandela,en,unknown_public_web,in_the_wild_tts,wav,,cc-by-sa-4.0,eval,,,https://huggingface.co/datasets/mueller91/In-The-Wild
/data/mighty-morphing/audio/public/in_the_wild/release_in_the_wild/release_in_the_wild/176.wav,real,in_the_wild,Barack Obama,en,,authentic_public_web,wav,,cc-by-sa-4.0,eval,,,https://huggingface.co/datasets/mueller91/In-The-Wild
/data/mighty-morphing/audio/public/in_the_wild/release_in_the_wild/release_in_the_wild/177.wav,real,in_the_wild,JFK,en,,authentic_public_web,wav,,cc-by-sa-4.0,eval,,,https://huggingface.co/datasets/mueller91/In-The-Wild
/data/mighty-morphing/audio/public/in_the_wild/release_in_the_wild/release_in_the_wild/178.wav,real,in_the_wild,Ronald Reagan,en,,authentic_public_web,wav,,cc-by-sa-4.0,eval,,,https://huggingface.co/datasets/mueller91/In-The-Wild
/data/mighty-morphing/audio/public/in_the_wild/release_in_the_wild/release_in_the_wild/179.wav,synthetic,in_the_wild,Ayn Rand,en,unknown_public_web,in_the_wild_tts,wav,,cc-by-sa-4.0,eval,,,https://huggingface.co/datasets/mueller91/In-The-Wild
/data/mighty-morphing/audio/public/in_the_wild/release_in_the_wild/release_in_the_wild/180.wav,real,in_the_wild,Donald Trump,en,,authentic_public_web,wav,,cc-by-sa-4.0,eval,,,https://huggingface.co/datasets/mueller91/In-The-Wild
/data/mighty-morphing/audio/public/in_the_wild/release_in_the_wild/release_in_the_wild/181.wav,real,in_the_wild,Christopher Hitchens,en,,authentic_public_web,wav,,cc-by-sa-4.0,eval,,,https://huggingface.co/datasets/mueller91/In-The-Wild
/data/mighty-morphing/audio/public/in_the_wild/release_in_the_wild/release_in_the_wild/182.wav,synthetic,in_the_wild,Ayn Rand,en,unknown_public_web,in_the_wild_tts,wav,,cc-by-sa-4.0,eval,,,https://huggingface.co/datasets/mueller91/In-The-Wild
/data/mighty-morphing/audio/public/in_the_wild/release_in_the_wild/release_in_the_wild/183.wav,real,in_the_wild,Bernie Sanders,en,,authentic_public_web,wav,,cc-by-sa-4.0,eval,,,https://huggingface.co/datasets/mueller91/In-The-Wild
/data/mighty-morphing/audio/public/in_the_wild/release_in_the_wild/release_in_the_wild/184.wav,synthetic,in_the_wild,Barack Obama,en,unknown_public_web,in_the_wild_tts,wav,,cc-by-sa-4.0,eval,,,https://huggingface.co/datasets/mueller91/In-The-Wild
/data/mighty-morphing/audio/public/in_the_wild/release_in_the_wild/release_in_the_wild/185.wav,real,in_the_wild,Winston Churchill,en,,authentic_public_web,wav,,cc-by-sa-4.0,eval,,,https://huggingface.co/datasets/mueller91/In-The-Wild
/data/mighty-morphing/audio/public/in_the_wild/release_in_the_wild/release_in_the_wild/186.wav,synthetic,in_the_wild,Alec Guinness,en,unknown_public_web,in_the_wild_tts,wav,,cc-by-sa-4.0,eval,,,https://huggingface.co/datasets/mueller91/In-The-Wild
/data/mighty-morphing/audio/public/in_the_wild/release_in_the_wild/release_in_the_wild/187.wav,real,in_the_wild,Bernie Sanders,en,,authentic_public_web,wav,,cc-by-sa-4.0,eval,,,https://huggingface.co/datasets/mueller91/In-The-Wild
/data/mighty-morphing/audio/public/in_the_wild/release_in_the_wild/release_in_the_wild/188.wav,synthetic,in_the_wild,Milton Friedman,en,unknown_public_web,in_the_wild_tts,wav,,cc-by-sa-4.0,eval,,,https://huggingface.co/datasets/mueller91/In-The-Wild
/data/mighty-morphing/audio/public/in_the_wild/release_in_the_wild/release_in_the_wild/189.wav,real,in_the_wild,Bernie Sanders,en,,authentic_public_web,wav,,cc-by-sa-4.0,eval,,,https://huggingface.co/datasets/mueller91/In-The-Wild
/data/mighty-morphing/audio/public/in_the_wild/release_in_the_wild/release_in_the_wild/190.wav,synthetic,in_the_wild,Barack Obama,en,unknown_public_web,in_the_wild_tts,wav,,cc-by-sa-4.0,eval,,,https://huggingface.co/datasets/mueller91/In-The-Wild
/data/mighty-morphing/audio/public/in_the_wild/release_in_the_wild/release_in_the_wild/191.wav,synthetic,in_the_wild,Mark Zuckerberg,en,unknown_public_web,in_the_wild_tts,wav,,cc-by-sa-4.0,eval,,,https://huggingface.co/datasets/mueller91/In-The-Wild
/data/mighty-morphing/audio/public/in_the_wild/release_in_the_wild/release_in_the_wild/192.wav,real,in_the_wild,Winston Churchill,en,,authentic_public_web,wav,,cc-by-sa-4.0,eval,,,https://huggingface.co/datasets/mueller91/In-The-Wild
/data/mighty-morphing/audio/public/in_the_wild/release_in_the_wild/release_in_the_wild/193.wav,synthetic,in_the_wild,The Notorious B.I.G.,en,unknown_public_web,in_the_wild_tts,wav,,cc-by-sa-4.0,eval,,,https://huggingface.co/datasets/mueller91/In-The-Wild
/data/mighty-morphing/audio/public/in_the_wild/release_in_the_wild/release_in_the_wild/194.wav,real,in_the_wild,Bernie Sanders,en,,authentic_public_web,wav,,cc-by-sa-4.0,eval,,,https://huggingface.co/datasets/mueller91/In-The-Wild
/data/mighty-morphing/audio/public/in_the_wild/release_in_the_wild/release_in_the_wild/195.wav,real,in_the_wild,Barack Obama,en,,authentic_public_web,wav,,cc-by-sa-4.0,eval,,,https://huggingface.co/datasets/mueller91/In-The-Wild
/data/mighty-morphing/audio/public/in_the_wild/release_in_the_wild/release_in_the_wild/196.wav,real,in_the_wild,Bernie Sanders,en,,authentic_public_web,wav,,cc-by-sa-4.0,eval,,,https://huggingface.co/datasets/mueller91/In-The-Wild
/data/mighty-morphing/audio/public/in_the_wild/release_in_the_wild/release_in_the_wild/197.wav,real,in_the_wild,Barack Obama,en,,authentic_public_web,wav,,cc-by-sa-4.0,eval,,,https://huggingface.co/datasets/mueller91/In-The-Wild
/data/mighty-morphing/audio/public/in_the_wild/release_in_the_wild/release_in_the_wild/198.wav,real,in_the_wild,Bernie Sanders,en,,authentic_public_web,wav,,cc-by-sa-4.0,eval,,,https://huggingface.co/datasets/mueller91/In-The-Wild
/data/mighty-morphing/audio/public/in_the_wild/release_in_the_wild/release_in_the_wild/199.wav,real,in_the_wild,Barack Obama,en,,authentic_public_web,wav,,cc-by-sa-4.0,eval,,,https://huggingface.co/datasets/mueller91/In-The-Wild
/data/mighty-morphing/audio/public/in_the_wild/release_in_the_wild/release_in_the_wild/200.wav,real,in_the_wild,Donald Trump,en,,authentic_public_web,wav,,cc-by-sa-4.0,eval,,,https://huggingface.co/datasets/mueller91/In-The-Wild
/data/mighty-morphing/audio/public/in_the_wild/release_in_the_wild/release_in_the_wild/201.wav,real,in_the_wild,Donald Trump,en,,authentic_public_web,wav,,cc-by-sa-4.0,eval,,,https://huggingface.co/datasets/mueller91/In-The-Wild
/data/mighty-morphing/audio/public/in_the_wild/release_in_the_wild/release_in_the_wild/202.wav,real,in_the_wild,Ayn Rand,en,,authentic_public_web,wav,,cc-by-sa-4.0,eval,,,https://huggingface.co/datasets/mueller91/In-The-Wild
/data/mighty-morphing/audio/public/in_the_wild/release_in_the_wild/release_in_the_wild/203.wav,real,in_the_wild,Barack Obama,en,,authentic_public_web,wav,,cc-by-sa-4.0,eval,,,https://huggingface.co/datasets/mueller91/In-The-Wild
/data/mighty-morphing/audio/public/in_the_wild/release_in_the_wild/release_in_the_wild/204.wav,real,in_the_wild,Donald Trump,en,,authentic_public_web,wav,,cc-by-sa-4.0,eval,,,https://huggingface.co/datasets/mueller91/In-The-Wild
/data/mighty-morphing/audio/public/in_the_wild/release_in_the_wild/release_in_the_wild/205.wav,real,in_the_wild,Donald Trump,en,,authentic_public_web,wav,,cc-by-sa-4.0,eval,,,https://huggingface.co/datasets/mueller91/In-The-Wild
/data/mighty-morphing/audio/public/in_the_wild/release_in_the_wild/release_in_the_wild/206.wav,real,in_the_wild,Ayn Rand,en,,authentic_public_web,wav,,cc-by-sa-4.0,eval,,,https://huggingface.co/datasets/mueller91/In-The-Wild
/data/mighty-morphing/audio/public/in_the_wild/release_in_the_wild/release_in_the_wild/207.wav,synthetic,in_the_wild,Jerry Seinfeld,en,unknown_public_web,in_the_wild_tts,wav,,cc-by-sa-4.0,eval,,,https://huggingface.co/datasets/mueller91/In-The-Wild
/data/mighty-morphing/audio/public/in_the_wild/release_in_the_wild/release_in_the_wild/208.wav,real,in_the_wild,Bernie Sanders,en,,authentic_public_web,wav,,cc-by-sa-4.0,eval,,,https://huggingface.co/datasets/mueller91/In-The-Wild
/data/mighty-morphing/audio/public/in_the_wild/release_in_the_wild/release_in_the_wild/209.wav,synthetic,in_the_wild,Nelson Mandela,en,unknown_public_web,in_the_wild_tts,wav,,cc-by-sa-4.0,eval,,,https://huggingface.co/datasets/mueller91/In-The-Wild
/data/mighty-morphing/audio/public/in_the_wild/release_in_the_wild/release_in_the_wild/210.wav,real,in_the_wild,Alec Guinness,en,,authentic_public_web,wav,,cc-by-sa-4.0,eval,,,https://huggingface.co/datasets/mueller91/In-The-Wild
/data/mighty-morphing/audio/public/in_the_wild/release_in_the_wild/release_in_the_wild/211.wav,synthetic,in_the_wild,Ronald Reagan,en,unknown_public_web,in_the_wild_tts,wav,,cc-by-sa-4.0,eval,,,https://huggingface.co/datasets/mueller91/In-The-Wild
/data/mighty-morphing/audio/public/in_the_wild/release_in_the_wild/release_in_the_wild/212.wav,real,in_the_wild,Ronald Reagan,en,,authentic_public_web,wav,,cc-by-sa-4.0,eval,,,https://huggingface.co/datasets/mueller91/In-The-Wild
/data/mighty-morphing/audio/public/in_the_wild/release_in_the_wild/release_in_the_wild/213.wav,real,in_the_wild,FDR,en,,authentic_public_web,wav,,cc-by-sa-4.0,eval,,,https://huggingface.co/datasets/mueller91/In-The-Wild
/data/mighty-morphing/audio/public/in_the_wild/release_in_the_wild/release_in_the_wild/214.wav,synthetic,in_the_wild,George W. Bush,en,unknown_public_web,in_the_wild_tts,wav,,cc-by-sa-4.0,eval,,,https://huggingface.co/datasets/mueller91/In-The-Wild
/data/mighty-morphing/audio/public/in_the_wild/release_in_the_wild/release_in_the_wild/215.wav,synthetic,in_the_wild,Alec Guinness,en,unknown_public_web,in_the_wild_tts,wav,,cc-by-sa-4.0,eval,,,https://huggingface.co/datasets/mueller91/In-The-Wild
/data/mighty-morphing/audio/public/in_the_wild/release_in_the_wild/release_in_the_wild/216.wav,real,in_the_wild,Mark Zuckerberg,en,,authentic_public_web,wav,,cc-by-sa-4.0,eval,,,https://huggingface.co/datasets/mueller91/In-The-Wild
/data/mighty-morphing/audio/public/in_the_wild/release_in_the_wild/release_in_the_wild/217.wav,real,in_the_wild,Richard Nixon,en,,authentic_public_web,wav,,cc-by-sa-4.0,eval,,,https://huggingface.co/datasets/mueller91/In-The-Wild
/data/mighty-morphing/audio/public/in_the_wild/release_in_the_wild/release_in_the_wild/218.wav,real,in_the_wild,Donald Trump,en,,authentic_public_web,wav,,cc-by-sa-4.0,eval,,,https://huggingface.co/datasets/mueller91/In-The-Wild
/data/mighty-morphing/audio/public/in_the_wild/release_in_the_wild/release_in_the_wild/219.wav,real,in_the_wild,Donald Trump,en,,authentic_public_web,wav,,cc-by-sa-4.0,eval,,,https://huggingface.co/datasets/mueller91/In-The-Wild
/data/mighty-morphing/audio/public/in_the_wild/release_in_the_wild/release_in_the_wild/220.wav,real,in_the_wild,Ronald Reagan,en,,authentic_public_web,wav,,cc-by-sa-4.0,eval,,,https://huggingface.co/datasets/mueller91/In-The-Wild
/data/mighty-morphing/audio/public/in_the_wild/release_in_the_wild/release_in_the_wild/221.wav,real,in_the_wild,Richard Nixon,en,,authentic_public_web,wav,,cc-by-sa-4.0,eval,,,https://huggingface.co/datasets/mueller91/In-The-Wild
/data/mighty-morphing/audio/public/in_the_wild/release_in_the_wild/release_in_the_wild/222.wav,real,in_the_wild,Donald Trump,en,,authentic_public_web,wav,,cc-by-sa-4.0,eval,,,https://huggingface.co/datasets/mueller91/In-The-Wild
/data/mighty-morphing/audio/public/in_the_wild/release_in_the_wild/release_in_the_wild/223.wav,real,in_the_wild,Barack Obama,en,,authentic_public_web,wav,,cc-by-sa-4.0,eval,,,https://huggingface.co/datasets/mueller91/In-The-Wild
/data/mighty-morphing/audio/public/in_the_wild/release_in_the_wild/release_in_the_wild/224.wav,synthetic,in_the_wild,John Cleese,en,unknown_public_web,in_the_wild_tts,wav,,cc-by-sa-4.0,eval,,,https://huggingface.co/datasets/mueller91/In-The-Wild
/data/mighty-morphing/audio/public/in_the_wild/release_in_the_wild/release_in_the_wild/225.wav,synthetic,in_the_wild,Bill Clinton,en,unknown_public_web,in_the_wild_tts,wav,,cc-by-sa-4.0,eval,,,https://huggingface.co/datasets/mueller91/In-The-Wild
/data/mighty-morphing/audio/public/in_the_wild/release_in_the_wild/release_in_the_wild/226.wav,synthetic,in_the_wild,Nelson Mandela,en,unknown_public_web,in_the_wild_tts,wav,,cc-by-sa-4.0,eval,,,https://huggingface.co/datasets/mueller91/In-The-Wild
/data/mighty-morphing/audio/public/in_the_wild/release_in_the_wild/release_in_the_wild/227.wav,real,in_the_wild,Barack Obama,en,,authentic_public_web,wav,,cc-by-sa-4.0,eval,,,https://huggingface.co/datasets/mueller91/In-The-Wild
/data/mighty-morphing/audio/public/in_the_wild/release_in_the_wild/release_in_the_wild/228.wav,real,in_the_wild,Alec Guinness,en,,authentic_public_web,wav,,cc-by-sa-4.0,eval,,,https://huggingface.co/datasets/mueller91/In-The-Wild
/data/mighty-morphing/audio/public/in_the_wild/release_in_the_wild/release_in_the_wild/229.wav,synthetic,in_the_wild,The Notorious B.I.G.,en,unknown_public_web,in_the_wild_tts,wav,,cc-by-sa-4.0,eval,,,https://huggingface.co/datasets/mueller91/In-The-Wild
/data/mighty-morphing/audio/public/in_the_wild/release_in_the_wild/release_in_the_wild/230.wav,real,in_the_wild,Christopher Hitchens,en,,authentic_public_web,wav,,cc-by-sa-4.0,eval,,,https://huggingface.co/datasets/mueller91/In-The-Wild
/data/mighty-morphing/audio/public/in_the_wild/release_in_the_wild/release_in_the_wild/231.wav,synthetic,in_the_wild,Frank Sinatra,en,unknown_public_web,in_the_wild_tts,wav,,cc-by-sa-4.0,eval,,,https://huggingface.co/datasets/mueller91/In-The-Wild
/data/mighty-morphing/audio/public/in_the_wild/release_in_the_wild/release_in_the_wild/232.wav,real,in_the_wild,Alexandria Ocasio-Cortez,en,,authentic_public_web,wav,,cc-by-sa-4.0,eval,,,https://huggingface.co/datasets/mueller91/In-The-Wild
/data/mighty-morphing/audio/public/in_the_wild/release_in_the_wild/release_in_the_wild/233.wav,real,in_the_wild,Louis Farrakhan,en,,authentic_public_web,wav,,cc-by-sa-4.0,eval,,,https://huggingface.co/datasets/mueller91/In-The-Wild
/data/mighty-morphing/audio/public/in_the_wild/release_in_the_wild/release_in_the_wild/234.wav,real,in_the_wild,Winston Churchill,en,,authentic_public_web,wav,,cc-by-sa-4.0,eval,,,https://huggingface.co/datasets/mueller91/In-The-Wild
/data/mighty-morphing/audio/public/in_the_wild/release_in_the_wild/release_in_the_wild/235.wav,real,in_the_wild,Christopher Hitchens,en,,authentic_public_web,wav,,cc-by-sa-4.0,eval,,,https://huggingface.co/datasets/mueller91/In-The-Wild
/data/mighty-morphing/audio/public/in_the_wild/release_in_the_wild/release_in_the_wild/236.wav,synthetic,in_the_wild,Alec Guinness,en,unknown_public_web,in_the_wild_tts,wav,,cc-by-sa-4.0,eval,,,https://huggingface.co/datasets/mueller91/In-The-Wild
/data/mighty-morphing/audio/public/in_the_wild/release_in_the_wild/release_in_the_wild/237.wav,real,in_the_wild,Christopher Hitchens,en,,authentic_public_web,wav,,cc-by-sa-4.0,eval,,,https://huggingface.co/datasets/mueller91/In-The-Wild
/data/mighty-morphing/audio/public/in_the_wild/release_in_the_wild/release_in_the_wild/238.wav,real,in_the_wild,Bill Clinton,en,,authentic_public_web,wav,,cc-by-sa-4.0,eval,,,https://huggingface.co/datasets/mueller91/In-The-Wild
/data/mighty-morphing/audio/public/in_the_wild/release_in_the_wild/release_in_the_wild/239.wav,real,in_the_wild,Louis Farrakhan,en,,authentic_public_web,wav,,cc-by-sa-4.0,eval,,,https://huggingface.co/datasets/mueller91/In-The-Wild
/data/mighty-morphing/audio/public/in_the_wild/release_in_the_wild/release_in_the_wild/240.wav,real,in_the_wild,JFK,en,,authentic_public_web,wav,,cc-by-sa-4.0,eval,,,https://huggingface.co/datasets/mueller91/In-The-Wild
/data/mighty-morphing/audio/public/in_the_wild/release_in_the_wild/release_in_the_wild/241.wav,real,in_the_wild,Ronald Reagan,en,,authentic_public_web,wav,,cc-by-sa-4.0,eval,,,https://huggingface.co/datasets/mueller91/In-The-Wild
/data/mighty-morphing/audio/public/in_the_wild/release_in_the_wild/release_in_the_wild/242.wav,real,in_the_wild,Ayn Rand,en,,authentic_public_web,wav,,cc-by-sa-4.0,eval,,,https://huggingface.co/datasets/mueller91/In-The-Wild
/data/mighty-morphing/audio/public/in_the_wild/release_in_the_wild/release_in_the_wild/243.wav,real,in_the_wild,Donald Trump,en,,authentic_public_web,wav,,cc-by-sa-4.0,eval,,,https://huggingface.co/datasets/mueller91/In-The-Wild
/data/mighty-morphing/audio/public/in_the_wild/release_in_the_wild/release_in_the_wild/244.wav,real,in_the_wild,Barack Obama,en,,authentic_public_web,wav,,cc-by-sa-4.0,eval,,,https://huggingface.co/datasets/mueller91/In-The-Wild
/data/mighty-morphing/audio/public/in_the_wild/release_in_the_wild/release_in_the_wild/245.wav,real,in_the_wild,Ronald Reagan,en,,authentic_public_web,wav,,cc-by-sa-4.0,eval,,,https://huggingface.co/datasets/mueller91/In-The-Wild
/data/mighty-morphing/audio/public/in_the_wild/release_in_the_wild/release_in_the_wild/246.wav,synthetic,in_the_wild,Martin Luther King,en,unknown_public_web,in_the_wild_tts,wav,,cc-by-sa-4.0,eval,,,https://huggingface.co/datasets/mueller91/In-The-Wild
/data/mighty-morphing/audio/public/in_the_wild/release_in_the_wild/release_in_the_wild/247.wav,real,in_the_wild,Norm MacDonald,en,,authentic_public_web,wav,,cc-by-sa-4.0,eval,,,https://huggingface.co/datasets/mueller91/In-The-Wild
/data/mighty-morphing/audio/public/in_the_wild/release_in_the_wild/release_in_the_wild/248.wav,real,in_the_wild,Christopher Hitchens,en,,authentic_public_web,wav,,cc-by-sa-4.0,eval,,,https://huggingface.co/datasets/mueller91/In-The-Wild
/data/mighty-morphing/audio/public/in_the_wild/release_in_the_wild/release_in_the_wild/249.wav,real,in_the_wild,Alec Guinness,en,,authentic_public_web,wav,,cc-by-sa-4.0,eval,,,https://huggingface.co/datasets/mueller91/In-The-Wild
/data/mighty-morphing/audio/public/in_the_wild/release_in_the_wild/release_in_the_wild/250.wav,real,in_the_wild,Donald Trump,en,,authentic_public_web,wav,,cc-by-sa-4.0,eval,,,https://huggingface.co/datasets/mueller91/In-The-Wild
/data/mighty-morphing/audio/public/in_the_wild/release_in_the_wild/release_in_the_wild/251.wav,synthetic,in_the_wild,Barack Obama,en,unknown_public_web,in_the_wild_tts,wav,,cc-by-sa-4.0,eval,,,https://huggingface.co/datasets/mueller91/In-The-Wild
/data/mighty-morphing/audio/public/in_the_wild/release_in_the_wild/release_in_the_wild/252.wav,real,in_the_wild,Queen Elizabeth II,en,,authentic_public_web,wav,,cc-by-sa-4.0,eval,,,https://huggingface.co/datasets/mueller91/In-The-Wild
/data/mighty-morphing/audio/public/in_the_wild/release_in_the_wild/release_in_the_wild/253.wav,synthetic,in_the_wild,Alexandria Ocasio-Cortez,en,unknown_public_web,in_the_wild_tts,wav,,cc-by-sa-4.0,eval,,,https://huggingface.co/datasets/mueller91/In-The-Wild
/data/mighty-morphing/audio/public/in_the_wild/release_in_the_wild/release_in_the_wild/254.wav,real,in_the_wild,Bernie Sanders,en,,authentic_public_web,wav,,cc-by-sa-4.0,eval,,,https://huggingface.co/datasets/mueller91/In-The-Wild
/data/mighty-morphing/audio/public/in_the_wild/release_in_the_wild/release_in_the_wild/255.wav,real,in_the_wild,Alec Guinness,en,,authentic_public_web,wav,,cc-by-sa-4.0,eval,,,https://huggingface.co/datasets/mueller91/In-The-Wild
/data/mighty-morphing/audio/public/in_the_wild/release_in_the_wild/release_in_the_wild/256.wav,real,in_the_wild,Winston Churchill,en,,authentic_public_web,wav,,cc-by-sa-4.0,eval,,,https://huggingface.co/datasets/mueller91/In-The-Wild
/data/mighty-morphing/audio/public/in_the_wild/release_in_the_wild/release_in_the_wild/257.wav,synthetic,in_the_wild,Richard Nixon,en,unknown_public_web,in_the_wild_tts,wav,,cc-by-sa-4.0,eval,,,https://huggingface.co/datasets/mueller91/In-The-Wild
/data/mighty-morphing/audio/public/in_the_wild/release_in_the_wild/release_in_the_wild/258.wav,real,in_the_wild,Barack Obama,en,,authentic_public_web,wav,,cc-by-sa-4.0,eval,,,https://huggingface.co/datasets/mueller91/In-The-Wild
/data/mighty-morphing/audio/public/in_the_wild/release_in_the_wild/release_in_the_wild/259.wav,real,in_the_wild,Bernie Sanders,en,,authentic_public_web,wav,,cc-by-sa-4.0,eval,,,https://huggingface.co/datasets/mueller91/In-The-Wild
/data/mighty-morphing/audio/public/in_the_wild/release_in_the_wild/release_in_the_wild/260.wav,real,in_the_wild,Donald Trump,en,,authentic_public_web,wav,,cc-by-sa-4.0,eval,,,https://huggingface.co/datasets/mueller91/In-The-Wild
/data/mighty-morphing/audio/public/in_the_wild/release_in_the_wild/release_in_the_wild/261.wav,synthetic,in_the_wild,Alec Guinness,en,unknown_public_web,in_the_wild_tts,wav,,cc-by-sa-4.0,eval,,,https://huggingface.co/datasets/mueller91/In-The-Wild
/data/mighty-morphing/audio/public/in_the_wild/release_in_the_wild/release_in_the_wild/262.wav,real,in_the_wild,Arnold Schwarzenegger,en,,authentic_public_web,wav,,cc-by-sa-4.0,eval,,,https://huggingface.co/datasets/mueller91/In-The-Wild
/data/mighty-morphing/audio/public/in_the_wild/release_in_the_wild/release_in_the_wild/263.wav,real,in_the_wild,Ayn Rand,en,,authentic_public_web,wav,,cc-by-sa-4.0,eval,,,https://huggingface.co/datasets/mueller91/In-The-Wild
/data/mighty-morphing/audio/public/in_the_wild/release_in_the_wild/release_in_the_wild/264.wav,real,in_the_wild,Gilbert Gottfried,en,,authentic_public_web,wav,,cc-by-sa-4.0,eval,,,https://huggingface.co/datasets/mueller91/In-The-Wild
/data/mighty-morphing/audio/public/in_the_wild/release_in_the_wild/release_in_the_wild/265.wav,synthetic,in_the_wild,Alec Guinness,en,unknown_public_web,in_the_wild_tts,wav,,cc-by-sa-4.0,eval,,,https://huggingface.co/datasets/mueller91/In-The-Wild
/data/mighty-morphing/audio/public/in_the_wild/release_in_the_wild/release_in_the_wild/266.wav,real,in_the_wild,Bernie Sanders,en,,authentic_public_web,wav,,cc-by-sa-4.0,eval,,,https://huggingface.co/datasets/mueller91/In-The-Wild
/data/mighty-morphing/audio/public/in_the_wild/release_in_the_wild/release_in_the_wild/267.wav,synthetic,in_the_wild,Alec Guinness,en,unknown_public_web,in_the_wild_tts,wav,,cc-by-sa-4.0,eval,,,https://huggingface.co/datasets/mueller91/In-The-Wild
/data/mighty-morphing/audio/public/in_the_wild/release_in_the_wild/release_in_the_wild/268.wav,real,in_the_wild,Donald Trump,en,,authentic_public_web,wav,,cc-by-sa-4.0,eval,,,https://huggingface.co/datasets/mueller91/In-The-Wild
/data/mighty-morphing/audio/public/in_the_wild/release_in_the_wild/release_in_the_wild/269.wav,synthetic,in_the_wild,Ayn Rand,en,unknown_public_web,in_the_wild_tts,wav,,cc-by-sa-4.0,eval,,,https://huggingface.co/datasets/mueller91/In-The-Wild
/data/mighty-morphing/audio/public/in_the_wild/release_in_the_wild/release_in_the_wild/270.wav,synthetic,in_the_wild,Queen Elizabeth II,en,unknown_public_web,in_the_wild_tts,wav,,cc-by-sa-4.0,eval,,,https://huggingface.co/datasets/mueller91/In-The-Wild
/data/mighty-morphing/audio/public/in_the_wild/release_in_the_wild/release_in_the_wild/271.wav,synthetic,in_the_wild,Ronald Reagan,en,unknown_public_web,in_the_wild_tts,wav,,cc-by-sa-4.0,eval,,,https://huggingface.co/datasets/mueller91/In-The-Wild
/data/mighty-morphing/audio/public/in_the_wild/release_in_the_wild/release_in_the_wild/272.wav,real,in_the_wild,Barack Obama,en,,authentic_public_web,wav,,cc-by-sa-4.0,eval,,,https://huggingface.co/datasets/mueller91/In-The-Wild
/data/mighty-morphing/audio/public/in_the_wild/release_in_the_wild/release_in_the_wild/273.wav,synthetic,in_the_wild,Mark Zuckerberg,en,unknown_public_web,in_the_wild_tts,wav,,cc-by-sa-4.0,eval,,,https://huggingface.co/datasets/mueller91/In-The-Wild
/data/mighty-morphing/audio/public/in_the_wild/release_in_the_wild/release_in_the_wild/274.wav,real,in_the_wild,Bill Burr,en,,authentic_public_web,wav,,cc-by-sa-4.0,eval,,,https://huggingface.co/datasets/mueller91/In-The-Wild
/data/mighty-morphing/audio/public/in_the_wild/release_in_the_wild/release_in_the_wild/275.wav,synthetic,in_the_wild,Alec Guinness,en,unknown_public_web,in_the_wild_tts,wav,,cc-by-sa-4.0,eval,,,https://huggingface.co/datasets/mueller91/In-The-Wild
/data/mighty-morphing/audio/public/in_the_wild/release_in_the_wild/release_in_the_wild/276.wav,real,in_the_wild,Barack Obama,en,,authentic_public_web,wav,,cc-by-sa-4.0,eval,,,https://huggingface.co/datasets/mueller91/In-The-Wild
/data/mighty-morphing/audio/public/in_the_wild/release_in_the_wild/release_in_the_wild/277.wav,synthetic,in_the_wild,Ayn Rand,en,unknown_public_web,in_the_wild_tts,wav,,cc-by-sa-4.0,eval,,,https://huggingface.co/datasets/mueller91/In-The-Wild
/data/mighty-morphing/audio/public/in_the_wild/release_in_the_wild/release_in_the_wild/278.wav,synthetic,in_the_wild,Bill Clinton,en,unknown_public_web,in_the_wild_tts,wav,,cc-by-sa-4.0,eval,,,https://huggingface.co/datasets/mueller91/In-The-Wild
/data/mighty-morphing/audio/public/in_the_wild/release_in_the_wild/release_in_the_wild/279.wav,real,in_the_wild,Donald Trump,en,,authentic_public_web,wav,,cc-by-sa-4.0,eval,,,https://huggingface.co/datasets/mueller91/In-The-Wild
/data/mighty-morphing/audio/public/in_the_wild/release_in_the_wild/release_in_the_wild/280.wav,real,in_the_wild,Bernie Sanders,en,,authentic_public_web,wav,,cc-by-sa-4.0,eval,,,https://huggingface.co/datasets/mueller91/In-The-Wild
/data/mighty-morphing/audio/public/in_the_wild/release_in_the_wild/release_in_the_wild/281.wav,real,in_the_wild,Barack Obama,en,,authentic_public_web,wav,,cc-by-sa-4.0,eval,,,https://huggingface.co/datasets/mueller91/In-The-Wild
/data/mighty-morphing/audio/public/in_the_wild/release_in_the_wild/release_in_the_wild/282.wav,synthetic,in_the_wild,Ayn Rand,en,unknown_public_web,in_the_wild_tts,wav,,cc-by-sa-4.0,eval,,,https://huggingface.co/datasets/mueller91/In-The-Wild
/data/mighty-morphing/audio/public/in_the_wild/release_in_the_wild/release_in_the_wild/283.wav,synthetic,in_the_wild,John Cleese,en,unknown_public_web,in_the_wild_tts,wav,,cc-by-sa-4.0,eval,,,https://huggingface.co/datasets/mueller91/In-The-Wild
/data/mighty-morphing/audio/public/in_the_wild/release_in_the_wild/release_in_the_wild/284.wav,real,in_the_wild,Ayn Rand,en,,authentic_public_web,wav,,cc-by-sa-4.0,eval,,,https://huggingface.co/datasets/mueller91/In-The-Wild
/data/mighty-morphing/audio/public/in_the_wild/release_in_the_wild/release_in_the_wild/285.wav,synthetic,in_the_wild,Winston Churchill,en,unknown_public_web,in_the_wild_tts,wav,,cc-by-sa-4.0,eval,,,https://huggingface.co/datasets/mueller91/In-The-Wild
/data/mighty-morphing/audio/public/in_the_wild/release_in_the_wild/release_in_the_wild/286.wav,real,in_the_wild,George Carlin,en,,authentic_public_web,wav,,cc-by-sa-4.0,eval,,,https://huggingface.co/datasets/mueller91/In-The-Wild
/data/mighty-morphing/audio/public/in_the_wild/release_in_the_wild/release_in_the_wild/287.wav,synthetic,in_the_wild,Bill Clinton,en,unknown_public_web,in_the_wild_tts,wav,,cc-by-sa-4.0,eval,,,https://huggingface.co/datasets/mueller91/In-The-Wild
/data/mighty-morphing/audio/public/in_the_wild/release_in_the_wild/release_in_the_wild/288.wav,real,in_the_wild,Barack Obama,en,,authentic_public_web,wav,,cc-by-sa-4.0,eval,,,https://huggingface.co/datasets/mueller91/In-The-Wild
/data/mighty-morphing/audio/public/in_the_wild/release_in_the_wild/release_in_the_wild/289.wav,real,in_the_wild,Ayn Rand,en,,authentic_public_web,wav,,cc-by-sa-4.0,eval,,,https://huggingface.co/datasets/mueller91/In-The-Wild
/data/mighty-morphing/audio/public/in_the_wild/release_in_the_wild/release_in_the_wild/290.wav,real,in_the_wild,Donald Trump,en,,authentic_public_web,wav,,cc-by-sa-4.0,eval,,,https://huggingface.co/datasets/mueller91/In-The-Wild
/data/mighty-morphing/audio/public/in_the_wild/release_in_the_wild/release_in_the_wild/291.wav,real,in_the_wild,Winston Churchill,en,,authentic_public_web,wav,,cc-by-sa-4.0,eval,,,https://huggingface.co/datasets/mueller91/In-The-Wild
/data/mighty-morphing/audio/public/in_the_wild/release_in_the_wild/release_in_the_wild/292.wav,synthetic,in_the_wild,Bernie Sanders,en,unknown_public_web,in_the_wild_tts,wav,,cc-by-sa-4.0,eval,,,https://huggingface.co/datasets/mueller91/In-The-Wild
/data/mighty-morphing/audio/public/in_the_wild/release_in_the_wild/release_in_the_wild/293.wav,synthetic,in_the_wild,Bernie Sanders,en,unknown_public_web,in_the_wild_tts,wav,,cc-by-sa-4.0,eval,,,https://huggingface.co/datasets/mueller91/In-The-Wild
/data/mighty-morphing/audio/public/in_the_wild/release_in_the_wild/release_in_the_wild/294.wav,synthetic,in_the_wild,Bernie Sanders,en,unknown_public_web,in_the_wild_tts,wav,,cc-by-sa-4.0,eval,,,https://huggingface.co/datasets/mueller91/In-The-Wild
/data/mighty-morphing/audio/public/in_the_wild/release_in_the_wild/release_in_the_wild/295.wav,synthetic,in_the_wild,Dwight Eisenhower,en,unknown_public_web,in_the_wild_tts,wav,,cc-by-sa-4.0,eval,,,https://huggingface.co/datasets/mueller91/In-The-Wild
/data/mighty-morphing/audio/public/in_the_wild/release_in_the_wild/release_in_the_wild/296.wav,synthetic,in_the_wild,Alec Guinness,en,unknown_public_web,in_the_wild_tts,wav,,cc-by-sa-4.0,eval,,,https://huggingface.co/datasets/mueller91/In-The-Wild
/data/mighty-morphing/audio/public/in_the_wild/release_in_the_wild/release_in_the_wild/297.wav,synthetic,in_the_wild,Malcolm X,en,unknown_public_web,in_the_wild_tts,wav,,cc-by-sa-4.0,eval,,,https://huggingface.co/datasets/mueller91/In-The-Wild
/data/mighty-morphing/audio/public/in_the_wild/release_in_the_wild/release_in_the_wild/298.wav,real,in_the_wild,Ayn Rand,en,,authentic_public_web,wav,,cc-by-sa-4.0,eval,,,https://huggingface.co/datasets/mueller91/In-The-Wild
/data/mighty-morphing/audio/public/in_the_wild/release_in_the_wild/release_in_the_wild/299.wav,real,in_the_wild,Donald Trump,en,,authentic_public_web,wav,,cc-by-sa-4.0,eval,,,https://huggingface.co/datasets/mueller91/In-The-Wild
/data/mighty-morphing/audio/public/in_the_wild/release_in_the_wild/release_in_the_wild/300.wav,real,in_the_wild,Bill Clinton,en,,authentic_public_web,wav,,cc-by-sa-4.0,eval,,,https://huggingface.co/datasets/mueller91/In-The-Wild
/data/mighty-morphing/audio/public/in_the_wild/release_in_the_wild/release_in_the_wild/301.wav,real,in_the_wild,Barack Obama,en,,authentic_public_web,wav,,cc-by-sa-4.0,eval,,,https://huggingface.co/datasets/mueller91/In-The-Wild
/data/mighty-morphing/audio/public/in_the_wild/release_in_the_wild/release_in_the_wild/302.wav,synthetic,in_the_wild,Alec Guinness,en,unknown_public_web,in_the_wild_tts,wav,,cc-by-sa-4.0,eval,,,https://huggingface.co/datasets/mueller91/In-The-Wild
/data/mighty-morphing/audio/public/in_the_wild/release_in_the_wild/release_in_the_wild/303.wav,synthetic,in_the_wild,Louis Farrakhan,en,unknown_public_web,in_the_wild_tts,wav,,cc-by-sa-4.0,eval,,,https://huggingface.co/datasets/mueller91/In-The-Wild
/data/mighty-morphing/audio/public/in_the_wild/release_in_the_wild/release_in_the_wild/304.wav,real,in_the_wild,Barack Obama,en,,authentic_public_web,wav,,cc-by-sa-4.0,eval,,,https://huggingface.co/datasets/mueller91/In-The-Wild
/data/mighty-morphing/audio/public/in_the_wild/release_in_the_wild/release_in_the_wild/305.wav,real,in_the_wild,Martin Luther King,en,,authentic_public_web,wav,,cc-by-sa-4.0,eval,,,https://huggingface.co/datasets/mueller91/In-The-Wild
/data/mighty-morphing/audio/public/in_the_wild/release_in_the_wild/release_in_the_wild/306.wav,real,in_the_wild,George Carlin,en,,authentic_public_web,wav,,cc-by-sa-4.0,eval,,,https://huggingface.co/datasets/mueller91/In-The-Wild
/data/mighty-morphing/audio/public/in_the_wild/release_in_the_wild/release_in_the_wild/307.wav,synthetic,in_the_wild,Ronald Reagan,en,unknown_public_web,in_the_wild_tts,wav,,cc-by-sa-4.0,eval,,,https://huggingface.co/datasets/mueller91/In-The-Wild
/data/mighty-morphing/audio/public/in_the_wild/release_in_the_wild/release_in_the_wild/308.wav,real,in_the_wild,Ronald Reagan,en,,authentic_public_web,wav,,cc-by-sa-4.0,eval,,,https://huggingface.co/datasets/mueller91/In-The-Wild
/data/mighty-morphing/audio/public/in_the_wild/release_in_the_wild/release_in_the_wild/309.wav,real,in_the_wild,Bernie Sanders,en,,authentic_public_web,wav,,cc-by-sa-4.0,eval,,,https://huggingface.co/datasets/mueller91/In-The-Wild
/data/mighty-morphing/audio/public/in_the_wild/release_in_the_wild/release_in_the_wild/310.wav,synthetic,in_the_wild,JFK,en,unknown_public_web,in_the_wild_tts,wav,,cc-by-sa-4.0,eval,,,https://huggingface.co/datasets/mueller91/In-The-Wild
/data/mighty-morphing/audio/public/in_the_wild/release_in_the_wild/release_in_the_wild/311.wav,real,in_the_wild,Barack Obama,en,,authentic_public_web,wav,,cc-by-sa-4.0,eval,,,https://huggingface.co/datasets/mueller91/In-The-Wild
/data/mighty-morphing/audio/public/in_the_wild/release_in_the_wild/release_in_the_wild/312.wav,synthetic,in_the_wild,Christopher Hitchens,en,unknown_public_web,in_the_wild_tts,wav,,cc-by-sa-4.0,eval,,,https://huggingface.co/datasets/mueller91/In-The-Wild
/data/mighty-morphing/audio/public/in_the_wild/release_in_the_wild/release_in_the_wild/313.wav,real,in_the_wild,Nelson Mandela,en,,authentic_public_web,wav,,cc-by-sa-4.0,eval,,,https://huggingface.co/datasets/mueller91/In-The-Wild
/data/mighty-morphing/audio/public/in_the_wild/release_in_the_wild/release_in_the_wild/314.wav,real,in_the_wild,Christopher Hitchens,en,,authentic_public_web,wav,,cc-by-sa-4.0,eval,,,https://huggingface.co/datasets/mueller91/In-The-Wild
/data/mighty-morphing/audio/public/in_the_wild/release_in_the_wild/release_in_the_wild/315.wav,real,in_the_wild,Barack Obama,en,,authentic_public_web,wav,,cc-by-sa-4.0,eval,,,https://huggingface.co/datasets/mueller91/In-The-Wild
/data/mighty-morphing/audio/public/in_the_wild/release_in_the_wild/release_in_the_wild/316.wav,real,in_the_wild,Bernie Sanders,en,,authentic_public_web,wav,,cc-by-sa-4.0,eval,,,https://huggingface.co/datasets/mueller91/In-The-Wild
/data/mighty-morphing/audio/public/in_the_wild/release_in_the_wild/release_in_the_wild/317.wav,synthetic,in_the_wild,Arnold Schwarzenegger,en,unknown_public_web,in_the_wild_tts,wav,,cc-by-sa-4.0,eval,,,https://huggingface.co/datasets/mueller91/In-The-Wild
/data/mighty-morphing/audio/public/in_the_wild/release_in_the_wild/release_in_the_wild/318.wav,synthetic,in_the_wild,Gilbert Gottfried,en,unknown_public_web,in_the_wild_tts,wav,,cc-by-sa-4.0,eval,,,https://huggingface.co/datasets/mueller91/In-The-Wild
/data/mighty-morphing/audio/public/in_the_wild/release_in_the_wild/release_in_the_wild/319.wav,synthetic,in_the_wild,Ronald Reagan,en,unknown_public_web,in_the_wild_tts,wav,,cc-by-sa-4.0,eval,,,https://huggingface.co/datasets/mueller91/In-The-Wild
/data/mighty-morphing/audio/public/in_the_wild/release_in_the_wild/release_in_the_wild/320.wav,real,in_the_wild,FDR,en,,authentic_public_web,wav,,cc-by-sa-4.0,eval,,,https://huggingface.co/datasets/mueller91/In-The-Wild
/data/mighty-morphing/audio/public/in_the_wild/release_in_the_wild/release_in_the_wild/321.wav,real,in_the_wild,Christopher Hitchens,en,,authentic_public_web,wav,,cc-by-sa-4.0,eval,,,https://huggingface.co/datasets/mueller91/In-The-Wild
/data/mighty-morphing/audio/public/in_the_wild/release_in_the_wild/release_in_the_wild/322.wav,real,in_the_wild,Barack Obama,en,,authentic_public_web,wav,,cc-by-sa-4.0,eval,,,https://huggingface.co/datasets/mueller91/In-The-Wild
/data/mighty-morphing/audio/public/in_the_wild/release_in_the_wild/release_in_the_wild/323.wav,real,in_the_wild,Louis Farrakhan,en,,authentic_public_web,wav,,cc-by-sa-4.0,eval,,,https://huggingface.co/datasets/mueller91/In-The-Wild
/data/mighty-morphing/audio/public/in_the_wild/release_in_the_wild/release_in_the_wild/324.wav,synthetic,in_the_wild,Barack Obama,en,unknown_public_web,in_the_wild_tts,wav,,cc-by-sa-4.0,eval,,,https://huggingface.co/datasets/mueller91/In-The-Wild
/data/mighty-morphing/audio/public/in_the_wild/release_in_the_wild/release_in_the_wild/325.wav,real,in_the_wild,Barack Obama,en,,authentic_public_web,wav,,cc-by-sa-4.0,eval,,,https://huggingface.co/datasets/mueller91/In-The-Wild
/data/mighty-morphing/audio/public/in_the_wild/release_in_the_wild/release_in_the_wild/326.wav,real,in_the_wild,Robert Kardashian,en,,authentic_public_web,wav,,cc-by-sa-4.0,eval,,,https://huggingface.co/datasets/mueller91/In-The-Wild
/data/mighty-morphing/audio/public/in_the_wild/release_in_the_wild/release_in_the_wild/327.wav,real,in_the_wild,Barack Obama,en,,authentic_public_web,wav,,cc-by-sa-4.0,eval,,,https://huggingface.co/datasets/mueller91/In-The-Wild
/data/mighty-morphing/audio/public/in_the_wild/release_in_the_wild/release_in_the_wild/328.wav,real,in_the_wild,Ronald Reagan,en,,authentic_public_web,wav,,cc-by-sa-4.0,eval,,,https://huggingface.co/datasets/mueller91/In-The-Wild
/data/mighty-morphing/audio/public/in_the_wild/release_in_the_wild/release_in_the_wild/329.wav,real,in_the_wild,John Cleese,en,,authentic_public_web,wav,,cc-by-sa-4.0,eval,,,https://huggingface.co/datasets/mueller91/In-The-Wild
/data/mighty-morphing/audio/public/in_the_wild/release_in_the_wild/release_in_the_wild/330.wav,real,in_the_wild,Bernie Sanders,en,,authentic_public_web,wav,,cc-by-sa-4.0,eval,,,https://huggingface.co/datasets/mueller91/In-The-Wild
/data/mighty-morphing/audio/public/in_the_wild/release_in_the_wild/release_in_the_wild/331.wav,real,in_the_wild,Barack Obama,en,,authentic_public_web,wav,,cc-by-sa-4.0,eval,,,https://huggingface.co/datasets/mueller91/In-The-Wild
/data/mighty-morphing/audio/public/in_the_wild/release_in_the_wild/release_in_the_wild/332.wav,real,in_the_wild,Malcolm X,en,,authentic_public_web,wav,,cc-by-sa-4.0,eval,,,https://huggingface.co/datasets/mueller91/In-The-Wild
/data/mighty-morphing/audio/public/in_the_wild/release_in_the_wild/release_in_the_wild/333.wav,real,in_the_wild,FDR,en,,authentic_public_web,wav,,cc-by-sa-4.0,eval,,,https://huggingface.co/datasets/mueller91/In-The-Wild
/data/mighty-morphing/audio/public/in_the_wild/release_in_the_wild/release_in_the_wild/334.wav,real,in_the_wild,Barack Obama,en,,authentic_public_web,wav,,cc-by-sa-4.0,eval,,,https://huggingface.co/datasets/mueller91/In-The-Wild
/data/mighty-morphing/audio/public/in_the_wild/release_in_the_wild/release_in_the_wild/335.wav,real,in_the_wild,Bill Burr,en,,authentic_public_web,wav,,cc-by-sa-4.0,eval,,,https://huggingface.co/datasets/mueller91/In-The-Wild
/data/mighty-morphing/audio/public/in_the_wild/release_in_the_wild/release_in_the_wild/336.wav,real,in_the_wild,Robert Kardashian,en,,authentic_public_web,wav,,cc-by-sa-4.0,eval,,,https://huggingface.co/datasets/mueller91/In-The-Wild
/data/mighty-morphing/audio/public/in_the_wild/release_in_the_wild/release_in_the_wild/337.wav,real,in_the_wild,Bernie Sanders,en,,authentic_public_web,wav,,cc-by-sa-4.0,eval,,,https://huggingface.co/datasets/mueller91/In-The-Wild
/data/mighty-morphing/audio/public/in_the_wild/release_in_the_wild/release_in_the_wild/338.wav,synthetic,in_the_wild,Ronald Reagan,en,unknown_public_web,in_the_wild_tts,wav,,cc-by-sa-4.0,eval,,,https://huggingface.co/datasets/mueller91/In-The-Wild
/data/mighty-morphing/audio/public/in_the_wild/release_in_the_wild/release_in_the_wild/339.wav,synthetic,in_the_wild,Ronald Reagan,en,unknown_public_web,in_the_wild_tts,wav,,cc-by-sa-4.0,eval,,,https://huggingface.co/datasets/mueller91/In-The-Wild
/data/mighty-morphing/audio/public/in_the_wild/release_in_the_wild/release_in_the_wild/340.wav,real,in_the_wild,Ronald Reagan,en,,authentic_public_web,wav,,cc-by-sa-4.0,eval,,,https://huggingface.co/datasets/mueller91/In-The-Wild
/data/mighty-morphing/audio/public/in_the_wild/release_in_the_wild/release_in_the_wild/341.wav,synthetic,in_the_wild,Bill Clinton,en,unknown_public_web,in_the_wild_tts,wav,,cc-by-sa-4.0,eval,,,https://huggingface.co/datasets/mueller91/In-The-Wild
/data/mighty-morphing/audio/public/in_the_wild/release_in_the_wild/release_in_the_wild/342.wav,synthetic,in_the_wild,Frank Sinatra,en,unknown_public_web,in_the_wild_tts,wav,,cc-by-sa-4.0,eval,,,https://huggingface.co/datasets/mueller91/In-The-Wild
/data/mighty-morphing/audio/public/in_the_wild/release_in_the_wild/release_in_the_wild/343.wav,real,in_the_wild,Alec Guinness,en,,authentic_public_web,wav,,cc-by-sa-4.0,eval,,,https://huggingface.co/datasets/mueller91/In-The-Wild
/data/mighty-morphing/audio/public/in_the_wild/release_in_the_wild/release_in_the_wild/344.wav,synthetic,in_the_wild,Kamala Harris,en,unknown_public_web,in_the_wild_tts,wav,,cc-by-sa-4.0,eval,,,https://huggingface.co/datasets/mueller91/In-The-Wild
/data/mighty-morphing/audio/public/in_the_wild/release_in_the_wild/release_in_the_wild/345.wav,real,in_the_wild,Mark Zuckerberg,en,,authentic_public_web,wav,,cc-by-sa-4.0,eval,,,https://huggingface.co/datasets/mueller91/In-The-Wild
/data/mighty-morphing/audio/public/in_the_wild/release_in_the_wild/release_in_the_wild/346.wav,synthetic,in_the_wild,Richard Nixon,en,unknown_public_web,in_the_wild_tts,wav,,cc-by-sa-4.0,eval,,,https://huggingface.co/datasets/mueller91/In-The-Wild
/data/mighty-morphing/audio/public/in_the_wild/release_in_the_wild/release_in_the_wild/347.wav,synthetic,in_the_wild,George W. Bush,en,unknown_public_web,in_the_wild_tts,wav,,cc-by-sa-4.0,eval,,,https://huggingface.co/datasets/mueller91/In-The-Wild
/data/mighty-morphing/audio/public/in_the_wild/release_in_the_wild/release_in_the_wild/348.wav,real,in_the_wild,Donald Trump,en,,authentic_public_web,wav,,cc-by-sa-4.0,eval,,,https://huggingface.co/datasets/mueller91/In-The-Wild
/data/mighty-morphing/audio/public/in_the_wild/release_in_the_wild/release_in_the_wild/349.wav,synthetic,in_the_wild,Alec Guinness,en,unknown_public_web,in_the_wild_tts,wav,,cc-by-sa-4.0,eval,,,https://huggingface.co/datasets/mueller91/In-The-Wild
/data/mighty-morphing/audio/public/in_the_wild/release_in_the_wild/release_in_the_wild/350.wav,real,in_the_wild,Winston Churchill,en,,authentic_public_web,wav,,cc-by-sa-4.0,eval,,,https://huggingface.co/datasets/mueller91/In-The-Wild
/data/mighty-morphing/audio/public/in_the_wild/release_in_the_wild/release_in_the_wild/351.wav,synthetic,in_the_wild,Bill Clinton,en,unknown_public_web,in_the_wild_tts,wav,,cc-by-sa-4.0,eval,,,https://huggingface.co/datasets/mueller91/In-The-Wild
/data/mighty-morphing/audio/public/in_the_wild/release_in_the_wild/release_in_the_wild/352.wav,real,in_the_wild,Barack Obama,en,,authentic_public_web,wav,,cc-by-sa-4.0,eval,,,https://huggingface.co/datasets/mueller91/In-The-Wild
/data/mighty-morphing/audio/public/in_the_wild/release_in_the_wild/release_in_the_wild/353.wav,synthetic,in_the_wild,Orson Welles,en,unknown_public_web,in_the_wild_tts,wav,,cc-by-sa-4.0,eval,,,https://huggingface.co/datasets/mueller91/In-The-Wild
/data/mighty-morphing/audio/public/in_the_wild/release_in_the_wild/release_in_the_wild/354.wav,synthetic,in_the_wild,Martin Luther King,en,unknown_public_web,in_the_wild_tts,wav,,cc-by-sa-4.0,eval,,,https://huggingface.co/datasets/mueller91/In-The-Wild
/data/mighty-morphing/audio/public/in_the_wild/release_in_the_wild/release_in_the_wild/355.wav,real,in_the_wild,Bill Clinton,en,,authentic_public_web,wav,,cc-by-sa-4.0,eval,,,https://huggingface.co/datasets/mueller91/In-The-Wild
/data/mighty-morphing/audio/public/in_the_wild/release_in_the_wild/release_in_the_wild/356.wav,real,in_the_wild,Ronald Reagan,en,,authentic_public_web,wav,,cc-by-sa-4.0,eval,,,https://huggingface.co/datasets/mueller91/In-The-Wild
/data/mighty-morphing/audio/public/in_the_wild/release_in_the_wild/release_in_the_wild/357.wav,synthetic,in_the_wild,Ronald Reagan,en,unknown_public_web,in_the_wild_tts,wav,,cc-by-sa-4.0,eval,,,https://huggingface.co/datasets/mueller91/In-The-Wild
/data/mighty-morphing/audio/public/in_the_wild/release_in_the_wild/release_in_the_wild/358.wav,real,in_the_wild,Ayn Rand,en,,authentic_public_web,wav,,cc-by-sa-4.0,eval,,,https://huggingface.co/datasets/mueller91/In-The-Wild
/data/mighty-morphing/audio/public/in_the_wild/release_in_the_wild/release_in_the_wild/359.wav,real,in_the_wild,Louis Farrakhan,en,,authentic_public_web,wav,,cc-by-sa-4.0,eval,,,https://huggingface.co/datasets/mueller91/In-The-Wild
/data/mighty-morphing/audio/public/in_the_wild/release_in_the_wild/release_in_the_wild/360.wav,real,in_the_wild,Barack Obama,en,,authentic_public_web,wav,,cc-by-sa-4.0,eval,,,https://huggingface.co/datasets/mueller91/In-The-Wild
/data/mighty-morphing/audio/public/in_the_wild/release_in_the_wild/release_in_the_wild/361.wav,synthetic,in_the_wild,Bill Clinton,en,unknown_public_web,in_the_wild_tts,wav,,cc-by-sa-4.0,eval,,,https://huggingface.co/datasets/mueller91/In-The-Wild
/data/mighty-morphing/audio/public/in_the_wild/release_in_the_wild/release_in_the_wild/362.wav,real,in_the_wild,Bill Clinton,en,,authentic_public_web,wav,,cc-by-sa-4.0,eval,,,https://huggingface.co/datasets/mueller91/In-The-Wild
/data/mighty-morphing/audio/public/in_the_wild/release_in_the_wild/release_in_the_wild/363.wav,real,in_the_wild,Barack Obama,en,,authentic_public_web,wav,,cc-by-sa-4.0,eval,,,https://huggingface.co/datasets/mueller91/In-The-Wild
/data/mighty-morphing/audio/public/in_the_wild/release_in_the_wild/release_in_the_wild/364.wav,real,in_the_wild,Alexandria Ocasio-Cortez,en,,authentic_public_web,wav,,cc-by-sa-4.0,eval,,,https://huggingface.co/datasets/mueller91/In-The-Wild
/data/mighty-morphing/audio/public/in_the_wild/release_in_the_wild/release_in_the_wild/365.wav,real,in_the_wild,Barack Obama,en,,authentic_public_web,wav,,cc-by-sa-4.0,eval,,,https://huggingface.co/datasets/mueller91/In-The-Wild
/data/mighty-morphing/audio/public/in_the_wild/release_in_the_wild/release_in_the_wild/366.wav,real,in_the_wild,Bill Clinton,en,,authentic_public_web,wav,,cc-by-sa-4.0,eval,,,https://huggingface.co/datasets/mueller91/In-The-Wild
/data/mighty-morphing/audio/public/in_the_wild/release_in_the_wild/release_in_the_wild/367.wav,real,in_the_wild,Winston Churchill,en,,authentic_public_web,wav,,cc-by-sa-4.0,eval,,,https://huggingface.co/datasets/mueller91/In-The-Wild
/data/mighty-morphing/audio/public/in_the_wild/release_in_the_wild/release_in_the_wild/368.wav,synthetic,in_the_wild,Arnold Schwarzenegger,en,unknown_public_web,in_the_wild_tts,wav,,cc-by-sa-4.0,eval,,,https://huggingface.co/datasets/mueller91/In-The-Wild
/data/mighty-morphing/audio/public/in_the_wild/release_in_the_wild/release_in_the_wild/369.wav,real,in_the_wild,Barack Obama,en,,authentic_public_web,wav,,cc-by-sa-4.0,eval,,,https://huggingface.co/datasets/mueller91/In-The-Wild
/data/mighty-morphing/audio/public/in_the_wild/release_in_the_wild/release_in_the_wild/370.wav,real,in_the_wild,Christopher Hitchens,en,,authentic_public_web,wav,,cc-by-sa-4.0,eval,,,https://huggingface.co/datasets/mueller91/In-The-Wild
/data/mighty-morphing/audio/public/in_the_wild/release_in_the_wild/release_in_the_wild/371.wav,real,in_the_wild,Louis Farrakhan,en,,authentic_public_web,wav,,cc-by-sa-4.0,eval,,,https://huggingface.co/datasets/mueller91/In-The-Wild
/data/mighty-morphing/audio/public/in_the_wild/release_in_the_wild/release_in_the_wild/372.wav,synthetic,in_the_wild,Alec Guinness,en,unknown_public_web,in_the_wild_tts,wav,,cc-by-sa-4.0,eval,,,https://huggingface.co/datasets/mueller91/In-The-Wild
/data/mighty-morphing/audio/public/in_the_wild/release_in_the_wild/release_in_the_wild/373.wav,real,in_the_wild,Ayn Rand,en,,authentic_public_web,wav,,cc-by-sa-4.0,eval,,,https://huggingface.co/datasets/mueller91/In-The-Wild
/data/mighty-morphing/audio/public/in_the_wild/release_in_the_wild/release_in_the_wild/374.wav,synthetic,in_the_wild,Christopher Hitchens,en,unknown_public_web,in_the_wild_tts,wav,,cc-by-sa-4.0,eval,,,https://huggingface.co/datasets/mueller91/In-The-Wild
/data/mighty-morphing/audio/public/in_the_wild/release_in_the_wild/release_in_the_wild/375.wav,synthetic,in_the_wild,Alec Guinness,en,unknown_public_web,in_the_wild_tts,wav,,cc-by-sa-4.0,eval,,,https://huggingface.co/datasets/mueller91/In-The-Wild
/data/mighty-morphing/audio/public/in_the_wild/release_in_the_wild/release_in_the_wild/376.wav,real,in_the_wild,Alec Guinness,en,,authentic_public_web,wav,,cc-by-sa-4.0,eval,,,https://huggingface.co/datasets/mueller91/In-The-Wild
/data/mighty-morphing/audio/public/in_the_wild/release_in_the_wild/release_in_the_wild/377.wav,real,in_the_wild,Barack Obama,en,,authentic_public_web,wav,,cc-by-sa-4.0,eval,,,https://huggingface.co/datasets/mueller91/In-The-Wild
/data/mighty-morphing/audio/public/in_the_wild/release_in_the_wild/release_in_the_wild/378.wav,real,in_the_wild,Ayn Rand,en,,authentic_public_web,wav,,cc-by-sa-4.0,eval,,,https://huggingface.co/datasets/mueller91/In-The-Wild
/data/mighty-morphing/audio/public/in_the_wild/release_in_the_wild/release_in_the_wild/379.wav,real,in_the_wild,Christopher Hitchens,en,,authentic_public_web,wav,,cc-by-sa-4.0,eval,,,https://huggingface.co/datasets/mueller91/In-The-Wild
/data/mighty-morphing/audio/public/in_the_wild/release_in_the_wild/release_in_the_wild/380.wav,synthetic,in_the_wild,Alec Guinness,en,unknown_public_web,in_the_wild_tts,wav,,cc-by-sa-4.0,eval,,,https://huggingface.co/datasets/mueller91/In-The-Wild
/data/mighty-morphing/audio/public/in_the_wild/release_in_the_wild/release_in_the_wild/381.wav,real,in_the_wild,Barack Obama,en,,authentic_public_web,wav,,cc-by-sa-4.0,eval,,,https://huggingface.co/datasets/mueller91/In-The-Wild
/data/mighty-morphing/audio/public/in_the_wild/release_in_the_wild/release_in_the_wild/382.wav,real,in_the_wild,Arnold Schwarzenegger,en,,authentic_public_web,wav,,cc-by-sa-4.0,eval,,,https://huggingface.co/datasets/mueller91/In-The-Wild
/data/mighty-morphing/audio/public/in_the_wild/release_in_the_wild/release_in_the_wild/383.wav,real,in_the_wild,Ronald Reagan,en,,authentic_public_web,wav,,cc-by-sa-4.0,eval,,,https://huggingface.co/datasets/mueller91/In-The-Wild
/data/mighty-morphing/audio/public/in_the_wild/release_in_the_wild/release_in_the_wild/384.wav,real,in_the_wild,Donald Trump,en,,authentic_public_web,wav,,cc-by-sa-4.0,eval,,,https://huggingface.co/datasets/mueller91/In-The-Wild
/data/mighty-morphing/audio/public/in_the_wild/release_in_the_wild/release_in_the_wild/385.wav,real,in_the_wild,Louis Farrakhan,en,,authentic_public_web,wav,,cc-by-sa-4.0,eval,,,https://huggingface.co/datasets/mueller91/In-The-Wild
/data/mighty-morphing/audio/public/in_the_wild/release_in_the_wild/release_in_the_wild/386.wav,real,in_the_wild,Christopher Hitchens,en,,authentic_public_web,wav,,cc-by-sa-4.0,eval,,,https://huggingface.co/datasets/mueller91/In-The-Wild
/data/mighty-morphing/audio/public/in_the_wild/release_in_the_wild/release_in_the_wild/387.wav,real,in_the_wild,Alec Guinness,en,,authentic_public_web,wav,,cc-by-sa-4.0,eval,,,https://huggingface.co/datasets/mueller91/In-The-Wild
/data/mighty-morphing/audio/public/in_the_wild/release_in_the_wild/release_in_the_wild/388.wav,real,in_the_wild,Barack Obama,en,,authentic_public_web,wav,,cc-by-sa-4.0,eval,,,https://huggingface.co/datasets/mueller91/In-The-Wild
/data/mighty-morphing/audio/public/in_the_wild/release_in_the_wild/release_in_the_wild/389.wav,real,in_the_wild,Richard Nixon,en,,authentic_public_web,wav,,cc-by-sa-4.0,eval,,,https://huggingface.co/datasets/mueller91/In-The-Wild
/data/mighty-morphing/audio/public/in_the_wild/release_in_the_wild/release_in_the_wild/390.wav,synthetic,in_the_wild,Louis Farrakhan,en,unknown_public_web,in_the_wild_tts,wav,,cc-by-sa-4.0,eval,,,https://huggingface.co/datasets/mueller91/In-The-Wild
/data/mighty-morphing/audio/public/in_the_wild/release_in_the_wild/release_in_the_wild/391.wav,synthetic,in_the_wild,Ronald Reagan,en,unknown_public_web,in_the_wild_tts,wav,,cc-by-sa-4.0,eval,,,https://huggingface.co/datasets/mueller91/In-The-Wild
/data/mighty-morphing/audio/public/in_the_wild/release_in_the_wild/release_in_the_wild/392.wav,synthetic,in_the_wild,Donald Trump,en,unknown_public_web,in_the_wild_tts,wav,,cc-by-sa-4.0,eval,,,https://huggingface.co/datasets/mueller91/In-The-Wild
/data/mighty-morphing/audio/public/in_the_wild/release_in_the_wild/release_in_the_wild/393.wav,synthetic,in_the_wild,Alec Guinness,en,unknown_public_web,in_the_wild_tts,wav,,cc-by-sa-4.0,eval,,,https://huggingface.co/datasets/mueller91/In-The-Wild
/data/mighty-morphing/audio/public/in_the_wild/release_in_the_wild/release_in_the_wild/394.wav,real,in_the_wild,Barack Obama,en,,authentic_public_web,wav,,cc-by-sa-4.0,eval,,,https://huggingface.co/datasets/mueller91/In-The-Wild
/data/mighty-morphing/audio/public/in_the_wild/release_in_the_wild/release_in_the_wild/395.wav,synthetic,in_the_wild,Martin Luther King,en,unknown_public_web,in_the_wild_tts,wav,,cc-by-sa-4.0,eval,,,https://huggingface.co/datasets/mueller91/In-The-Wild
/data/mighty-morphing/audio/public/in_the_wild/release_in_the_wild/release_in_the_wild/396.wav,real,in_the_wild,Milton Friedman,en,,authentic_public_web,wav,,cc-by-sa-4.0,eval,,,https://huggingface.co/datasets/mueller91/In-The-Wild
/data/mighty-morphing/audio/public/in_the_wild/release_in_the_wild/release_in_the_wild/397.wav,synthetic,in_the_wild,Mark Zuckerberg,en,unknown_public_web,in_the_wild_tts,wav,,cc-by-sa-4.0,eval,,,https://huggingface.co/datasets/mueller91/In-The-Wild
/data/mighty-morphing/audio/public/in_the_wild/release_in_the_wild/release_in_the_wild/398.wav,synthetic,in_the_wild,Bernie Sanders,en,unknown_public_web,in_the_wild_tts,wav,,cc-by-sa-4.0,eval,,,https://huggingface.co/datasets/mueller91/In-The-Wild
/data/mighty-morphing/audio/public/in_the_wild/release_in_the_wild/release_in_the_wild/399.wav,synthetic,in_the_wild,Alec Guinness,en,unknown_public_web,in_the_wild_tts,wav,,cc-by-sa-4.0,eval,,,https://huggingface.co/datasets/mueller91/In-The-Wild
/data/mighty-morphing/audio/public/in_the_wild/release_in_the_wild/release_in_the_wild/400.wav,real,in_the_wild,Donald Trump,en,,authentic_public_web,wav,,cc-by-sa-4.0,eval,,,https://huggingface.co/datasets/mueller91/In-The-Wild
/data/mighty-morphing/audio/public/in_the_wild/release_in_the_wild/release_in_the_wild/401.wav,real,in_the_wild,Winston Churchill,en,,authentic_public_web,wav,,cc-by-sa-4.0,eval,,,https://huggingface.co/datasets/mueller91/In-The-Wild
/data/mighty-morphing/audio/public/in_the_wild/release_in_the_wild/release_in_the_wild/402.wav,synthetic,in_the_wild,Alan Watts,en,unknown_public_web,in_the_wild_tts,wav,,cc-by-sa-4.0,eval,,,https://huggingface.co/datasets/mueller91/In-The-Wild
/data/mighty-morphing/audio/public/in_the_wild/release_in_the_wild/release_in_the_wild/403.wav,synthetic,in_the_wild,FDR,en,unknown_public_web,in_the_wild_tts,wav,,cc-by-sa-4.0,eval,,,https://huggingface.co/datasets/mueller91/In-The-Wild
/data/mighty-morphing/audio/public/in_the_wild/release_in_the_wild/release_in_the_wild/404.wav,real,in_the_wild,Barack Obama,en,,authentic_public_web,wav,,cc-by-sa-4.0,eval,,,https://huggingface.co/datasets/mueller91/In-The-Wild
/data/mighty-morphing/audio/public/in_the_wild/release_in_the_wild/release_in_the_wild/405.wav,real,in_the_wild,Christopher Hitchens,en,,authentic_public_web,wav,,cc-by-sa-4.0,eval,,,https://huggingface.co/datasets/mueller91/In-The-Wild
/data/mighty-morphing/audio/public/in_the_wild/release_in_the_wild/release_in_the_wild/406.wav,real,in_the_wild,Donald Trump,en,,authentic_public_web,wav,,cc-by-sa-4.0,eval,,,https://huggingface.co/datasets/mueller91/In-The-Wild
/data/mighty-morphing/audio/public/in_the_wild/release_in_the_wild/release_in_the_wild/407.wav,real,in_the_wild,Donald Trump,en,,authentic_public_web,wav,,cc-by-sa-4.0,eval,,,https://huggingface.co/datasets/mueller91/In-The-Wild
/data/mighty-morphing/audio/public/in_the_wild/release_in_the_wild/release_in_the_wild/408.wav,synthetic,in_the_wild,2Pac,en,unknown_public_web,in_the_wild_tts,wav,,cc-by-sa-4.0,eval,,,https://huggingface.co/datasets/mueller91/In-The-Wild
/data/mighty-morphing/audio/public/in_the_wild/release_in_the_wild/release_in_the_wild/409.wav,real,in_the_wild,Bernie Sanders,en,,authentic_public_web,wav,,cc-by-sa-4.0,eval,,,https://huggingface.co/datasets/mueller91/In-The-Wild
/data/mighty-morphing/audio/public/in_the_wild/release_in_the_wild/release_in_the_wild/410.wav,real,in_the_wild,Boris Johnson,en,,authentic_public_web,wav,,cc-by-sa-4.0,eval,,,https://huggingface.co/datasets/mueller91/In-The-Wild
/data/mighty-morphing/audio/public/in_the_wild/release_in_the_wild/release_in_the_wild/411.wav,real,in_the_wild,Donald Trump,en,,authentic_public_web,wav,,cc-by-sa-4.0,eval,,,https://huggingface.co/datasets/mueller91/In-The-Wild
/data/mighty-morphing/audio/public/in_the_wild/release_in_the_wild/release_in_the_wild/412.wav,real,in_the_wild,JFK,en,,authentic_public_web,wav,,cc-by-sa-4.0,eval,,,https://huggingface.co/datasets/mueller91/In-The-Wild
/data/mighty-morphing/audio/public/in_the_wild/release_in_the_wild/release_in_the_wild/413.wav,real,in_the_wild,Donald Trump,en,,authentic_public_web,wav,,cc-by-sa-4.0,eval,,,https://huggingface.co/datasets/mueller91/In-The-Wild
/data/mighty-morphing/audio/public/in_the_wild/release_in_the_wild/release_in_the_wild/414.wav,real,in_the_wild,Dwight Eisenhower,en,,authentic_public_web,wav,,cc-by-sa-4.0,eval,,,https://huggingface.co/datasets/mueller91/In-The-Wild
/data/mighty-morphing/audio/public/in_the_wild/release_in_the_wild/release_in_the_wild/415.wav,real,in_the_wild,Christopher Hitchens,en,,authentic_public_web,wav,,cc-by-sa-4.0,eval,,,https://huggingface.co/datasets/mueller91/In-The-Wild
/data/mighty-morphing/audio/public/in_the_wild/release_in_the_wild/release_in_the_wild/416.wav,synthetic,in_the_wild,Nelson Mandela,en,unknown_public_web,in_the_wild_tts,wav,,cc-by-sa-4.0,eval,,,https://huggingface.co/datasets/mueller91/In-The-Wild
/data/mighty-morphing/audio/public/in_the_wild/release_in_the_wild/release_in_the_wild/417.wav,real,in_the_wild,Robert Kardashian,en,,authentic_public_web,wav,,cc-by-sa-4.0,eval,,,https://huggingface.co/datasets/mueller91/In-The-Wild
/data/mighty-morphing/audio/public/in_the_wild/release_in_the_wild/release_in_the_wild/418.wav,real,in_the_wild,Nick Offerman,en,,authentic_public_web,wav,,cc-by-sa-4.0,eval,,,https://huggingface.co/datasets/mueller91/In-The-Wild
/data/mighty-morphing/audio/public/in_the_wild/release_in_the_wild/release_in_the_wild/419.wav,real,in_the_wild,Barack Obama,en,,authentic_public_web,wav,,cc-by-sa-4.0,eval,,,https://huggingface.co/datasets/mueller91/In-The-Wild
/data/mighty-morphing/audio/public/in_the_wild/release_in_the_wild/release_in_the_wild/420.wav,real,in_the_wild,Barack Obama,en,,authentic_public_web,wav,,cc-by-sa-4.0,eval,,,https://huggingface.co/datasets/mueller91/In-The-Wild
/data/mighty-morphing/audio/public/in_the_wild/release_in_the_wild/release_in_the_wild/421.wav,synthetic,in_the_wild,Bernie Sanders,en,unknown_public_web,in_the_wild_tts,wav,,cc-by-sa-4.0,eval,,,https://huggingface.co/datasets/mueller91/In-The-Wild
/data/mighty-morphing/audio/public/in_the_wild/release_in_the_wild/release_in_the_wild/422.wav,synthetic,in_the_wild,Bernie Sanders,en,unknown_public_web,in_the_wild_tts,wav,,cc-by-sa-4.0,eval,,,https://huggingface.co/datasets/mueller91/In-The-Wild
/data/mighty-morphing/audio/public/in_the_wild/release_in_the_wild/release_in_the_wild/423.wav,real,in_the_wild,Louis Farrakhan,en,,authentic_public_web,wav,,cc-by-sa-4.0,eval,,,https://huggingface.co/datasets/mueller91/In-The-Wild
/data/mighty-morphing/audio/public/in_the_wild/release_in_the_wild/release_in_the_wild/424.wav,real,in_the_wild,Bernie Sanders,en,,authentic_public_web,wav,,cc-by-sa-4.0,eval,,,https://huggingface.co/datasets/mueller91/In-The-Wild
/data/mighty-morphing/audio/public/in_the_wild/release_in_the_wild/release_in_the_wild/425.wav,real,in_the_wild,George Carlin,en,,authentic_public_web,wav,,cc-by-sa-4.0,eval,,,https://huggingface.co/datasets/mueller91/In-The-Wild
/data/mighty-morphing/audio/public/in_the_wild/release_in_the_wild/release_in_the_wild/426.wav,real,in_the_wild,Dwight Eisenhower,en,,authentic_public_web,wav,,cc-by-sa-4.0,eval,,,https://huggingface.co/datasets/mueller91/In-The-Wild
/data/mighty-morphing/audio/public/in_the_wild/release_in_the_wild/release_in_the_wild/427.wav,synthetic,in_the_wild,Mark Zuckerberg,en,unknown_public_web,in_the_wild_tts,wav,,cc-by-sa-4.0,eval,,,https://huggingface.co/datasets/mueller91/In-The-Wild
/data/mighty-morphing/audio/public/in_the_wild/release_in_the_wild/release_in_the_wild/428.wav,real,in_the_wild,Barack Obama,en,,authentic_public_web,wav,,cc-by-sa-4.0,eval,,,https://huggingface.co/datasets/mueller91/In-The-Wild
/data/mighty-morphing/audio/public/in_the_wild/release_in_the_wild/release_in_the_wild/429.wav,real,in_the_wild,Bernie Sanders,en,,authentic_public_web,wav,,cc-by-sa-4.0,eval,,,https://huggingface.co/datasets/mueller91/In-The-Wild
/data/mighty-morphing/audio/public/in_the_wild/release_in_the_wild/release_in_the_wild/430.wav,real,in_the_wild,Alec Guinness,en,,authentic_public_web,wav,,cc-by-sa-4.0,eval,,,https://huggingface.co/datasets/mueller91/In-The-Wild
/data/mighty-morphing/audio/public/in_the_wild/release_in_the_wild/release_in_the_wild/431.wav,real,in_the_wild,Donald Trump,en,,authentic_public_web,wav,,cc-by-sa-4.0,eval,,,https://huggingface.co/datasets/mueller91/In-The-Wild
/data/mighty-morphing/audio/public/in_the_wild/release_in_the_wild/release_in_the_wild/432.wav,synthetic,in_the_wild,Alan Watts,en,unknown_public_web,in_the_wild_tts,wav,,cc-by-sa-4.0,eval,,,https://huggingface.co/datasets/mueller91/In-The-Wild
/data/mighty-morphing/audio/public/in_the_wild/release_in_the_wild/release_in_the_wild/433.wav,synthetic,in_the_wild,Bob Ross,en,unknown_public_web,in_the_wild_tts,wav,,cc-by-sa-4.0,eval,,,https://huggingface.co/datasets/mueller91/In-The-Wild
/data/mighty-morphing/audio/public/in_the_wild/release_in_the_wild/release_in_the_wild/434.wav,real,in_the_wild,Donald Trump,en,,authentic_public_web,wav,,cc-by-sa-4.0,eval,,,https://huggingface.co/datasets/mueller91/In-The-Wild
/data/mighty-morphing/audio/public/in_the_wild/release_in_the_wild/release_in_the_wild/435.wav,real,in_the_wild,JFK,en,,authentic_public_web,wav,,cc-by-sa-4.0,eval,,,https://huggingface.co/datasets/mueller91/In-The-Wild
/data/mighty-morphing/audio/public/in_the_wild/release_in_the_wild/release_in_the_wild/436.wav,real,in_the_wild,Mark Zuckerberg,en,,authentic_public_web,wav,,cc-by-sa-4.0,eval,,,https://huggingface.co/datasets/mueller91/In-The-Wild
/data/mighty-morphing/audio/public/in_the_wild/release_in_the_wild/release_in_the_wild/437.wav,synthetic,in_the_wild,Boris Johnson,en,unknown_public_web,in_the_wild_tts,wav,,cc-by-sa-4.0,eval,,,https://huggingface.co/datasets/mueller91/In-The-Wild
/data/mighty-morphing/audio/public/in_the_wild/release_in_the_wild/release_in_the_wild/438.wav,real,in_the_wild,Donald Trump,en,,authentic_public_web,wav,,cc-by-sa-4.0,eval,,,https://huggingface.co/datasets/mueller91/In-The-Wild
/data/mighty-morphing/audio/public/in_the_wild/release_in_the_wild/release_in_the_wild/439.wav,real,in_the_wild,Tucker Carlson,en,,authentic_public_web,wav,,cc-by-sa-4.0,eval,,,https://huggingface.co/datasets/mueller91/In-The-Wild
/data/mighty-morphing/audio/public/in_the_wild/release_in_the_wild/release_in_the_wild/440.wav,synthetic,in_the_wild,Donald Trump,en,unknown_public_web,in_the_wild_tts,wav,,cc-by-sa-4.0,eval,,,https://huggingface.co/datasets/mueller91/In-The-Wild
/data/mighty-morphing/audio/public/in_the_wild/release_in_the_wild/release_in_the_wild/441.wav,synthetic,in_the_wild,Bernie Sanders,en,unknown_public_web,in_the_wild_tts,wav,,cc-by-sa-4.0,eval,,,https://huggingface.co/datasets/mueller91/In-The-Wild
/data/mighty-morphing/audio/public/in_the_wild/release_in_the_wild/release_in_the_wild/442.wav,real,in_the_wild,Gilbert Gottfried,en,,authentic_public_web,wav,,cc-by-sa-4.0,eval,,,https://huggingface.co/datasets/mueller91/In-The-Wild
/data/mighty-morphing/audio/public/in_the_wild/release_in_the_wild/release_in_the_wild/443.wav,synthetic,in_the_wild,Arnold Schwarzenegger,en,unknown_public_web,in_the_wild_tts,wav,,cc-by-sa-4.0,eval,,,https://huggingface.co/datasets/mueller91/In-The-Wild
/data/mighty-morphing/audio/public/in_the_wild/release_in_the_wild/release_in_the_wild/444.wav,synthetic,in_the_wild,Nelson Mandela,en,unknown_public_web,in_the_wild_tts,wav,,cc-by-sa-4.0,eval,,,https://huggingface.co/datasets/mueller91/In-The-Wild
/data/mighty-morphing/audio/public/in_the_wild/release_in_the_wild/release_in_the_wild/445.wav,synthetic,in_the_wild,Mark Zuckerberg,en,unknown_public_web,in_the_wild_tts,wav,,cc-by-sa-4.0,eval,,,https://huggingface.co/datasets/mueller91/In-The-Wild
/data/mighty-morphing/audio/public/in_the_wild/release_in_the_wild/release_in_the_wild/446.wav,real,in_the_wild,Bernie Sanders,en,,authentic_public_web,wav,,cc-by-sa-4.0,eval,,,https://huggingface.co/datasets/mueller91/In-The-Wild
/data/mighty-morphing/audio/public/in_the_wild/release_in_the_wild/release_in_the_wild/447.wav,real,in_the_wild,Bernie Sanders,en,,authentic_public_web,wav,,cc-by-sa-4.0,eval,,,https://huggingface.co/datasets/mueller91/In-The-Wild
/data/mighty-morphing/audio/public/in_the_wild/release_in_the_wild/release_in_the_wild/448.wav,real,in_the_wild,Barack Obama,en,,authentic_public_web,wav,,cc-by-sa-4.0,eval,,,https://huggingface.co/datasets/mueller91/In-The-Wild
/data/mighty-morphing/audio/public/in_the_wild/release_in_the_wild/release_in_the_wild/449.wav,real,in_the_wild,Ayn Rand,en,,authentic_public_web,wav,,cc-by-sa-4.0,eval,,,https://huggingface.co/datasets/mueller91/In-The-Wild
/data/mighty-morphing/audio/public/in_the_wild/release_in_the_wild/release_in_the_wild/450.wav,real,in_the_wild,Ayn Rand,en,,authentic_public_web,wav,,cc-by-sa-4.0,eval,,,https://huggingface.co/datasets/mueller91/In-The-Wild
/data/mighty-morphing/audio/public/in_the_wild/release_in_the_wild/release_in_the_wild/451.wav,synthetic,in_the_wild,Winston Churchill,en,unknown_public_web,in_the_wild_tts,wav,,cc-by-sa-4.0,eval,,,https://huggingface.co/datasets/mueller91/In-The-Wild
/data/mighty-morphing/audio/public/in_the_wild/release_in_the_wild/release_in_the_wild/452.wav,real,in_the_wild,Bernie Sanders,en,,authentic_public_web,wav,,cc-by-sa-4.0,eval,,,https://huggingface.co/datasets/mueller91/In-The-Wild
/data/mighty-morphing/audio/public/in_the_wild/release_in_the_wild/release_in_the_wild/453.wav,real,in_the_wild,Donald Trump,en,,authentic_public_web,wav,,cc-by-sa-4.0,eval,,,https://huggingface.co/datasets/mueller91/In-The-Wild
/data/mighty-morphing/audio/public/in_the_wild/release_in_the_wild/release_in_the_wild/454.wav,synthetic,in_the_wild,Ronald Reagan,en,unknown_public_web,in_the_wild_tts,wav,,cc-by-sa-4.0,eval,,,https://huggingface.co/datasets/mueller91/In-The-Wild
/data/mighty-morphing/audio/public/in_the_wild/release_in_the_wild/release_in_the_wild/455.wav,real,in_the_wild,Robert Kardashian,en,,authentic_public_web,wav,,cc-by-sa-4.0,eval,,,https://huggingface.co/datasets/mueller91/In-The-Wild
/data/mighty-morphing/audio/public/in_the_wild/release_in_the_wild/release_in_the_wild/456.wav,real,in_the_wild,Donald Trump,en,,authentic_public_web,wav,,cc-by-sa-4.0,eval,,,https://huggingface.co/datasets/mueller91/In-The-Wild
/data/mighty-morphing/audio/public/in_the_wild/release_in_the_wild/release_in_the_wild/457.wav,synthetic,in_the_wild,Ronald Reagan,en,unknown_public_web,in_the_wild_tts,wav,,cc-by-sa-4.0,eval,,,https://huggingface.co/datasets/mueller91/In-The-Wild
/data/mighty-morphing/audio/public/in_the_wild/release_in_the_wild/release_in_the_wild/458.wav,real,in_the_wild,Christopher Hitchens,en,,authentic_public_web,wav,,cc-by-sa-4.0,eval,,,https://huggingface.co/datasets/mueller91/In-The-Wild
/data/mighty-morphing/audio/public/in_the_wild/release_in_the_wild/release_in_the_wild/459.wav,real,in_the_wild,Bernie Sanders,en,,authentic_public_web,wav,,cc-by-sa-4.0,eval,,,https://huggingface.co/datasets/mueller91/In-The-Wild
/data/mighty-morphing/audio/public/in_the_wild/release_in_the_wild/release_in_the_wild/460.wav,synthetic,in_the_wild,Martin Luther King,en,unknown_public_web,in_the_wild_tts,wav,,cc-by-sa-4.0,eval,,,https://huggingface.co/datasets/mueller91/In-The-Wild
/data/mighty-morphing/audio/public/in_the_wild/release_in_the_wild/release_in_the_wild/461.wav,real,in_the_wild,Alec Guinness,en,,authentic_public_web,wav,,cc-by-sa-4.0,eval,,,https://huggingface.co/datasets/mueller91/In-The-Wild
/data/mighty-morphing/audio/public/in_the_wild/release_in_the_wild/release_in_the_wild/462.wav,real,in_the_wild,Ayn Rand,en,,authentic_public_web,wav,,cc-by-sa-4.0,eval,,,https://huggingface.co/datasets/mueller91/In-The-Wild
/data/mighty-morphing/audio/public/in_the_wild/release_in_the_wild/release_in_the_wild/463.wav,synthetic,in_the_wild,Ronald Reagan,en,unknown_public_web,in_the_wild_tts,wav,,cc-by-sa-4.0,eval,,,https://huggingface.co/datasets/mueller91/In-The-Wild
/data/mighty-morphing/audio/public/in_the_wild/release_in_the_wild/release_in_the_wild/464.wav,synthetic,in_the_wild,Bernie Sanders,en,unknown_public_web,in_the_wild_tts,wav,,cc-by-sa-4.0,eval,,,https://huggingface.co/datasets/mueller91/In-The-Wild
/data/mighty-morphing/audio/public/in_the_wild/release_in_the_wild/release_in_the_wild/465.wav,real,in_the_wild,Barack Obama,en,,authentic_public_web,wav,,cc-by-sa-4.0,eval,,,https://huggingface.co/datasets/mueller91/In-The-Wild
/data/mighty-morphing/audio/public/in_the_wild/release_in_the_wild/release_in_the_wild/466.wav,synthetic,in_the_wild,Alec Guinness,en,unknown_public_web,in_the_wild_tts,wav,,cc-by-sa-4.0,eval,,,https://huggingface.co/datasets/mueller91/In-The-Wild
/data/mighty-morphing/audio/public/in_the_wild/release_in_the_wild/release_in_the_wild/467.wav,real,in_the_wild,Donald Trump,en,,authentic_public_web,wav,,cc-by-sa-4.0,eval,,,https://huggingface.co/datasets/mueller91/In-The-Wild
/data/mighty-morphing/audio/public/in_the_wild/release_in_the_wild/release_in_the_wild/468.wav,real,in_the_wild,Donald Trump,en,,authentic_public_web,wav,,cc-by-sa-4.0,eval,,,https://huggingface.co/datasets/mueller91/In-The-Wild
/data/mighty-morphing/audio/public/in_the_wild/release_in_the_wild/release_in_the_wild/469.wav,real,in_the_wild,Barack Obama,en,,authentic_public_web,wav,,cc-by-sa-4.0,eval,,,https://huggingface.co/datasets/mueller91/In-The-Wild
/data/mighty-morphing/audio/public/in_the_wild/release_in_the_wild/release_in_the_wild/470.wav,real,in_the_wild,Barack Obama,en,,authentic_public_web,wav,,cc-by-sa-4.0,eval,,,https://huggingface.co/datasets/mueller91/In-The-Wild
/data/mighty-morphing/audio/public/in_the_wild/release_in_the_wild/release_in_the_wild/471.wav,real,in_the_wild,Milton Friedman,en,,authentic_public_web,wav,,cc-by-sa-4.0,eval,,,https://huggingface.co/datasets/mueller91/In-The-Wild
/data/mighty-morphing/audio/public/in_the_wild/release_in_the_wild/release_in_the_wild/472.wav,real,in_the_wild,Alec Guinness,en,,authentic_public_web,wav,,cc-by-sa-4.0,eval,,,https://huggingface.co/datasets/mueller91/In-The-Wild
/data/mighty-morphing/audio/public/in_the_wild/release_in_the_wild/release_in_the_wild/473.wav,real,in_the_wild,Barack Obama,en,,authentic_public_web,wav,,cc-by-sa-4.0,eval,,,https://huggingface.co/datasets/mueller91/In-The-Wild
/data/mighty-morphing/audio/public/in_the_wild/release_in_the_wild/release_in_the_wild/474.wav,synthetic,in_the_wild,Donald Trump,en,unknown_public_web,in_the_wild_tts,wav,,cc-by-sa-4.0,eval,,,https://huggingface.co/datasets/mueller91/In-The-Wild
/data/mighty-morphing/audio/public/in_the_wild/release_in_the_wild/release_in_the_wild/475.wav,real,in_the_wild,Christopher Hitchens,en,,authentic_public_web,wav,,cc-by-sa-4.0,eval,,,https://huggingface.co/datasets/mueller91/In-The-Wild
/data/mighty-morphing/audio/public/in_the_wild/release_in_the_wild/release_in_the_wild/476.wav,real,in_the_wild,Donald Trump,en,,authentic_public_web,wav,,cc-by-sa-4.0,eval,,,https://huggingface.co/datasets/mueller91/In-The-Wild
/data/mighty-morphing/audio/public/in_the_wild/release_in_the_wild/release_in_the_wild/477.wav,real,in_the_wild,Alec Guinness,en,,authentic_public_web,wav,,cc-by-sa-4.0,eval,,,https://huggingface.co/datasets/mueller91/In-The-Wild
/data/mighty-morphing/audio/public/in_the_wild/release_in_the_wild/release_in_the_wild/478.wav,real,in_the_wild,Donald Trump,en,,authentic_public_web,wav,,cc-by-sa-4.0,eval,,,https://huggingface.co/datasets/mueller91/In-The-Wild
/data/mighty-morphing/audio/public/in_the_wild/release_in_the_wild/release_in_the_wild/479.wav,real,in_the_wild,Bernie Sanders,en,,authentic_public_web,wav,,cc-by-sa-4.0,eval,,,https://huggingface.co/datasets/mueller91/In-The-Wild
/data/mighty-morphing/audio/public/in_the_wild/release_in_the_wild/release_in_the_wild/480.wav,real,in_the_wild,Donald Trump,en,,authentic_public_web,wav,,cc-by-sa-4.0,eval,,,https://huggingface.co/datasets/mueller91/In-The-Wild
/data/mighty-morphing/audio/public/in_the_wild/release_in_the_wild/release_in_the_wild/481.wav,synthetic,in_the_wild,Alec Guinness,en,unknown_public_web,in_the_wild_tts,wav,,cc-by-sa-4.0,eval,,,https://huggingface.co/datasets/mueller91/In-The-Wild
/data/mighty-morphing/audio/public/in_the_wild/release_in_the_wild/release_in_the_wild/482.wav,real,in_the_wild,Donald Trump,en,,authentic_public_web,wav,,cc-by-sa-4.0,eval,,,https://huggingface.co/datasets/mueller91/In-The-Wild
/data/mighty-morphing/audio/public/in_the_wild/release_in_the_wild/release_in_the_wild/483.wav,real,in_the_wild,Barack Obama,en,,authentic_public_web,wav,,cc-by-sa-4.0,eval,,,https://huggingface.co/datasets/mueller91/In-The-Wild
/data/mighty-morphing/audio/public/in_the_wild/release_in_the_wild/release_in_the_wild/484.wav,synthetic,in_the_wild,Alec Guinness,en,unknown_public_web,in_the_wild_tts,wav,,cc-by-sa-4.0,eval,,,https://huggingface.co/datasets/mueller91/In-The-Wild
/data/mighty-morphing/audio/public/in_the_wild/release_in_the_wild/release_in_the_wild/485.wav,real,in_the_wild,Bill Clinton,en,,authentic_public_web,wav,,cc-by-sa-4.0,eval,,,https://huggingface.co/datasets/mueller91/In-The-Wild
/data/mighty-morphing/audio/public/in_the_wild/release_in_the_wild/release_in_the_wild/486.wav,real,in_the_wild,Ayn Rand,en,,authentic_public_web,wav,,cc-by-sa-4.0,eval,,,https://huggingface.co/datasets/mueller91/In-The-Wild
/data/mighty-morphing/audio/public/in_the_wild/release_in_the_wild/release_in_the_wild/487.wav,real,in_the_wild,Alec Guinness,en,,authentic_public_web,wav,,cc-by-sa-4.0,eval,,,https://huggingface.co/datasets/mueller91/In-The-Wild
/data/mighty-morphing/audio/public/in_the_wild/release_in_the_wild/release_in_the_wild/488.wav,synthetic,in_the_wild,Alec Guinness,en,unknown_public_web,in_the_wild_tts,wav,,cc-by-sa-4.0,eval,,,https://huggingface.co/datasets/mueller91/In-The-Wild
/data/mighty-morphing/audio/public/in_the_wild/release_in_the_wild/release_in_the_wild/489.wav,synthetic,in_the_wild,Gilbert Gottfried,en,unknown_public_web,in_the_wild_tts,wav,,cc-by-sa-4.0,eval,,,https://huggingface.co/datasets/mueller91/In-The-Wild
/data/mighty-morphing/audio/public/in_the_wild/release_in_the_wild/release_in_the_wild/490.wav,synthetic,in_the_wild,Gilbert Gottfried,en,unknown_public_web,in_the_wild_tts,wav,,cc-by-sa-4.0,eval,,,https://huggingface.co/datasets/mueller91/In-The-Wild
/data/mighty-morphing/audio/public/in_the_wild/release_in_the_wild/release_in_the_wild/491.wav,synthetic,in_the_wild,Norm MacDonald,en,unknown_public_web,in_the_wild_tts,wav,,cc-by-sa-4.0,eval,,,https://huggingface.co/datasets/mueller91/In-The-Wild
/data/mighty-morphing/audio/public/in_the_wild/release_in_the_wild/release_in_the_wild/492.wav,synthetic,in_the_wild,Ronald Reagan,en,unknown_public_web,in_the_wild_tts,wav,,cc-by-sa-4.0,eval,,,https://huggingface.co/datasets/mueller91/In-The-Wild
/data/mighty-morphing/audio/public/in_the_wild/release_in_the_wild/release_in_the_wild/493.wav,synthetic,in_the_wild,Milton Friedman,en,unknown_public_web,in_the_wild_tts,wav,,cc-by-sa-4.0,eval,,,https://huggingface.co/datasets/mueller91/In-The-Wild
/data/mighty-morphing/audio/public/in_the_wild/release_in_the_wild/release_in_the_wild/494.wav,synthetic,in_the_wild,Richard Nixon,en,unknown_public_web,in_the_wild_tts,wav,,cc-by-sa-4.0,eval,,,https://huggingface.co/datasets/mueller91/In-The-Wild
/data/mighty-morphing/audio/public/in_the_wild/release_in_the_wild/release_in_the_wild/495.wav,synthetic,in_the_wild,Bernie Sanders,en,unknown_public_web,in_the_wild_tts,wav,,cc-by-sa-4.0,eval,,,https://huggingface.co/datasets/mueller91/In-The-Wild
/data/mighty-morphing/audio/public/in_the_wild/release_in_the_wild/release_in_the_wild/496.wav,real,in_the_wild,FDR,en,,authentic_public_web,wav,,cc-by-sa-4.0,eval,,,https://huggingface.co/datasets/mueller91/In-The-Wild
/data/mighty-morphing/audio/public/in_the_wild/release_in_the_wild/release_in_the_wild/497.wav,real,in_the_wild,Alec Guinness,en,,authentic_public_web,wav,,cc-by-sa-4.0,eval,,,https://huggingface.co/datasets/mueller91/In-The-Wild
/data/mighty-morphing/audio/public/in_the_wild/release_in_the_wild/release_in_the_wild/498.wav,real,in_the_wild,Bernie Sanders,en,,authentic_public_web,wav,,cc-by-sa-4.0,eval,,,https://huggingface.co/datasets/mueller91/In-The-Wild
/data/mighty-morphing/audio/public/in_the_wild/release_in_the_wild/release_in_the_wild/499.wav,real,in_the_wild,Donald Trump,en,,authentic_public_web,wav,,cc-by-sa-4.0,eval,,,https://huggingface.co/datasets/mueller91/In-The-Wild
/data/mighty-morphing/audio/public/in_the_wild/release_in_the_wild/release_in_the_wild/500.wav,real,in_the_wild,Christopher Hitchens,en,,authentic_public_web,wav,,cc-by-sa-4.0,eval,,,https://huggingface.co/datasets/mueller91/In-The-Wild
/data/mighty-morphing/audio/public/in_the_wild/release_in_the_wild/release_in_the_wild/501.wav,real,in_the_wild,Christopher Hitchens,en,,authentic_public_web,wav,,cc-by-sa-4.0,eval,,,https://huggingface.co/datasets/mueller91/In-The-Wild
/data/mighty-morphing/audio/public/in_the_wild/release_in_the_wild/release_in_the_wild/502.wav,synthetic,in_the_wild,Alec Guinness,en,unknown_public_web,in_the_wild_tts,wav,,cc-by-sa-4.0,eval,,,https://huggingface.co/datasets/mueller91/In-The-Wild
/data/mighty-morphing/audio/public/in_the_wild/release_in_the_wild/release_in_the_wild/503.wav,real,in_the_wild,Bernie Sanders,en,,authentic_public_web,wav,,cc-by-sa-4.0,eval,,,https://huggingface.co/datasets/mueller91/In-The-Wild
/data/mighty-morphing/audio/public/in_the_wild/release_in_the_wild/release_in_the_wild/504.wav,real,in_the_wild,Christopher Hitchens,en,,authentic_public_web,wav,,cc-by-sa-4.0,eval,,,https://huggingface.co/datasets/mueller91/In-The-Wild
/data/mighty-morphing/audio/public/in_the_wild/release_in_the_wild/release_in_the_wild/505.wav,synthetic,in_the_wild,Milton Friedman,en,unknown_public_web,in_the_wild_tts,wav,,cc-by-sa-4.0,eval,,,https://huggingface.co/datasets/mueller91/In-The-Wild
/data/mighty-morphing/audio/public/in_the_wild/release_in_the_wild/release_in_the_wild/506.wav,real,in_the_wild,Bernie Sanders,en,,authentic_public_web,wav,,cc-by-sa-4.0,eval,,,https://huggingface.co/datasets/mueller91/In-The-Wild
/data/mighty-morphing/audio/public/in_the_wild/release_in_the_wild/release_in_the_wild/507.wav,real,in_the_wild,Arnold Schwarzenegger,en,,authentic_public_web,wav,,cc-by-sa-4.0,eval,,,https://huggingface.co/datasets/mueller91/In-The-Wild
/data/mighty-morphing/audio/public/in_the_wild/release_in_the_wild/release_in_the_wild/508.wav,real,in_the_wild,Barack Obama,en,,authentic_public_web,wav,,cc-by-sa-4.0,eval,,,https://huggingface.co/datasets/mueller91/In-The-Wild
/data/mighty-morphing/audio/public/in_the_wild/release_in_the_wild/release_in_the_wild/509.wav,synthetic,in_the_wild,Gilbert Gottfried,en,unknown_public_web,in_the_wild_tts,wav,,cc-by-sa-4.0,eval,,,https://huggingface.co/datasets/mueller91/In-The-Wild
/data/mighty-morphing/audio/public/in_the_wild/release_in_the_wild/release_in_the_wild/510.wav,real,in_the_wild,Alan Watts,en,,authentic_public_web,wav,,cc-by-sa-4.0,eval,,,https://huggingface.co/datasets/mueller91/In-The-Wild
/data/mighty-morphing/audio/public/in_the_wild/release_in_the_wild/release_in_the_wild/511.wav,real,in_the_wild,Bill Burr,en,,authentic_public_web,wav,,cc-by-sa-4.0,eval,,,https://huggingface.co/datasets/mueller91/In-The-Wild
/data/mighty-morphing/audio/public/in_the_wild/release_in_the_wild/release_in_the_wild/512.wav,synthetic,in_the_wild,Louis C.K.,en,unknown_public_web,in_the_wild_tts,wav,,cc-by-sa-4.0,eval,,,https://huggingface.co/datasets/mueller91/In-The-Wild
/data/mighty-morphing/audio/public/in_the_wild/release_in_the_wild/release_in_the_wild/513.wav,real,in_the_wild,FDR,en,,authentic_public_web,wav,,cc-by-sa-4.0,eval,,,https://huggingface.co/datasets/mueller91/In-The-Wild
/data/mighty-morphing/audio/public/in_the_wild/release_in_the_wild/release_in_the_wild/514.wav,synthetic,in_the_wild,Richard Nixon,en,unknown_public_web,in_the_wild_tts,wav,,cc-by-sa-4.0,eval,,,https://huggingface.co/datasets/mueller91/In-The-Wild
/data/mighty-morphing/audio/public/in_the_wild/release_in_the_wild/release_in_the_wild/515.wav,synthetic,in_the_wild,Bill Clinton,en,unknown_public_web,in_the_wild_tts,wav,,cc-by-sa-4.0,eval,,,https://huggingface.co/datasets/mueller91/In-The-Wild
/data/mighty-morphing/audio/public/in_the_wild/release_in_the_wild/release_in_the_wild/516.wav,real,in_the_wild,JFK,en,,authentic_public_web,wav,,cc-by-sa-4.0,eval,,,https://huggingface.co/datasets/mueller91/In-The-Wild
/data/mighty-morphing/audio/public/in_the_wild/release_in_the_wild/release_in_the_wild/517.wav,real,in_the_wild,Donald Trump,en,,authentic_public_web,wav,,cc-by-sa-4.0,eval,,,https://huggingface.co/datasets/mueller91/In-The-Wild
/data/mighty-morphing/audio/public/in_the_wild/release_in_the_wild/release_in_the_wild/518.wav,real,in_the_wild,Milton Friedman,en,,authentic_public_web,wav,,cc-by-sa-4.0,eval,,,https://huggingface.co/datasets/mueller91/In-The-Wild
/data/mighty-morphing/audio/public/in_the_wild/release_in_the_wild/release_in_the_wild/519.wav,synthetic,in_the_wild,Alec Guinness,en,unknown_public_web,in_the_wild_tts,wav,,cc-by-sa-4.0,eval,,,https://huggingface.co/datasets/mueller91/In-The-Wild
/data/mighty-morphing/audio/public/in_the_wild/release_in_the_wild/release_in_the_wild/520.wav,real,in_the_wild,Barack Obama,en,,authentic_public_web,wav,,cc-by-sa-4.0,eval,,,https://huggingface.co/datasets/mueller91/In-The-Wild
/data/mighty-morphing/audio/public/in_the_wild/release_in_the_wild/release_in_the_wild/521.wav,real,in_the_wild,Barack Obama,en,,authentic_public_web,wav,,cc-by-sa-4.0,eval,,,https://huggingface.co/datasets/mueller91/In-The-Wild
/data/mighty-morphing/audio/public/in_the_wild/release_in_the_wild/release_in_the_wild/522.wav,real,in_the_wild,Alec Guinness,en,,authentic_public_web,wav,,cc-by-sa-4.0,eval,,,https://huggingface.co/datasets/mueller91/In-The-Wild
/data/mighty-morphing/audio/public/in_the_wild/release_in_the_wild/release_in_the_wild/523.wav,real,in_the_wild,Louis Farrakhan,en,,authentic_public_web,wav,,cc-by-sa-4.0,eval,,,https://huggingface.co/datasets/mueller91/In-The-Wild
/data/mighty-morphing/audio/public/in_the_wild/release_in_the_wild/release_in_the_wild/524.wav,real,in_the_wild,Barack Obama,en,,authentic_public_web,wav,,cc-by-sa-4.0,eval,,,https://huggingface.co/datasets/mueller91/In-The-Wild
/data/mighty-morphing/audio/public/in_the_wild/release_in_the_wild/release_in_the_wild/525.wav,synthetic,in_the_wild,Mark Zuckerberg,en,unknown_public_web,in_the_wild_tts,wav,,cc-by-sa-4.0,eval,,,https://huggingface.co/datasets/mueller91/In-The-Wild
/data/mighty-morphing/audio/public/in_the_wild/release_in_the_wild/release_in_the_wild/526.wav,synthetic,in_the_wild,The Notorious B.I.G.,en,unknown_public_web,in_the_wild_tts,wav,,cc-by-sa-4.0,eval,,,https://huggingface.co/datasets/mueller91/In-The-Wild
/data/mighty-morphing/audio/public/in_the_wild/release_in_the_wild/release_in_the_wild/527.wav,synthetic,in_the_wild,FDR,en,unknown_public_web,in_the_wild_tts,wav,,cc-by-sa-4.0,eval,,,https://huggingface.co/datasets/mueller91/In-The-Wild
/data/mighty-morphing/audio/public/in_the_wild/release_in_the_wild/release_in_the_wild/528.wav,synthetic,in_the_wild,Alan Watts,en,unknown_public_web,in_the_wild_tts,wav,,cc-by-sa-4.0,eval,,,https://huggingface.co/datasets/mueller91/In-The-Wild
/data/mighty-morphing/audio/public/in_the_wild/release_in_the_wild/release_in_the_wild/529.wav,real,in_the_wild,Alec Guinness,en,,authentic_public_web,wav,,cc-by-sa-4.0,eval,,,https://huggingface.co/datasets/mueller91/In-The-Wild
/data/mighty-morphing/audio/public/in_the_wild/release_in_the_wild/release_in_the_wild/530.wav,real,in_the_wild,Barack Obama,en,,authentic_public_web,wav,,cc-by-sa-4.0,eval,,,https://huggingface.co/datasets/mueller91/In-The-Wild
/data/mighty-morphing/audio/public/in_the_wild/release_in_the_wild/release_in_the_wild/531.wav,synthetic,in_the_wild,Ronald Reagan,en,unknown_public_web,in_the_wild_tts,wav,,cc-by-sa-4.0,eval,,,https://huggingface.co/datasets/mueller91/In-The-Wild
/data/mighty-morphing/audio/public/in_the_wild/release_in_the_wild/release_in_the_wild/532.wav,real,in_the_wild,John Cleese,en,,authentic_public_web,wav,,cc-by-sa-4.0,eval,,,https://huggingface.co/datasets/mueller91/In-The-Wild
/data/mighty-morphing/audio/public/in_the_wild/release_in_the_wild/release_in_the_wild/533.wav,real,in_the_wild,Donald Trump,en,,authentic_public_web,wav,,cc-by-sa-4.0,eval,,,https://huggingface.co/datasets/mueller91/In-The-Wild
/data/mighty-morphing/audio/public/in_the_wild/release_in_the_wild/release_in_the_wild/534.wav,real,in_the_wild,Barack Obama,en,,authentic_public_web,wav,,cc-by-sa-4.0,eval,,,https://huggingface.co/datasets/mueller91/In-The-Wild
/data/mighty-morphing/audio/public/in_the_wild/release_in_the_wild/release_in_the_wild/535.wav,synthetic,in_the_wild,The Notorious B.I.G.,en,unknown_public_web,in_the_wild_tts,wav,,cc-by-sa-4.0,eval,,,https://huggingface.co/datasets/mueller91/In-The-Wild
/data/mighty-morphing/audio/public/in_the_wild/release_in_the_wild/release_in_the_wild/536.wav,synthetic,in_the_wild,Winston Churchill,en,unknown_public_web,in_the_wild_tts,wav,,cc-by-sa-4.0,eval,,,https://huggingface.co/datasets/mueller91/In-The-Wild
/data/mighty-morphing/audio/public/in_the_wild/release_in_the_wild/release_in_the_wild/537.wav,synthetic,in_the_wild,JFK,en,unknown_public_web,in_the_wild_tts,wav,,cc-by-sa-4.0,eval,,,https://huggingface.co/datasets/mueller91/In-The-Wild
/data/mighty-morphing/audio/public/in_the_wild/release_in_the_wild/release_in_the_wild/538.wav,synthetic,in_the_wild,The Notorious B.I.G.,en,unknown_public_web,in_the_wild_tts,wav,,cc-by-sa-4.0,eval,,,https://huggingface.co/datasets/mueller91/In-The-Wild
/data/mighty-morphing/audio/public/in_the_wild/release_in_the_wild/release_in_the_wild/539.wav,real,in_the_wild,Bernie Sanders,en,,authentic_public_web,wav,,cc-by-sa-4.0,eval,,,https://huggingface.co/datasets/mueller91/In-The-Wild
/data/mighty-morphing/audio/public/in_the_wild/release_in_the_wild/release_in_the_wild/540.wav,synthetic,in_the_wild,Ayn Rand,en,unknown_public_web,in_the_wild_tts,wav,,cc-by-sa-4.0,eval,,,https://huggingface.co/datasets/mueller91/In-The-Wild
/data/mighty-morphing/audio/public/in_the_wild/release_in_the_wild/release_in_the_wild/541.wav,synthetic,in_the_wild,Ayn Rand,en,unknown_public_web,in_the_wild_tts,wav,,cc-by-sa-4.0,eval,,,https://huggingface.co/datasets/mueller91/In-The-Wild
/data/mighty-morphing/audio/public/in_the_wild/release_in_the_wild/release_in_the_wild/542.wav,synthetic,in_the_wild,Louis Farrakhan,en,unknown_public_web,in_the_wild_tts,wav,,cc-by-sa-4.0,eval,,,https://huggingface.co/datasets/mueller91/In-The-Wild
/data/mighty-morphing/audio/public/in_the_wild/release_in_the_wild/release_in_the_wild/543.wav,real,in_the_wild,Winston Churchill,en,,authentic_public_web,wav,,cc-by-sa-4.0,eval,,,https://huggingface.co/datasets/mueller91/In-The-Wild
/data/mighty-morphing/audio/public/in_the_wild/release_in_the_wild/release_in_the_wild/544.wav,synthetic,in_the_wild,Alec Guinness,en,unknown_public_web,in_the_wild_tts,wav,,cc-by-sa-4.0,eval,,,https://huggingface.co/datasets/mueller91/In-The-Wild
/data/mighty-morphing/audio/public/in_the_wild/release_in_the_wild/release_in_the_wild/545.wav,synthetic,in_the_wild,Milton Friedman,en,unknown_public_web,in_the_wild_tts,wav,,cc-by-sa-4.0,eval,,,https://huggingface.co/datasets/mueller91/In-The-Wild
/data/mighty-morphing/audio/public/in_the_wild/release_in_the_wild/release_in_the_wild/546.wav,synthetic,in_the_wild,Bernie Sanders,en,unknown_public_web,in_the_wild_tts,wav,,cc-by-sa-4.0,eval,,,https://huggingface.co/datasets/mueller91/In-The-Wild
/data/mighty-morphing/audio/public/in_the_wild/release_in_the_wild/release_in_the_wild/547.wav,synthetic,in_the_wild,FDR,en,unknown_public_web,in_the_wild_tts,wav,,cc-by-sa-4.0,eval,,,https://huggingface.co/datasets/mueller91/In-The-Wild
/data/mighty-morphing/audio/public/in_the_wild/release_in_the_wild/release_in_the_wild/548.wav,real,in_the_wild,Bernie Sanders,en,,authentic_public_web,wav,,cc-by-sa-4.0,eval,,,https://huggingface.co/datasets/mueller91/In-The-Wild
/data/mighty-morphing/audio/public/in_the_wild/release_in_the_wild/release_in_the_wild/549.wav,synthetic,in_the_wild,JFK,en,unknown_public_web,in_the_wild_tts,wav,,cc-by-sa-4.0,eval,,,https://huggingface.co/datasets/mueller91/In-The-Wild
/data/mighty-morphing/audio/public/in_the_wild/release_in_the_wild/release_in_the_wild/550.wav,synthetic,in_the_wild,Mark Zuckerberg,en,unknown_public_web,in_the_wild_tts,wav,,cc-by-sa-4.0,eval,,,https://huggingface.co/datasets/mueller91/In-The-Wild
/data/mighty-morphing/audio/public/in_the_wild/release_in_the_wild/release_in_the_wild/551.wav,real,in_the_wild,Donald Trump,en,,authentic_public_web,wav,,cc-by-sa-4.0,eval,,,https://huggingface.co/datasets/mueller91/In-The-Wild
/data/mighty-morphing/audio/public/in_the_wild/release_in_the_wild/release_in_the_wild/552.wav,real,in_the_wild,Alexandria Ocasio-Cortez,en,,authentic_public_web,wav,,cc-by-sa-4.0,eval,,,https://huggingface.co/datasets/mueller91/In-The-Wild
/data/mighty-morphing/audio/public/in_the_wild/release_in_the_wild/release_in_the_wild/553.wav,real,in_the_wild,Donald Trump,en,,authentic_public_web,wav,,cc-by-sa-4.0,eval,,,https://huggingface.co/datasets/mueller91/In-The-Wild
/data/mighty-morphing/audio/public/in_the_wild/release_in_the_wild/release_in_the_wild/554.wav,real,in_the_wild,Winston Churchill,en,,authentic_public_web,wav,,cc-by-sa-4.0,eval,,,https://huggingface.co/datasets/mueller91/In-The-Wild
/data/mighty-morphing/audio/public/in_the_wild/release_in_the_wild/release_in_the_wild/555.wav,real,in_the_wild,Donald Trump,en,,authentic_public_web,wav,,cc-by-sa-4.0,eval,,,https://huggingface.co/datasets/mueller91/In-The-Wild
/data/mighty-morphing/audio/public/in_the_wild/release_in_the_wild/release_in_the_wild/556.wav,real,in_the_wild,Donald Trump,en,,authentic_public_web,wav,,cc-by-sa-4.0,eval,,,https://huggingface.co/datasets/mueller91/In-The-Wild
/data/mighty-morphing/audio/public/in_the_wild/release_in_the_wild/release_in_the_wild/557.wav,synthetic,in_the_wild,Barack Obama,en,unknown_public_web,in_the_wild_tts,wav,,cc-by-sa-4.0,eval,,,https://huggingface.co/datasets/mueller91/In-The-Wild
/data/mighty-morphing/audio/public/in_the_wild/release_in_the_wild/release_in_the_wild/558.wav,real,in_the_wild,Alec Guinness,en,,authentic_public_web,wav,,cc-by-sa-4.0,eval,,,https://huggingface.co/datasets/mueller91/In-The-Wild
/data/mighty-morphing/audio/public/in_the_wild/release_in_the_wild/release_in_the_wild/559.wav,real,in_the_wild,Ayn Rand,en,,authentic_public_web,wav,,cc-by-sa-4.0,eval,,,https://huggingface.co/datasets/mueller91/In-The-Wild
/data/mighty-morphing/audio/public/in_the_wild/release_in_the_wild/release_in_the_wild/560.wav,synthetic,in_the_wild,Malcolm X,en,unknown_public_web,in_the_wild_tts,wav,,cc-by-sa-4.0,eval,,,https://huggingface.co/datasets/mueller91/In-The-Wild
/data/mighty-morphing/audio/public/in_the_wild/release_in_the_wild/release_in_the_wild/561.wav,synthetic,in_the_wild,Alec Guinness,en,unknown_public_web,in_the_wild_tts,wav,,cc-by-sa-4.0,eval,,,https://huggingface.co/datasets/mueller91/In-The-Wild
/data/mighty-morphing/audio/public/in_the_wild/release_in_the_wild/release_in_the_wild/562.wav,synthetic,in_the_wild,Alec Guinness,en,unknown_public_web,in_the_wild_tts,wav,,cc-by-sa-4.0,eval,,,https://huggingface.co/datasets/mueller91/In-The-Wild
/data/mighty-morphing/audio/public/in_the_wild/release_in_the_wild/release_in_the_wild/563.wav,real,in_the_wild,Bill Clinton,en,,authentic_public_web,wav,,cc-by-sa-4.0,eval,,,https://huggingface.co/datasets/mueller91/In-The-Wild
/data/mighty-morphing/audio/public/in_the_wild/release_in_the_wild/release_in_the_wild/564.wav,real,in_the_wild,Mark Zuckerberg,en,,authentic_public_web,wav,,cc-by-sa-4.0,eval,,,https://huggingface.co/datasets/mueller91/In-The-Wild
/data/mighty-morphing/audio/public/in_the_wild/release_in_the_wild/release_in_the_wild/565.wav,synthetic,in_the_wild,Queen Elizabeth II,en,unknown_public_web,in_the_wild_tts,wav,,cc-by-sa-4.0,eval,,,https://huggingface.co/datasets/mueller91/In-The-Wild
/data/mighty-morphing/audio/public/in_the_wild/release_in_the_wild/release_in_the_wild/566.wav,synthetic,in_the_wild,Alec Guinness,en,unknown_public_web,in_the_wild_tts,wav,,cc-by-sa-4.0,eval,,,https://huggingface.co/datasets/mueller91/In-The-Wild
/data/mighty-morphing/audio/public/in_the_wild/release_in_the_wild/release_in_the_wild/567.wav,synthetic,in_the_wild,Richard Nixon,en,unknown_public_web,in_the_wild_tts,wav,,cc-by-sa-4.0,eval,,,https://huggingface.co/datasets/mueller91/In-The-Wild
/data/mighty-morphing/audio/public/in_the_wild/release_in_the_wild/release_in_the_wild/568.wav,real,in_the_wild,Adam Driver,en,,authentic_public_web,wav,,cc-by-sa-4.0,eval,,,https://huggingface.co/datasets/mueller91/In-The-Wild
/data/mighty-morphing/audio/public/in_the_wild/release_in_the_wild/release_in_the_wild/569.wav,synthetic,in_the_wild,Bernie Sanders,en,unknown_public_web,in_the_wild_tts,wav,,cc-by-sa-4.0,eval,,,https://huggingface.co/datasets/mueller91/In-The-Wild
/data/mighty-morphing/audio/public/in_the_wild/release_in_the_wild/release_in_the_wild/570.wav,synthetic,in_the_wild,The Notorious B.I.G.,en,unknown_public_web,in_the_wild_tts,wav,,cc-by-sa-4.0,eval,,,https://huggingface.co/datasets/mueller91/In-The-Wild
/data/mighty-morphing/audio/public/in_the_wild/release_in_the_wild/release_in_the_wild/571.wav,synthetic,in_the_wild,Christopher Hitchens,en,unknown_public_web,in_the_wild_tts,wav,,cc-by-sa-4.0,eval,,,https://huggingface.co/datasets/mueller91/In-The-Wild
/data/mighty-morphing/audio/public/in_the_wild/release_in_the_wild/release_in_the_wild/572.wav,synthetic,in_the_wild,The Notorious B.I.G.,en,unknown_public_web,in_the_wild_tts,wav,,cc-by-sa-4.0,eval,,,https://huggingface.co/datasets/mueller91/In-The-Wild
/data/mighty-morphing/audio/public/in_the_wild/release_in_the_wild/release_in_the_wild/573.wav,synthetic,in_the_wild,Christopher Hitchens,en,unknown_public_web,in_the_wild_tts,wav,,cc-by-sa-4.0,eval,,,https://huggingface.co/datasets/mueller91/In-The-Wild
/data/mighty-morphing/audio/public/in_the_wild/release_in_the_wild/release_in_the_wild/574.wav,synthetic,in_the_wild,Alec Guinness,en,unknown_public_web,in_the_wild_tts,wav,,cc-by-sa-4.0,eval,,,https://huggingface.co/datasets/mueller91/In-The-Wild
/data/mighty-morphing/audio/public/in_the_wild/release_in_the_wild/release_in_the_wild/575.wav,real,in_the_wild,2Pac,en,,authentic_public_web,wav,,cc-by-sa-4.0,eval,,,https://huggingface.co/datasets/mueller91/In-The-Wild
/data/mighty-morphing/audio/public/in_the_wild/release_in_the_wild/release_in_the_wild/576.wav,real,in_the_wild,Bernie Sanders,en,,authentic_public_web,wav,,cc-by-sa-4.0,eval,,,https://huggingface.co/datasets/mueller91/In-The-Wild
/data/mighty-morphing/audio/public/in_the_wild/release_in_the_wild/release_in_the_wild/577.wav,synthetic,in_the_wild,Christopher Hitchens,en,unknown_public_web,in_the_wild_tts,wav,,cc-by-sa-4.0,eval,,,https://huggingface.co/datasets/mueller91/In-The-Wild
/data/mighty-morphing/audio/public/in_the_wild/release_in_the_wild/release_in_the_wild/578.wav,synthetic,in_the_wild,Ayn Rand,en,unknown_public_web,in_the_wild_tts,wav,,cc-by-sa-4.0,eval,,,https://huggingface.co/datasets/mueller91/In-The-Wild
/data/mighty-morphing/audio/public/in_the_wild/release_in_the_wild/release_in_the_wild/579.wav,synthetic,in_the_wild,Alec Guinness,en,unknown_public_web,in_the_wild_tts,wav,,cc-by-sa-4.0,eval,,,https://huggingface.co/datasets/mueller91/In-The-Wild
/data/mighty-morphing/audio/public/in_the_wild/release_in_the_wild/release_in_the_wild/580.wav,real,in_the_wild,Alec Guinness,en,,authentic_public_web,wav,,cc-by-sa-4.0,eval,,,https://huggingface.co/datasets/mueller91/In-The-Wild
/data/mighty-morphing/audio/public/in_the_wild/release_in_the_wild/release_in_the_wild/581.wav,real,in_the_wild,JFK,en,,authentic_public_web,wav,,cc-by-sa-4.0,eval,,,https://huggingface.co/datasets/mueller91/In-The-Wild
/data/mighty-morphing/audio/public/in_the_wild/release_in_the_wild/release_in_the_wild/582.wav,real,in_the_wild,Donald Trump,en,,authentic_public_web,wav,,cc-by-sa-4.0,eval,,,https://huggingface.co/datasets/mueller91/In-The-Wild
/data/mighty-morphing/audio/public/in_the_wild/release_in_the_wild/release_in_the_wild/583.wav,real,in_the_wild,Christopher Hitchens,en,,authentic_public_web,wav,,cc-by-sa-4.0,eval,,,https://huggingface.co/datasets/mueller91/In-The-Wild
/data/mighty-morphing/audio/public/in_the_wild/release_in_the_wild/release_in_the_wild/584.wav,real,in_the_wild,Christopher Hitchens,en,,authentic_public_web,wav,,cc-by-sa-4.0,eval,,,https://huggingface.co/datasets/mueller91/In-The-Wild
/data/mighty-morphing/audio/public/in_the_wild/release_in_the_wild/release_in_the_wild/585.wav,real,in_the_wild,Christopher Hitchens,en,,authentic_public_web,wav,,cc-by-sa-4.0,eval,,,https://huggingface.co/datasets/mueller91/In-The-Wild
/data/mighty-morphing/audio/public/in_the_wild/release_in_the_wild/release_in_the_wild/586.wav,synthetic,in_the_wild,Robert Kardashian,en,unknown_public_web,in_the_wild_tts,wav,,cc-by-sa-4.0,eval,,,https://huggingface.co/datasets/mueller91/In-The-Wild
/data/mighty-morphing/audio/public/in_the_wild/release_in_the_wild/release_in_the_wild/587.wav,real,in_the_wild,Barack Obama,en,,authentic_public_web,wav,,cc-by-sa-4.0,eval,,,https://huggingface.co/datasets/mueller91/In-The-Wild
/data/mighty-morphing/audio/public/in_the_wild/release_in_the_wild/release_in_the_wild/588.wav,real,in_the_wild,Christopher Hitchens,en,,authentic_public_web,wav,,cc-by-sa-4.0,eval,,,https://huggingface.co/datasets/mueller91/In-The-Wild
/data/mighty-morphing/audio/public/in_the_wild/release_in_the_wild/release_in_the_wild/589.wav,real,in_the_wild,Barack Obama,en,,authentic_public_web,wav,,cc-by-sa-4.0,eval,,,https://huggingface.co/datasets/mueller91/In-The-Wild
/data/mighty-morphing/audio/public/in_the_wild/release_in_the_wild/release_in_the_wild/590.wav,real,in_the_wild,Alexandria Ocasio-Cortez,en,,authentic_public_web,wav,,cc-by-sa-4.0,eval,,,https://huggingface.co/datasets/mueller91/In-The-Wild
/data/mighty-morphing/audio/public/in_the_wild/release_in_the_wild/release_in_the_wild/591.wav,real,in_the_wild,Bernie Sanders,en,,authentic_public_web,wav,,cc-by-sa-4.0,eval,,,https://huggingface.co/datasets/mueller91/In-The-Wild
/data/mighty-morphing/audio/public/in_the_wild/release_in_the_wild/release_in_the_wild/592.wav,synthetic,in_the_wild,Bernie Sanders,en,unknown_public_web,in_the_wild_tts,wav,,cc-by-sa-4.0,eval,,,https://huggingface.co/datasets/mueller91/In-The-Wild
/data/mighty-morphing/audio/public/in_the_wild/release_in_the_wild/release_in_the_wild/593.wav,synthetic,in_the_wild,Christopher Hitchens,en,unknown_public_web,in_the_wild_tts,wav,,cc-by-sa-4.0,eval,,,https://huggingface.co/datasets/mueller91/In-The-Wild
/data/mighty-morphing/audio/public/in_the_wild/release_in_the_wild/release_in_the_wild/594.wav,synthetic,in_the_wild,Bernie Sanders,en,unknown_public_web,in_the_wild_tts,wav,,cc-by-sa-4.0,eval,,,https://huggingface.co/datasets/mueller91/In-The-Wild
/data/mighty-morphing/audio/public/in_the_wild/release_in_the_wild/release_in_the_wild/595.wav,real,in_the_wild,Winston Churchill,en,,authentic_public_web,wav,,cc-by-sa-4.0,eval,,,https://huggingface.co/datasets/mueller91/In-The-Wild
/data/mighty-morphing/audio/public/in_the_wild/release_in_the_wild/release_in_the_wild/596.wav,real,in_the_wild,Donald Trump,en,,authentic_public_web,wav,,cc-by-sa-4.0,eval,,,https://huggingface.co/datasets/mueller91/In-The-Wild
/data/mighty-morphing/audio/public/in_the_wild/release_in_the_wild/release_in_the_wild/597.wav,synthetic,in_the_wild,Christopher Hitchens,en,unknown_public_web,in_the_wild_tts,wav,,cc-by-sa-4.0,eval,,,https://huggingface.co/datasets/mueller91/In-The-Wild
/data/mighty-morphing/audio/public/in_the_wild/release_in_the_wild/release_in_the_wild/598.wav,real,in_the_wild,Winston Churchill,en,,authentic_public_web,wav,,cc-by-sa-4.0,eval,,,https://huggingface.co/datasets/mueller91/In-The-Wild
/data/mighty-morphing/audio/public/in_the_wild/release_in_the_wild/release_in_the_wild/599.wav,real,in_the_wild,Barack Obama,en,,authentic_public_web,wav,,cc-by-sa-4.0,eval,,,https://huggingface.co/datasets/mueller91/In-The-Wild
/data/mighty-morphing/audio/public/in_the_wild/release_in_the_wild/release_in_the_wild/600.wav,real,in_the_wild,Martin Luther King,en,,authentic_public_web,wav,,cc-by-sa-4.0,eval,,,https://huggingface.co/datasets/mueller91/In-The-Wild
/data/mighty-morphing/audio/public/in_the_wild/release_in_the_wild/release_in_the_wild/601.wav,real,in_the_wild,Bernie Sanders,en,,authentic_public_web,wav,,cc-by-sa-4.0,eval,,,https://huggingface.co/datasets/mueller91/In-The-Wild
/data/mighty-morphing/audio/public/in_the_wild/release_in_the_wild/release_in_the_wild/602.wav,real,in_the_wild,Donald Trump,en,,authentic_public_web,wav,,cc-by-sa-4.0,eval,,,https://huggingface.co/datasets/mueller91/In-The-Wild
/data/mighty-morphing/audio/public/in_the_wild/release_in_the_wild/release_in_the_wild/603.wav,real,in_the_wild,Mark Zuckerberg,en,,authentic_public_web,wav,,cc-by-sa-4.0,eval,,,https://huggingface.co/datasets/mueller91/In-The-Wild
/data/mighty-morphing/audio/public/in_the_wild/release_in_the_wild/release_in_the_wild/604.wav,real,in_the_wild,Bill Clinton,en,,authentic_public_web,wav,,cc-by-sa-4.0,eval,,,https://huggingface.co/datasets/mueller91/In-The-Wild
/data/mighty-morphing/audio/public/in_the_wild/release_in_the_wild/release_in_the_wild/605.wav,synthetic,in_the_wild,Donald Trump,en,unknown_public_web,in_the_wild_tts,wav,,cc-by-sa-4.0,eval,,,https://huggingface.co/datasets/mueller91/In-The-Wild
/data/mighty-morphing/audio/public/in_the_wild/release_in_the_wild/release_in_the_wild/606.wav,real,in_the_wild,Alec Guinness,en,,authentic_public_web,wav,,cc-by-sa-4.0,eval,,,https://huggingface.co/datasets/mueller91/In-The-Wild
/data/mighty-morphing/audio/public/in_the_wild/release_in_the_wild/release_in_the_wild/607.wav,real,in_the_wild,Donald Trump,en,,authentic_public_web,wav,,cc-by-sa-4.0,eval,,,https://huggingface.co/datasets/mueller91/In-The-Wild
/data/mighty-morphing/audio/public/in_the_wild/release_in_the_wild/release_in_the_wild/608.wav,real,in_the_wild,Lyndon Johnson,en,,authentic_public_web,wav,,cc-by-sa-4.0,eval,,,https://huggingface.co/datasets/mueller91/In-The-Wild
/data/mighty-morphing/audio/public/in_the_wild/release_in_the_wild/release_in_the_wild/609.wav,synthetic,in_the_wild,Martin Luther King,en,unknown_public_web,in_the_wild_tts,wav,,cc-by-sa-4.0,eval,,,https://huggingface.co/datasets/mueller91/In-The-Wild
/data/mighty-morphing/audio/public/in_the_wild/release_in_the_wild/release_in_the_wild/610.wav,real,in_the_wild,Bernie Sanders,en,,authentic_public_web,wav,,cc-by-sa-4.0,eval,,,https://huggingface.co/datasets/mueller91/In-The-Wild
/data/mighty-morphing/audio/public/in_the_wild/release_in_the_wild/release_in_the_wild/611.wav,real,in_the_wild,Bernie Sanders,en,,authentic_public_web,wav,,cc-by-sa-4.0,eval,,,https://huggingface.co/datasets/mueller91/In-The-Wild
/data/mighty-morphing/audio/public/in_the_wild/release_in_the_wild/release_in_the_wild/612.wav,real,in_the_wild,Ronald Reagan,en,,authentic_public_web,wav,,cc-by-sa-4.0,eval,,,https://huggingface.co/datasets/mueller91/In-The-Wild
/data/mighty-morphing/audio/public/in_the_wild/release_in_the_wild/release_in_the_wild/613.wav,real,in_the_wild,Bernie Sanders,en,,authentic_public_web,wav,,cc-by-sa-4.0,eval,,,https://huggingface.co/datasets/mueller91/In-The-Wild
/data/mighty-morphing/audio/public/in_the_wild/release_in_the_wild/release_in_the_wild/614.wav,synthetic,in_the_wild,Alec Guinness,en,unknown_public_web,in_the_wild_tts,wav,,cc-by-sa-4.0,eval,,,https://huggingface.co/datasets/mueller91/In-The-Wild
/data/mighty-morphing/audio/public/in_the_wild/release_in_the_wild/release_in_the_wild/615.wav,real,in_the_wild,Ayn Rand,en,,authentic_public_web,wav,,cc-by-sa-4.0,eval,,,https://huggingface.co/datasets/mueller91/In-The-Wild
/data/mighty-morphing/audio/public/in_the_wild/release_in_the_wild/release_in_the_wild/616.wav,synthetic,in_the_wild,Mark Zuckerberg,en,unknown_public_web,in_the_wild_tts,wav,,cc-by-sa-4.0,eval,,,https://huggingface.co/datasets/mueller91/In-The-Wild
/data/mighty-morphing/audio/public/in_the_wild/release_in_the_wild/release_in_the_wild/617.wav,real,in_the_wild,Ronald Reagan,en,,authentic_public_web,wav,,cc-by-sa-4.0,eval,,,https://huggingface.co/datasets/mueller91/In-The-Wild
/data/mighty-morphing/audio/public/in_the_wild/release_in_the_wild/release_in_the_wild/618.wav,real,in_the_wild,Martin Luther King,en,,authentic_public_web,wav,,cc-by-sa-4.0,eval,,,https://huggingface.co/datasets/mueller91/In-The-Wild
/data/mighty-morphing/audio/public/in_the_wild/release_in_the_wild/release_in_the_wild/619.wav,real,in_the_wild,Arnold Schwarzenegger,en,,authentic_public_web,wav,,cc-by-sa-4.0,eval,,,https://huggingface.co/datasets/mueller91/In-The-Wild
/data/mighty-morphing/audio/public/in_the_wild/release_in_the_wild/release_in_the_wild/620.wav,real,in_the_wild,Alec Guinness,en,,authentic_public_web,wav,,cc-by-sa-4.0,eval,,,https://huggingface.co/datasets/mueller91/In-The-Wild
/data/mighty-morphing/audio/public/in_the_wild/release_in_the_wild/release_in_the_wild/621.wav,synthetic,in_the_wild,Mark Zuckerberg,en,unknown_public_web,in_the_wild_tts,wav,,cc-by-sa-4.0,eval,,,https://huggingface.co/datasets/mueller91/In-The-Wild
/data/mighty-morphing/audio/public/in_the_wild/release_in_the_wild/release_in_the_wild/622.wav,real,in_the_wild,Barack Obama,en,,authentic_public_web,wav,,cc-by-sa-4.0,eval,,,https://huggingface.co/datasets/mueller91/In-The-Wild
/data/mighty-morphing/audio/public/in_the_wild/release_in_the_wild/release_in_the_wild/623.wav,real,in_the_wild,Bill Clinton,en,,authentic_public_web,wav,,cc-by-sa-4.0,eval,,,https://huggingface.co/datasets/mueller91/In-The-Wild
/data/mighty-morphing/audio/public/in_the_wild/release_in_the_wild/release_in_the_wild/624.wav,real,in_the_wild,Mark Zuckerberg,en,,authentic_public_web,wav,,cc-by-sa-4.0,eval,,,https://huggingface.co/datasets/mueller91/In-The-Wild
/data/mighty-morphing/audio/public/in_the_wild/release_in_the_wild/release_in_the_wild/625.wav,synthetic,in_the_wild,Ronald Reagan,en,unknown_public_web,in_the_wild_tts,wav,,cc-by-sa-4.0,eval,,,https://huggingface.co/datasets/mueller91/In-The-Wild
/data/mighty-morphing/audio/public/in_the_wild/release_in_the_wild/release_in_the_wild/626.wav,real,in_the_wild,Barack Obama,en,,authentic_public_web,wav,,cc-by-sa-4.0,eval,,,https://huggingface.co/datasets/mueller91/In-The-Wild
/data/mighty-morphing/audio/public/in_the_wild/release_in_the_wild/release_in_the_wild/627.wav,synthetic,in_the_wild,Mark Zuckerberg,en,unknown_public_web,in_the_wild_tts,wav,,cc-by-sa-4.0,eval,,,https://huggingface.co/datasets/mueller91/In-The-Wild
/data/mighty-morphing/audio/public/in_the_wild/release_in_the_wild/release_in_the_wild/628.wav,real,in_the_wild,Bill Clinton,en,,authentic_public_web,wav,,cc-by-sa-4.0,eval,,,https://huggingface.co/datasets/mueller91/In-The-Wild
/data/mighty-morphing/audio/public/in_the_wild/release_in_the_wild/release_in_the_wild/629.wav,real,in_the_wild,George Carlin,en,,authentic_public_web,wav,,cc-by-sa-4.0,eval,,,https://huggingface.co/datasets/mueller91/In-The-Wild
/data/mighty-morphing/audio/public/in_the_wild/release_in_the_wild/release_in_the_wild/630.wav,real,in_the_wild,Martin Luther King,en,,authentic_public_web,wav,,cc-by-sa-4.0,eval,,,https://huggingface.co/datasets/mueller91/In-The-Wild
/data/mighty-morphing/audio/public/in_the_wild/release_in_the_wild/release_in_the_wild/631.wav,synthetic,in_the_wild,Alec Guinness,en,unknown_public_web,in_the_wild_tts,wav,,cc-by-sa-4.0,eval,,,https://huggingface.co/datasets/mueller91/In-The-Wild
/data/mighty-morphing/audio/public/in_the_wild/release_in_the_wild/release_in_the_wild/632.wav,real,in_the_wild,Winston Churchill,en,,authentic_public_web,wav,,cc-by-sa-4.0,eval,,,https://huggingface.co/datasets/mueller91/In-The-Wild
/data/mighty-morphing/audio/public/in_the_wild/release_in_the_wild/release_in_the_wild/633.wav,synthetic,in_the_wild,Ayn Rand,en,unknown_public_web,in_the_wild_tts,wav,,cc-by-sa-4.0,eval,,,https://huggingface.co/datasets/mueller91/In-The-Wild
/data/mighty-morphing/audio/public/in_the_wild/release_in_the_wild/release_in_the_wild/634.wav,synthetic,in_the_wild,Bernie Sanders,en,unknown_public_web,in_the_wild_tts,wav,,cc-by-sa-4.0,eval,,,https://huggingface.co/datasets/mueller91/In-The-Wild
/data/mighty-morphing/audio/public/in_the_wild/release_in_the_wild/release_in_the_wild/635.wav,synthetic,in_the_wild,Barack Obama,en,unknown_public_web,in_the_wild_tts,wav,,cc-by-sa-4.0,eval,,,https://huggingface.co/datasets/mueller91/In-The-Wild
/data/mighty-morphing/audio/public/in_the_wild/release_in_the_wild/release_in_the_wild/636.wav,synthetic,in_the_wild,Donald Trump,en,unknown_public_web,in_the_wild_tts,wav,,cc-by-sa-4.0,eval,,,https://huggingface.co/datasets/mueller91/In-The-Wild
/data/mighty-morphing/audio/public/in_the_wild/release_in_the_wild/release_in_the_wild/637.wav,synthetic,in_the_wild,Queen Elizabeth II,en,unknown_public_web,in_the_wild_tts,wav,,cc-by-sa-4.0,eval,,,https://huggingface.co/datasets/mueller91/In-The-Wild
/data/mighty-morphing/audio/public/in_the_wild/release_in_the_wild/release_in_the_wild/638.wav,real,in_the_wild,Donald Trump,en,,authentic_public_web,wav,,cc-by-sa-4.0,eval,,,https://huggingface.co/datasets/mueller91/In-The-Wild
/data/mighty-morphing/audio/public/in_the_wild/release_in_the_wild/release_in_the_wild/639.wav,synthetic,in_the_wild,Martin Luther King,en,unknown_public_web,in_the_wild_tts,wav,,cc-by-sa-4.0,eval,,,https://huggingface.co/datasets/mueller91/In-The-Wild
/data/mighty-morphing/audio/public/in_the_wild/release_in_the_wild/release_in_the_wild/640.wav,real,in_the_wild,Barack Obama,en,,authentic_public_web,wav,,cc-by-sa-4.0,eval,,,https://huggingface.co/datasets/mueller91/In-The-Wild
/data/mighty-morphing/audio/public/in_the_wild/release_in_the_wild/release_in_the_wild/641.wav,synthetic,in_the_wild,Martin Luther King,en,unknown_public_web,in_the_wild_tts,wav,,cc-by-sa-4.0,eval,,,https://huggingface.co/datasets/mueller91/In-The-Wild
/data/mighty-morphing/audio/public/in_the_wild/release_in_the_wild/release_in_the_wild/642.wav,real,in_the_wild,Alec Guinness,en,,authentic_public_web,wav,,cc-by-sa-4.0,eval,,,https://huggingface.co/datasets/mueller91/In-The-Wild
/data/mighty-morphing/audio/public/in_the_wild/release_in_the_wild/release_in_the_wild/643.wav,real,in_the_wild,Donald Trump,en,,authentic_public_web,wav,,cc-by-sa-4.0,eval,,,https://huggingface.co/datasets/mueller91/In-The-Wild
/data/mighty-morphing/audio/public/in_the_wild/release_in_the_wild/release_in_the_wild/644.wav,real,in_the_wild,Bernie Sanders,en,,authentic_public_web,wav,,cc-by-sa-4.0,eval,,,https://huggingface.co/datasets/mueller91/In-The-Wild
/data/mighty-morphing/audio/public/in_the_wild/release_in_the_wild/release_in_the_wild/645.wav,real,in_the_wild,Donald Trump,en,,authentic_public_web,wav,,cc-by-sa-4.0,eval,,,https://huggingface.co/datasets/mueller91/In-The-Wild
/data/mighty-morphing/audio/public/in_the_wild/release_in_the_wild/release_in_the_wild/646.wav,real,in_the_wild,Bill Burr,en,,authentic_public_web,wav,,cc-by-sa-4.0,eval,,,https://huggingface.co/datasets/mueller91/In-The-Wild
/data/mighty-morphing/audio/public/in_the_wild/release_in_the_wild/release_in_the_wild/647.wav,synthetic,in_the_wild,Ronald Reagan,en,unknown_public_web,in_the_wild_tts,wav,,cc-by-sa-4.0,eval,,,https://huggingface.co/datasets/mueller91/In-The-Wild
/data/mighty-morphing/audio/public/in_the_wild/release_in_the_wild/release_in_the_wild/648.wav,real,in_the_wild,Milton Friedman,en,,authentic_public_web,wav,,cc-by-sa-4.0,eval,,,https://huggingface.co/datasets/mueller91/In-The-Wild
/data/mighty-morphing/audio/public/in_the_wild/release_in_the_wild/release_in_the_wild/649.wav,real,in_the_wild,Donald Trump,en,,authentic_public_web,wav,,cc-by-sa-4.0,eval,,,https://huggingface.co/datasets/mueller91/In-The-Wild
/data/mighty-morphing/audio/public/in_the_wild/release_in_the_wild/release_in_the_wild/650.wav,real,in_the_wild,Nick Offerman,en,,authentic_public_web,wav,,cc-by-sa-4.0,eval,,,https://huggingface.co/datasets/mueller91/In-The-Wild
/data/mighty-morphing/audio/public/in_the_wild/release_in_the_wild/release_in_the_wild/651.wav,synthetic,in_the_wild,Bernie Sanders,en,unknown_public_web,in_the_wild_tts,wav,,cc-by-sa-4.0,eval,,,https://huggingface.co/datasets/mueller91/In-The-Wild
/data/mighty-morphing/audio/public/in_the_wild/release_in_the_wild/release_in_the_wild/652.wav,real,in_the_wild,Bill Clinton,en,,authentic_public_web,wav,,cc-by-sa-4.0,eval,,,https://huggingface.co/datasets/mueller91/In-The-Wild
/data/mighty-morphing/audio/public/in_the_wild/release_in_the_wild/release_in_the_wild/653.wav,real,in_the_wild,George Carlin,en,,authentic_public_web,wav,,cc-by-sa-4.0,eval,,,https://huggingface.co/datasets/mueller91/In-The-Wild
/data/mighty-morphing/audio/public/in_the_wild/release_in_the_wild/release_in_the_wild/654.wav,real,in_the_wild,Alec Guinness,en,,authentic_public_web,wav,,cc-by-sa-4.0,eval,,,https://huggingface.co/datasets/mueller91/In-The-Wild
/data/mighty-morphing/audio/public/in_the_wild/release_in_the_wild/release_in_the_wild/655.wav,synthetic,in_the_wild,Alan Watts,en,unknown_public_web,in_the_wild_tts,wav,,cc-by-sa-4.0,eval,,,https://huggingface.co/datasets/mueller91/In-The-Wild
/data/mighty-morphing/audio/public/in_the_wild/release_in_the_wild/release_in_the_wild/656.wav,real,in_the_wild,Richard Nixon,en,,authentic_public_web,wav,,cc-by-sa-4.0,eval,,,https://huggingface.co/datasets/mueller91/In-The-Wild
/data/mighty-morphing/audio/public/in_the_wild/release_in_the_wild/release_in_the_wild/657.wav,synthetic,in_the_wild,Bill Clinton,en,unknown_public_web,in_the_wild_tts,wav,,cc-by-sa-4.0,eval,,,https://huggingface.co/datasets/mueller91/In-The-Wild
/data/mighty-morphing/audio/public/in_the_wild/release_in_the_wild/release_in_the_wild/658.wav,real,in_the_wild,Donald Trump,en,,authentic_public_web,wav,,cc-by-sa-4.0,eval,,,https://huggingface.co/datasets/mueller91/In-The-Wild
/data/mighty-morphing/audio/public/in_the_wild/release_in_the_wild/release_in_the_wild/659.wav,synthetic,in_the_wild,Christopher Hitchens,en,unknown_public_web,in_the_wild_tts,wav,,cc-by-sa-4.0,eval,,,https://huggingface.co/datasets/mueller91/In-The-Wild
/data/mighty-morphing/audio/public/in_the_wild/release_in_the_wild/release_in_the_wild/660.wav,synthetic,in_the_wild,Bill Clinton,en,unknown_public_web,in_the_wild_tts,wav,,cc-by-sa-4.0,eval,,,https://huggingface.co/datasets/mueller91/In-The-Wild
/data/mighty-morphing/audio/public/in_the_wild/release_in_the_wild/release_in_the_wild/661.wav,synthetic,in_the_wild,Christopher Hitchens,en,unknown_public_web,in_the_wild_tts,wav,,cc-by-sa-4.0,eval,,,https://huggingface.co/datasets/mueller91/In-The-Wild
/data/mighty-morphing/audio/public/in_the_wild/release_in_the_wild/release_in_the_wild/662.wav,real,in_the_wild,Bill Clinton,en,,authentic_public_web,wav,,cc-by-sa-4.0,eval,,,https://huggingface.co/datasets/mueller91/In-The-Wild
/data/mighty-morphing/audio/public/in_the_wild/release_in_the_wild/release_in_the_wild/663.wav,synthetic,in_the_wild,Donald Trump,en,unknown_public_web,in_the_wild_tts,wav,,cc-by-sa-4.0,eval,,,https://huggingface.co/datasets/mueller91/In-The-Wild
/data/mighty-morphing/audio/public/in_the_wild/release_in_the_wild/release_in_the_wild/664.wav,synthetic,in_the_wild,Ayn Rand,en,unknown_public_web,in_the_wild_tts,wav,,cc-by-sa-4.0,eval,,,https://huggingface.co/datasets/mueller91/In-The-Wild
/data/mighty-morphing/audio/public/in_the_wild/release_in_the_wild/release_in_the_wild/665.wav,real,in_the_wild,Christopher Hitchens,en,,authentic_public_web,wav,,cc-by-sa-4.0,eval,,,https://huggingface.co/datasets/mueller91/In-The-Wild
/data/mighty-morphing/audio/public/in_the_wild/release_in_the_wild/release_in_the_wild/666.wav,real,in_the_wild,Barack Obama,en,,authentic_public_web,wav,,cc-by-sa-4.0,eval,,,https://huggingface.co/datasets/mueller91/In-The-Wild
/data/mighty-morphing/audio/public/in_the_wild/release_in_the_wild/release_in_the_wild/667.wav,real,in_the_wild,Donald Trump,en,,authentic_public_web,wav,,cc-by-sa-4.0,eval,,,https://huggingface.co/datasets/mueller91/In-The-Wild
/data/mighty-morphing/audio/public/in_the_wild/release_in_the_wild/release_in_the_wild/668.wav,real,in_the_wild,Barack Obama,en,,authentic_public_web,wav,,cc-by-sa-4.0,eval,,,https://huggingface.co/datasets/mueller91/In-The-Wild
/data/mighty-morphing/audio/public/in_the_wild/release_in_the_wild/release_in_the_wild/669.wav,real,in_the_wild,Barack Obama,en,,authentic_public_web,wav,,cc-by-sa-4.0,eval,,,https://huggingface.co/datasets/mueller91/In-The-Wild
/data/mighty-morphing/audio/public/in_the_wild/release_in_the_wild/release_in_the_wild/670.wav,real,in_the_wild,Christopher Hitchens,en,,authentic_public_web,wav,,cc-by-sa-4.0,eval,,,https://huggingface.co/datasets/mueller91/In-The-Wild
/data/mighty-morphing/audio/public/in_the_wild/release_in_the_wild/release_in_the_wild/671.wav,real,in_the_wild,Robert Kardashian,en,,authentic_public_web,wav,,cc-by-sa-4.0,eval,,,https://huggingface.co/datasets/mueller91/In-The-Wild
/data/mighty-morphing/audio/public/in_the_wild/release_in_the_wild/release_in_the_wild/672.wav,real,in_the_wild,Barack Obama,en,,authentic_public_web,wav,,cc-by-sa-4.0,eval,,,https://huggingface.co/datasets/mueller91/In-The-Wild
/data/mighty-morphing/audio/public/in_the_wild/release_in_the_wild/release_in_the_wild/673.wav,real,in_the_wild,Barack Obama,en,,authentic_public_web,wav,,cc-by-sa-4.0,eval,,,https://huggingface.co/datasets/mueller91/In-The-Wild
/data/mighty-morphing/audio/public/in_the_wild/release_in_the_wild/release_in_the_wild/674.wav,real,in_the_wild,Alec Guinness,en,,authentic_public_web,wav,,cc-by-sa-4.0,eval,,,https://huggingface.co/datasets/mueller91/In-The-Wild
/data/mighty-morphing/audio/public/in_the_wild/release_in_the_wild/release_in_the_wild/675.wav,real,in_the_wild,Alec Guinness,en,,authentic_public_web,wav,,cc-by-sa-4.0,eval,,,https://huggingface.co/datasets/mueller91/In-The-Wild
/data/mighty-morphing/audio/public/in_the_wild/release_in_the_wild/release_in_the_wild/676.wav,real,in_the_wild,Barack Obama,en,,authentic_public_web,wav,,cc-by-sa-4.0,eval,,,https://huggingface.co/datasets/mueller91/In-The-Wild
/data/mighty-morphing/audio/public/in_the_wild/release_in_the_wild/release_in_the_wild/677.wav,synthetic,in_the_wild,Richard Nixon,en,unknown_public_web,in_the_wild_tts,wav,,cc-by-sa-4.0,eval,,,https://huggingface.co/datasets/mueller91/In-The-Wild
/data/mighty-morphing/audio/public/in_the_wild/release_in_the_wild/release_in_the_wild/678.wav,real,in_the_wild,Mark Zuckerberg,en,,authentic_public_web,wav,,cc-by-sa-4.0,eval,,,https://huggingface.co/datasets/mueller91/In-The-Wild
/data/mighty-morphing/audio/public/in_the_wild/release_in_the_wild/release_in_the_wild/679.wav,real,in_the_wild,Barack Obama,en,,authentic_public_web,wav,,cc-by-sa-4.0,eval,,,https://huggingface.co/datasets/mueller91/In-The-Wild
/data/mighty-morphing/audio/public/in_the_wild/release_in_the_wild/release_in_the_wild/680.wav,synthetic,in_the_wild,Bill Clinton,en,unknown_public_web,in_the_wild_tts,wav,,cc-by-sa-4.0,eval,,,https://huggingface.co/datasets/mueller91/In-The-Wild
/data/mighty-morphing/audio/public/in_the_wild/release_in_the_wild/release_in_the_wild/681.wav,synthetic,in_the_wild,Bill Clinton,en,unknown_public_web,in_the_wild_tts,wav,,cc-by-sa-4.0,eval,,,https://huggingface.co/datasets/mueller91/In-The-Wild
/data/mighty-morphing/audio/public/in_the_wild/release_in_the_wild/release_in_the_wild/682.wav,synthetic,in_the_wild,George W. Bush,en,unknown_public_web,in_the_wild_tts,wav,,cc-by-sa-4.0,eval,,,https://huggingface.co/datasets/mueller91/In-The-Wild
/data/mighty-morphing/audio/public/in_the_wild/release_in_the_wild/release_in_the_wild/683.wav,real,in_the_wild,Bill Clinton,en,,authentic_public_web,wav,,cc-by-sa-4.0,eval,,,https://huggingface.co/datasets/mueller91/In-The-Wild
/data/mighty-morphing/audio/public/in_the_wild/release_in_the_wild/release_in_the_wild/684.wav,real,in_the_wild,Alexandria Ocasio-Cortez,en,,authentic_public_web,wav,,cc-by-sa-4.0,eval,,,https://huggingface.co/datasets/mueller91/In-The-Wild
/data/mighty-morphing/audio/public/in_the_wild/release_in_the_wild/release_in_the_wild/685.wav,synthetic,in_the_wild,Bernie Sanders,en,unknown_public_web,in_the_wild_tts,wav,,cc-by-sa-4.0,eval,,,https://huggingface.co/datasets/mueller91/In-The-Wild
/data/mighty-morphing/audio/public/in_the_wild/release_in_the_wild/release_in_the_wild/686.wav,real,in_the_wild,Arnold Schwarzenegger,en,,authentic_public_web,wav,,cc-by-sa-4.0,eval,,,https://huggingface.co/datasets/mueller91/In-The-Wild
/data/mighty-morphing/audio/public/in_the_wild/release_in_the_wild/release_in_the_wild/687.wav,synthetic,in_the_wild,2Pac,en,unknown_public_web,in_the_wild_tts,wav,,cc-by-sa-4.0,eval,,,https://huggingface.co/datasets/mueller91/In-The-Wild
/data/mighty-morphing/audio/public/in_the_wild/release_in_the_wild/release_in_the_wild/688.wav,synthetic,in_the_wild,Norm MacDonald,en,unknown_public_web,in_the_wild_tts,wav,,cc-by-sa-4.0,eval,,,https://huggingface.co/datasets/mueller91/In-The-Wild
/data/mighty-morphing/audio/public/in_the_wild/release_in_the_wild/release_in_the_wild/689.wav,real,in_the_wild,Dwight Eisenhower,en,,authentic_public_web,wav,,cc-by-sa-4.0,eval,,,https://huggingface.co/datasets/mueller91/In-The-Wild
/data/mighty-morphing/audio/public/in_the_wild/release_in_the_wild/release_in_the_wild/690.wav,synthetic,in_the_wild,Alec Guinness,en,unknown_public_web,in_the_wild_tts,wav,,cc-by-sa-4.0,eval,,,https://huggingface.co/datasets/mueller91/In-The-Wild
/data/mighty-morphing/audio/public/in_the_wild/release_in_the_wild/release_in_the_wild/691.wav,real,in_the_wild,Louis Farrakhan,en,,authentic_public_web,wav,,cc-by-sa-4.0,eval,,,https://huggingface.co/datasets/mueller91/In-The-Wild
/data/mighty-morphing/audio/public/in_the_wild/release_in_the_wild/release_in_the_wild/692.wav,synthetic,in_the_wild,Louis Farrakhan,en,unknown_public_web,in_the_wild_tts,wav,,cc-by-sa-4.0,eval,,,https://huggingface.co/datasets/mueller91/In-The-Wild
/data/mighty-morphing/audio/public/in_the_wild/release_in_the_wild/release_in_the_wild/693.wav,real,in_the_wild,Bernie Sanders,en,,authentic_public_web,wav,,cc-by-sa-4.0,eval,,,https://huggingface.co/datasets/mueller91/In-The-Wild
/data/mighty-morphing/audio/public/in_the_wild/release_in_the_wild/release_in_the_wild/694.wav,real,in_the_wild,Donald Trump,en,,authentic_public_web,wav,,cc-by-sa-4.0,eval,,,https://huggingface.co/datasets/mueller91/In-The-Wild
/data/mighty-morphing/audio/public/in_the_wild/release_in_the_wild/release_in_the_wild/695.wav,synthetic,in_the_wild,FDR,en,unknown_public_web,in_the_wild_tts,wav,,cc-by-sa-4.0,eval,,,https://huggingface.co/datasets/mueller91/In-The-Wild
/data/mighty-morphing/audio/public/in_the_wild/release_in_the_wild/release_in_the_wild/696.wav,synthetic,in_the_wild,Ronald Reagan,en,unknown_public_web,in_the_wild_tts,wav,,cc-by-sa-4.0,eval,,,https://huggingface.co/datasets/mueller91/In-The-Wild
/data/mighty-morphing/audio/public/in_the_wild/release_in_the_wild/release_in_the_wild/697.wav,real,in_the_wild,Donald Trump,en,,authentic_public_web,wav,,cc-by-sa-4.0,eval,,,https://huggingface.co/datasets/mueller91/In-The-Wild
/data/mighty-morphing/audio/public/in_the_wild/release_in_the_wild/release_in_the_wild/698.wav,real,in_the_wild,Barack Obama,en,,authentic_public_web,wav,,cc-by-sa-4.0,eval,,,https://huggingface.co/datasets/mueller91/In-The-Wild
/data/mighty-morphing/audio/public/in_the_wild/release_in_the_wild/release_in_the_wild/699.wav,real,in_the_wild,Barack Obama,en,,authentic_public_web,wav,,cc-by-sa-4.0,eval,,,https://huggingface.co/datasets/mueller91/In-The-Wild
/data/mighty-morphing/audio/public/in_the_wild/release_in_the_wild/release_in_the_wild/700.wav,real,in_the_wild,Mr. Rogers,en,,authentic_public_web,wav,,cc-by-sa-4.0,eval,,,https://huggingface.co/datasets/mueller91/In-The-Wild
/data/mighty-morphing/audio/public/in_the_wild/release_in_the_wild/release_in_the_wild/701.wav,real,in_the_wild,Barack Obama,en,,authentic_public_web,wav,,cc-by-sa-4.0,eval,,,https://huggingface.co/datasets/mueller91/In-The-Wild
/data/mighty-morphing/audio/public/in_the_wild/release_in_the_wild/release_in_the_wild/702.wav,real,in_the_wild,Bernie Sanders,en,,authentic_public_web,wav,,cc-by-sa-4.0,eval,,,https://huggingface.co/datasets/mueller91/In-The-Wild
/data/mighty-morphing/audio/public/in_the_wild/release_in_the_wild/release_in_the_wild/703.wav,synthetic,in_the_wild,Bill Burr,en,unknown_public_web,in_the_wild_tts,wav,,cc-by-sa-4.0,eval,,,https://huggingface.co/datasets/mueller91/In-The-Wild
/data/mighty-morphing/audio/public/in_the_wild/release_in_the_wild/release_in_the_wild/704.wav,synthetic,in_the_wild,Alec Guinness,en,unknown_public_web,in_the_wild_tts,wav,,cc-by-sa-4.0,eval,,,https://huggingface.co/datasets/mueller91/In-The-Wild
/data/mighty-morphing/audio/public/in_the_wild/release_in_the_wild/release_in_the_wild/705.wav,real,in_the_wild,Louis Farrakhan,en,,authentic_public_web,wav,,cc-by-sa-4.0,eval,,,https://huggingface.co/datasets/mueller91/In-The-Wild
/data/mighty-morphing/audio/public/in_the_wild/release_in_the_wild/release_in_the_wild/706.wav,real,in_the_wild,Mark Zuckerberg,en,,authentic_public_web,wav,,cc-by-sa-4.0,eval,,,https://huggingface.co/datasets/mueller91/In-The-Wild
/data/mighty-morphing/audio/public/in_the_wild/release_in_the_wild/release_in_the_wild/707.wav,real,in_the_wild,Alec Guinness,en,,authentic_public_web,wav,,cc-by-sa-4.0,eval,,,https://huggingface.co/datasets/mueller91/In-The-Wild
/data/mighty-morphing/audio/public/in_the_wild/release_in_the_wild/release_in_the_wild/708.wav,synthetic,in_the_wild,Ayn Rand,en,unknown_public_web,in_the_wild_tts,wav,,cc-by-sa-4.0,eval,,,https://huggingface.co/datasets/mueller91/In-The-Wild
/data/mighty-morphing/audio/public/in_the_wild/release_in_the_wild/release_in_the_wild/709.wav,synthetic,in_the_wild,Ayn Rand,en,unknown_public_web,in_the_wild_tts,wav,,cc-by-sa-4.0,eval,,,https://huggingface.co/datasets/mueller91/In-The-Wild
/data/mighty-morphing/audio/public/in_the_wild/release_in_the_wild/release_in_the_wild/710.wav,real,in_the_wild,Bernie Sanders,en,,authentic_public_web,wav,,cc-by-sa-4.0,eval,,,https://huggingface.co/datasets/mueller91/In-The-Wild
/data/mighty-morphing/audio/public/in_the_wild/release_in_the_wild/release_in_the_wild/711.wav,real,in_the_wild,Barack Obama,en,,authentic_public_web,wav,,cc-by-sa-4.0,eval,,,https://huggingface.co/datasets/mueller91/In-The-Wild
/data/mighty-morphing/audio/public/in_the_wild/release_in_the_wild/release_in_the_wild/712.wav,synthetic,in_the_wild,George W. Bush,en,unknown_public_web,in_the_wild_tts,wav,,cc-by-sa-4.0,eval,,,https://huggingface.co/datasets/mueller91/In-The-Wild
/data/mighty-morphing/audio/public/in_the_wild/release_in_the_wild/release_in_the_wild/713.wav,real,in_the_wild,JFK,en,,authentic_public_web,wav,,cc-by-sa-4.0,eval,,,https://huggingface.co/datasets/mueller91/In-The-Wild
/data/mighty-morphing/audio/public/in_the_wild/release_in_the_wild/release_in_the_wild/714.wav,real,in_the_wild,Donald Trump,en,,authentic_public_web,wav,,cc-by-sa-4.0,eval,,,https://huggingface.co/datasets/mueller91/In-The-Wild
/data/mighty-morphing/audio/public/in_the_wild/release_in_the_wild/release_in_the_wild/715.wav,synthetic,in_the_wild,Bernie Sanders,en,unknown_public_web,in_the_wild_tts,wav,,cc-by-sa-4.0,eval,,,https://huggingface.co/datasets/mueller91/In-The-Wild
/data/mighty-morphing/audio/public/in_the_wild/release_in_the_wild/release_in_the_wild/716.wav,real,in_the_wild,Alec Guinness,en,,authentic_public_web,wav,,cc-by-sa-4.0,eval,,,https://huggingface.co/datasets/mueller91/In-The-Wild
/data/mighty-morphing/audio/public/in_the_wild/release_in_the_wild/release_in_the_wild/717.wav,synthetic,in_the_wild,Mark Zuckerberg,en,unknown_public_web,in_the_wild_tts,wav,,cc-by-sa-4.0,eval,,,https://huggingface.co/datasets/mueller91/In-The-Wild
/data/mighty-morphing/audio/public/in_the_wild/release_in_the_wild/release_in_the_wild/718.wav,synthetic,in_the_wild,Bernie Sanders,en,unknown_public_web,in_the_wild_tts,wav,,cc-by-sa-4.0,eval,,,https://huggingface.co/datasets/mueller91/In-The-Wild
/data/mighty-morphing/audio/public/in_the_wild/release_in_the_wild/release_in_the_wild/719.wav,real,in_the_wild,Barack Obama,en,,authentic_public_web,wav,,cc-by-sa-4.0,eval,,,https://huggingface.co/datasets/mueller91/In-The-Wild
/data/mighty-morphing/audio/public/in_the_wild/release_in_the_wild/release_in_the_wild/720.wav,synthetic,in_the_wild,Mark Zuckerberg,en,unknown_public_web,in_the_wild_tts,wav,,cc-by-sa-4.0,eval,,,https://huggingface.co/datasets/mueller91/In-The-Wild
/data/mighty-morphing/audio/public/in_the_wild/release_in_the_wild/release_in_the_wild/721.wav,real,in_the_wild,Barack Obama,en,,authentic_public_web,wav,,cc-by-sa-4.0,eval,,,https://huggingface.co/datasets/mueller91/In-The-Wild
/data/mighty-morphing/audio/public/in_the_wild/release_in_the_wild/release_in_the_wild/722.wav,synthetic,in_the_wild,Ronald Reagan,en,unknown_public_web,in_the_wild_tts,wav,,cc-by-sa-4.0,eval,,,https://huggingface.co/datasets/mueller91/In-The-Wild
/data/mighty-morphing/audio/public/in_the_wild/release_in_the_wild/release_in_the_wild/723.wav,real,in_the_wild,Arnold Schwarzenegger,en,,authentic_public_web,wav,,cc-by-sa-4.0,eval,,,https://huggingface.co/datasets/mueller91/In-The-Wild
/data/mighty-morphing/audio/public/in_the_wild/release_in_the_wild/release_in_the_wild/724.wav,real,in_the_wild,Ayn Rand,en,,authentic_public_web,wav,,cc-by-sa-4.0,eval,,,https://huggingface.co/datasets/mueller91/In-The-Wild
/data/mighty-morphing/audio/public/in_the_wild/release_in_the_wild/release_in_the_wild/725.wav,real,in_the_wild,Boris Johnson,en,,authentic_public_web,wav,,cc-by-sa-4.0,eval,,,https://huggingface.co/datasets/mueller91/In-The-Wild
/data/mighty-morphing/audio/public/in_the_wild/release_in_the_wild/release_in_the_wild/726.wav,real,in_the_wild,Ayn Rand,en,,authentic_public_web,wav,,cc-by-sa-4.0,eval,,,https://huggingface.co/datasets/mueller91/In-The-Wild
/data/mighty-morphing/audio/public/in_the_wild/release_in_the_wild/release_in_the_wild/727.wav,real,in_the_wild,JFK,en,,authentic_public_web,wav,,cc-by-sa-4.0,eval,,,https://huggingface.co/datasets/mueller91/In-The-Wild
/data/mighty-morphing/audio/public/in_the_wild/release_in_the_wild/release_in_the_wild/728.wav,synthetic,in_the_wild,Jerry Seinfeld,en,unknown_public_web,in_the_wild_tts,wav,,cc-by-sa-4.0,eval,,,https://huggingface.co/datasets/mueller91/In-The-Wild
/data/mighty-morphing/audio/public/in_the_wild/release_in_the_wild/release_in_the_wild/729.wav,real,in_the_wild,Billie Eilish,en,,authentic_public_web,wav,,cc-by-sa-4.0,eval,,,https://huggingface.co/datasets/mueller91/In-The-Wild
/data/mighty-morphing/audio/public/in_the_wild/release_in_the_wild/release_in_the_wild/730.wav,real,in_the_wild,JFK,en,,authentic_public_web,wav,,cc-by-sa-4.0,eval,,,https://huggingface.co/datasets/mueller91/In-The-Wild
/data/mighty-morphing/audio/public/in_the_wild/release_in_the_wild/release_in_the_wild/731.wav,real,in_the_wild,Alec Guinness,en,,authentic_public_web,wav,,cc-by-sa-4.0,eval,,,https://huggingface.co/datasets/mueller91/In-The-Wild
/data/mighty-morphing/audio/public/in_the_wild/release_in_the_wild/release_in_the_wild/732.wav,synthetic,in_the_wild,Mark Zuckerberg,en,unknown_public_web,in_the_wild_tts,wav,,cc-by-sa-4.0,eval,,,https://huggingface.co/datasets/mueller91/In-The-Wild
/data/mighty-morphing/audio/public/in_the_wild/release_in_the_wild/release_in_the_wild/733.wav,real,in_the_wild,Barack Obama,en,,authentic_public_web,wav,,cc-by-sa-4.0,eval,,,https://huggingface.co/datasets/mueller91/In-The-Wild
/data/mighty-morphing/audio/public/in_the_wild/release_in_the_wild/release_in_the_wild/734.wav,real,in_the_wild,Barack Obama,en,,authentic_public_web,wav,,cc-by-sa-4.0,eval,,,https://huggingface.co/datasets/mueller91/In-The-Wild
/data/mighty-morphing/audio/public/in_the_wild/release_in_the_wild/release_in_the_wild/735.wav,real,in_the_wild,Ayn Rand,en,,authentic_public_web,wav,,cc-by-sa-4.0,eval,,,https://huggingface.co/datasets/mueller91/In-The-Wild
/data/mighty-morphing/audio/public/in_the_wild/release_in_the_wild/release_in_the_wild/736.wav,real,in_the_wild,Bernie Sanders,en,,authentic_public_web,wav,,cc-by-sa-4.0,eval,,,https://huggingface.co/datasets/mueller91/In-The-Wild
/data/mighty-morphing/audio/public/in_the_wild/release_in_the_wild/release_in_the_wild/737.wav,synthetic,in_the_wild,Bill Clinton,en,unknown_public_web,in_the_wild_tts,wav,,cc-by-sa-4.0,eval,,,https://huggingface.co/datasets/mueller91/In-The-Wild
/data/mighty-morphing/audio/public/in_the_wild/release_in_the_wild/release_in_the_wild/738.wav,real,in_the_wild,Louis Farrakhan,en,,authentic_public_web,wav,,cc-by-sa-4.0,eval,,,https://huggingface.co/datasets/mueller91/In-The-Wild
/data/mighty-morphing/audio/public/in_the_wild/release_in_the_wild/release_in_the_wild/739.wav,real,in_the_wild,Winston Churchill,en,,authentic_public_web,wav,,cc-by-sa-4.0,eval,,,https://huggingface.co/datasets/mueller91/In-The-Wild
/data/mighty-morphing/audio/public/in_the_wild/release_in_the_wild/release_in_the_wild/740.wav,real,in_the_wild,Donald Trump,en,,authentic_public_web,wav,,cc-by-sa-4.0,eval,,,https://huggingface.co/datasets/mueller91/In-The-Wild
/data/mighty-morphing/audio/public/in_the_wild/release_in_the_wild/release_in_the_wild/741.wav,real,in_the_wild,Alec Guinness,en,,authentic_public_web,wav,,cc-by-sa-4.0,eval,,,https://huggingface.co/datasets/mueller91/In-The-Wild
/data/mighty-morphing/audio/public/in_the_wild/release_in_the_wild/release_in_the_wild/742.wav,real,in_the_wild,Robert Kardashian,en,,authentic_public_web,wav,,cc-by-sa-4.0,eval,,,https://huggingface.co/datasets/mueller91/In-The-Wild
/data/mighty-morphing/audio/public/in_the_wild/release_in_the_wild/release_in_the_wild/743.wav,synthetic,in_the_wild,George Carlin,en,unknown_public_web,in_the_wild_tts,wav,,cc-by-sa-4.0,eval,,,https://huggingface.co/datasets/mueller91/In-The-Wild
/data/mighty-morphing/audio/public/in_the_wild/release_in_the_wild/release_in_the_wild/744.wav,real,in_the_wild,Martin Luther King,en,,authentic_public_web,wav,,cc-by-sa-4.0,eval,,,https://huggingface.co/datasets/mueller91/In-The-Wild
/data/mighty-morphing/audio/public/in_the_wild/release_in_the_wild/release_in_the_wild/745.wav,real,in_the_wild,Bernie Sanders,en,,authentic_public_web,wav,,cc-by-sa-4.0,eval,,,https://huggingface.co/datasets/mueller91/In-The-Wild
/data/mighty-morphing/audio/public/in_the_wild/release_in_the_wild/release_in_the_wild/746.wav,real,in_the_wild,Barack Obama,en,,authentic_public_web,wav,,cc-by-sa-4.0,eval,,,https://huggingface.co/datasets/mueller91/In-The-Wild
/data/mighty-morphing/audio/public/in_the_wild/release_in_the_wild/release_in_the_wild/747.wav,real,in_the_wild,Donald Trump,en,,authentic_public_web,wav,,cc-by-sa-4.0,eval,,,https://huggingface.co/datasets/mueller91/In-The-Wild
/data/mighty-morphing/audio/public/in_the_wild/release_in_the_wild/release_in_the_wild/748.wav,real,in_the_wild,Ayn Rand,en,,authentic_public_web,wav,,cc-by-sa-4.0,eval,,,https://huggingface.co/datasets/mueller91/In-The-Wild
/data/mighty-morphing/audio/public/in_the_wild/release_in_the_wild/release_in_the_wild/749.wav,synthetic,in_the_wild,Bernie Sanders,en,unknown_public_web,in_the_wild_tts,wav,,cc-by-sa-4.0,eval,,,https://huggingface.co/datasets/mueller91/In-The-Wild
/data/mighty-morphing/audio/public/in_the_wild/release_in_the_wild/release_in_the_wild/750.wav,real,in_the_wild,Louis Farrakhan,en,,authentic_public_web,wav,,cc-by-sa-4.0,eval,,,https://huggingface.co/datasets/mueller91/In-The-Wild
/data/mighty-morphing/audio/public/in_the_wild/release_in_the_wild/release_in_the_wild/751.wav,real,in_the_wild,Ayn Rand,en,,authentic_public_web,wav,,cc-by-sa-4.0,eval,,,https://huggingface.co/datasets/mueller91/In-The-Wild
/data/mighty-morphing/audio/public/in_the_wild/release_in_the_wild/release_in_the_wild/752.wav,real,in_the_wild,Martin Luther King,en,,authentic_public_web,wav,,cc-by-sa-4.0,eval,,,https://huggingface.co/datasets/mueller91/In-The-Wild
/data/mighty-morphing/audio/public/in_the_wild/release_in_the_wild/release_in_the_wild/753.wav,synthetic,in_the_wild,Queen Elizabeth II,en,unknown_public_web,in_the_wild_tts,wav,,cc-by-sa-4.0,eval,,,https://huggingface.co/datasets/mueller91/In-The-Wild
/data/mighty-morphing/audio/public/in_the_wild/release_in_the_wild/release_in_the_wild/754.wav,real,in_the_wild,Barack Obama,en,,authentic_public_web,wav,,cc-by-sa-4.0,eval,,,https://huggingface.co/datasets/mueller91/In-The-Wild
/data/mighty-morphing/audio/public/in_the_wild/release_in_the_wild/release_in_the_wild/755.wav,real,in_the_wild,Christopher Hitchens,en,,authentic_public_web,wav,,cc-by-sa-4.0,eval,,,https://huggingface.co/datasets/mueller91/In-The-Wild
/data/mighty-morphing/audio/public/in_the_wild/release_in_the_wild/release_in_the_wild/756.wav,synthetic,in_the_wild,Bernie Sanders,en,unknown_public_web,in_the_wild_tts,wav,,cc-by-sa-4.0,eval,,,https://huggingface.co/datasets/mueller91/In-The-Wild
/data/mighty-morphing/audio/public/in_the_wild/release_in_the_wild/release_in_the_wild/757.wav,real,in_the_wild,Ronald Reagan,en,,authentic_public_web,wav,,cc-by-sa-4.0,eval,,,https://huggingface.co/datasets/mueller91/In-The-Wild
/data/mighty-morphing/audio/public/in_the_wild/release_in_the_wild/release_in_the_wild/758.wav,synthetic,in_the_wild,Barack Obama,en,unknown_public_web,in_the_wild_tts,wav,,cc-by-sa-4.0,eval,,,https://huggingface.co/datasets/mueller91/In-The-Wild
/data/mighty-morphing/audio/public/in_the_wild/release_in_the_wild/release_in_the_wild/759.wav,real,in_the_wild,Louis Farrakhan,en,,authentic_public_web,wav,,cc-by-sa-4.0,eval,,,https://huggingface.co/datasets/mueller91/In-The-Wild
/data/mighty-morphing/audio/public/in_the_wild/release_in_the_wild/release_in_the_wild/760.wav,real,in_the_wild,Barack Obama,en,,authentic_public_web,wav,,cc-by-sa-4.0,eval,,,https://huggingface.co/datasets/mueller91/In-The-Wild
/data/mighty-morphing/audio/public/in_the_wild/release_in_the_wild/release_in_the_wild/761.wav,real,in_the_wild,Donald Trump,en,,authentic_public_web,wav,,cc-by-sa-4.0,eval,,,https://huggingface.co/datasets/mueller91/In-The-Wild
/data/mighty-morphing/audio/public/in_the_wild/release_in_the_wild/release_in_the_wild/762.wav,real,in_the_wild,Alan Watts,en,,authentic_public_web,wav,,cc-by-sa-4.0,eval,,,https://huggingface.co/datasets/mueller91/In-The-Wild
/data/mighty-morphing/audio/public/in_the_wild/release_in_the_wild/release_in_the_wild/763.wav,synthetic,in_the_wild,Norm MacDonald,en,unknown_public_web,in_the_wild_tts,wav,,cc-by-sa-4.0,eval,,,https://huggingface.co/datasets/mueller91/In-The-Wild
/data/mighty-morphing/audio/public/in_the_wild/release_in_the_wild/release_in_the_wild/764.wav,synthetic,in_the_wild,Alec Guinness,en,unknown_public_web,in_the_wild_tts,wav,,cc-by-sa-4.0,eval,,,https://huggingface.co/datasets/mueller91/In-The-Wild
/data/mighty-morphing/audio/public/in_the_wild/release_in_the_wild/release_in_the_wild/765.wav,real,in_the_wild,Alec Guinness,en,,authentic_public_web,wav,,cc-by-sa-4.0,eval,,,https://huggingface.co/datasets/mueller91/In-The-Wild
/data/mighty-morphing/audio/public/in_the_wild/release_in_the_wild/release_in_the_wild/766.wav,real,in_the_wild,Ronald Reagan,en,,authentic_public_web,wav,,cc-by-sa-4.0,eval,,,https://huggingface.co/datasets/mueller91/In-The-Wild
/data/mighty-morphing/audio/public/in_the_wild/release_in_the_wild/release_in_the_wild/767.wav,real,in_the_wild,Donald Trump,en,,authentic_public_web,wav,,cc-by-sa-4.0,eval,,,https://huggingface.co/datasets/mueller91/In-The-Wild
/data/mighty-morphing/audio/public/in_the_wild/release_in_the_wild/release_in_the_wild/768.wav,synthetic,in_the_wild,Ronald Reagan,en,unknown_public_web,in_the_wild_tts,wav,,cc-by-sa-4.0,eval,,,https://huggingface.co/datasets/mueller91/In-The-Wild
/data/mighty-morphing/audio/public/in_the_wild/release_in_the_wild/release_in_the_wild/769.wav,synthetic,in_the_wild,Queen Elizabeth II,en,unknown_public_web,in_the_wild_tts,wav,,cc-by-sa-4.0,eval,,,https://huggingface.co/datasets/mueller91/In-The-Wild
/data/mighty-morphing/audio/public/in_the_wild/release_in_the_wild/release_in_the_wild/770.wav,synthetic,in_the_wild,Christopher Hitchens,en,unknown_public_web,in_the_wild_tts,wav,,cc-by-sa-4.0,eval,,,https://huggingface.co/datasets/mueller91/In-The-Wild
/data/mighty-morphing/audio/public/in_the_wild/release_in_the_wild/release_in_the_wild/771.wav,real,in_the_wild,Donald Trump,en,,authentic_public_web,wav,,cc-by-sa-4.0,eval,,,https://huggingface.co/datasets/mueller91/In-The-Wild
/data/mighty-morphing/audio/public/in_the_wild/release_in_the_wild/release_in_the_wild/772.wav,real,in_the_wild,Donald Trump,en,,authentic_public_web,wav,,cc-by-sa-4.0,eval,,,https://huggingface.co/datasets/mueller91/In-The-Wild
/data/mighty-morphing/audio/public/in_the_wild/release_in_the_wild/release_in_the_wild/773.wav,synthetic,in_the_wild,Bill Burr,en,unknown_public_web,in_the_wild_tts,wav,,cc-by-sa-4.0,eval,,,https://huggingface.co/datasets/mueller91/In-The-Wild
/data/mighty-morphing/audio/public/in_the_wild/release_in_the_wild/release_in_the_wild/774.wav,real,in_the_wild,Barack Obama,en,,authentic_public_web,wav,,cc-by-sa-4.0,eval,,,https://huggingface.co/datasets/mueller91/In-The-Wild
/data/mighty-morphing/audio/public/in_the_wild/release_in_the_wild/release_in_the_wild/775.wav,real,in_the_wild,Barack Obama,en,,authentic_public_web,wav,,cc-by-sa-4.0,eval,,,https://huggingface.co/datasets/mueller91/In-The-Wild
/data/mighty-morphing/audio/public/in_the_wild/release_in_the_wild/release_in_the_wild/776.wav,real,in_the_wild,Barack Obama,en,,authentic_public_web,wav,,cc-by-sa-4.0,eval,,,https://huggingface.co/datasets/mueller91/In-The-Wild
/data/mighty-morphing/audio/public/in_the_wild/release_in_the_wild/release_in_the_wild/777.wav,real,in_the_wild,Malcolm X,en,,authentic_public_web,wav,,cc-by-sa-4.0,eval,,,https://huggingface.co/datasets/mueller91/In-The-Wild
/data/mighty-morphing/audio/public/in_the_wild/release_in_the_wild/release_in_the_wild/778.wav,real,in_the_wild,Boris Johnson,en,,authentic_public_web,wav,,cc-by-sa-4.0,eval,,,https://huggingface.co/datasets/mueller91/In-The-Wild
/data/mighty-morphing/audio/public/in_the_wild/release_in_the_wild/release_in_the_wild/779.wav,real,in_the_wild,Donald Trump,en,,authentic_public_web,wav,,cc-by-sa-4.0,eval,,,https://huggingface.co/datasets/mueller91/In-The-Wild
/data/mighty-morphing/audio/public/in_the_wild/release_in_the_wild/release_in_the_wild/780.wav,real,in_the_wild,Jeff Goldblum,en,,authentic_public_web,wav,,cc-by-sa-4.0,eval,,,https://huggingface.co/datasets/mueller91/In-The-Wild
/data/mighty-morphing/audio/public/in_the_wild/release_in_the_wild/release_in_the_wild/781.wav,synthetic,in_the_wild,Milton Friedman,en,unknown_public_web,in_the_wild_tts,wav,,cc-by-sa-4.0,eval,,,https://huggingface.co/datasets/mueller91/In-The-Wild
/data/mighty-morphing/audio/public/in_the_wild/release_in_the_wild/release_in_the_wild/782.wav,synthetic,in_the_wild,Harry Truman,en,unknown_public_web,in_the_wild_tts,wav,,cc-by-sa-4.0,eval,,,https://huggingface.co/datasets/mueller91/In-The-Wild
/data/mighty-morphing/audio/public/in_the_wild/release_in_the_wild/release_in_the_wild/783.wav,synthetic,in_the_wild,Alec Guinness,en,unknown_public_web,in_the_wild_tts,wav,,cc-by-sa-4.0,eval,,,https://huggingface.co/datasets/mueller91/In-The-Wild
/data/mighty-morphing/audio/public/in_the_wild/release_in_the_wild/release_in_the_wild/784.wav,synthetic,in_the_wild,Mark Zuckerberg,en,unknown_public_web,in_the_wild_tts,wav,,cc-by-sa-4.0,eval,,,https://huggingface.co/datasets/mueller91/In-The-Wild
/data/mighty-morphing/audio/public/in_the_wild/release_in_the_wild/release_in_the_wild/785.wav,real,in_the_wild,Arnold Schwarzenegger,en,,authentic_public_web,wav,,cc-by-sa-4.0,eval,,,https://huggingface.co/datasets/mueller91/In-The-Wild
/data/mighty-morphing/audio/public/in_the_wild/release_in_the_wild/release_in_the_wild/786.wav,real,in_the_wild,Alec Guinness,en,,authentic_public_web,wav,,cc-by-sa-4.0,eval,,,https://huggingface.co/datasets/mueller91/In-The-Wild
/data/mighty-morphing/audio/public/in_the_wild/release_in_the_wild/release_in_the_wild/787.wav,synthetic,in_the_wild,Ayn Rand,en,unknown_public_web,in_the_wild_tts,wav,,cc-by-sa-4.0,eval,,,https://huggingface.co/datasets/mueller91/In-The-Wild
/data/mighty-morphing/audio/public/in_the_wild/release_in_the_wild/release_in_the_wild/788.wav,real,in_the_wild,George Carlin,en,,authentic_public_web,wav,,cc-by-sa-4.0,eval,,,https://huggingface.co/datasets/mueller91/In-The-Wild
/data/mighty-morphing/audio/public/in_the_wild/release_in_the_wild/release_in_the_wild/791.wav,synthetic,in_the_wild,Arnold Schwarzenegger,en,unknown_public_web,in_the_wild_tts,wav,,cc-by-sa-4.0,eval,,,https://huggingface.co/datasets/mueller91/In-The-Wild
/data/mighty-morphing/audio/public/in_the_wild/release_in_the_wild/release_in_the_wild/795.wav,synthetic,in_the_wild,Bill Burr,en,unknown_public_web,in_the_wild_tts,wav,,cc-by-sa-4.0,eval,,,https://huggingface.co/datasets/mueller91/In-The-Wild
/data/mighty-morphing/audio/public/in_the_wild/release_in_the_wild/release_in_the_wild/797.wav,synthetic,in_the_wild,Scarlett Johansson,en,unknown_public_web,in_the_wild_tts,wav,,cc-by-sa-4.0,eval,,,https://huggingface.co/datasets/mueller91/In-The-Wild
/data/mighty-morphing/audio/public/in_the_wild/release_in_the_wild/release_in_the_wild/798.wav,synthetic,in_the_wild,Ayn Rand,en,unknown_public_web,in_the_wild_tts,wav,,cc-by-sa-4.0,eval,,,https://huggingface.co/datasets/mueller91/In-The-Wild
/data/mighty-morphing/audio/public/in_the_wild/release_in_the_wild/release_in_the_wild/800.wav,synthetic,in_the_wild,Ronald Reagan,en,unknown_public_web,in_the_wild_tts,wav,,cc-by-sa-4.0,eval,,,https://huggingface.co/datasets/mueller91/In-The-Wild
/data/mighty-morphing/audio/public/in_the_wild/release_in_the_wild/release_in_the_wild/802.wav,synthetic,in_the_wild,Ayn Rand,en,unknown_public_web,in_the_wild_tts,wav,,cc-by-sa-4.0,eval,,,https://huggingface.co/datasets/mueller91/In-The-Wild
/data/mighty-morphing/audio/public/in_the_wild/release_in_the_wild/release_in_the_wild/803.wav,synthetic,in_the_wild,Winston Churchill,en,unknown_public_web,in_the_wild_tts,wav,,cc-by-sa-4.0,eval,,,https://huggingface.co/datasets/mueller91/In-The-Wild
/data/mighty-morphing/audio/public/in_the_wild/release_in_the_wild/release_in_the_wild/807.wav,synthetic,in_the_wild,Bernie Sanders,en,unknown_public_web,in_the_wild_tts,wav,,cc-by-sa-4.0,eval,,,https://huggingface.co/datasets/mueller91/In-The-Wild
/data/mighty-morphing/audio/public/in_the_wild/release_in_the_wild/release_in_the_wild/809.wav,synthetic,in_the_wild,Nelson Mandela,en,unknown_public_web,in_the_wild_tts,wav,,cc-by-sa-4.0,eval,,,https://huggingface.co/datasets/mueller91/In-The-Wild
/data/mighty-morphing/audio/public/in_the_wild/release_in_the_wild/release_in_the_wild/811.wav,synthetic,in_the_wild,Kanye West,en,unknown_public_web,in_the_wild_tts,wav,,cc-by-sa-4.0,eval,,,https://huggingface.co/datasets/mueller91/In-The-Wild
/data/mighty-morphing/audio/public/in_the_wild/release_in_the_wild/release_in_the_wild/816.wav,synthetic,in_the_wild,Bernie Sanders,en,unknown_public_web,in_the_wild_tts,wav,,cc-by-sa-4.0,eval,,,https://huggingface.co/datasets/mueller91/In-The-Wild
/data/mighty-morphing/audio/public/in_the_wild/release_in_the_wild/release_in_the_wild/820.wav,synthetic,in_the_wild,Barack Obama,en,unknown_public_web,in_the_wild_tts,wav,,cc-by-sa-4.0,eval,,,https://huggingface.co/datasets/mueller91/In-The-Wild
/data/mighty-morphing/audio/public/in_the_wild/release_in_the_wild/release_in_the_wild/822.wav,synthetic,in_the_wild,Ayn Rand,en,unknown_public_web,in_the_wild_tts,wav,,cc-by-sa-4.0,eval,,,https://huggingface.co/datasets/mueller91/In-The-Wild
/data/mighty-morphing/audio/public/in_the_wild/release_in_the_wild/release_in_the_wild/827.wav,synthetic,in_the_wild,Nelson Mandela,en,unknown_public_web,in_the_wild_tts,wav,,cc-by-sa-4.0,eval,,,https://huggingface.co/datasets/mueller91/In-The-Wild
/data/mighty-morphing/audio/public/in_the_wild/release_in_the_wild/release_in_the_wild/834.wav,synthetic,in_the_wild,Alec Guinness,en,unknown_public_web,in_the_wild_tts,wav,,cc-by-sa-4.0,eval,,,https://huggingface.co/datasets/mueller91/In-The-Wild
/data/mighty-morphing/audio/public/in_the_wild/release_in_the_wild/release_in_the_wild/835.wav,synthetic,in_the_wild,Bernie Sanders,en,unknown_public_web,in_the_wild_tts,wav,,cc-by-sa-4.0,eval,,,https://huggingface.co/datasets/mueller91/In-The-Wild
/data/mighty-morphing/audio/public/in_the_wild/release_in_the_wild/release_in_the_wild/836.wav,synthetic,in_the_wild,Ronald Reagan,en,unknown_public_web,in_the_wild_tts,wav,,cc-by-sa-4.0,eval,,,https://huggingface.co/datasets/mueller91/In-The-Wild
/data/mighty-morphing/audio/public/in_the_wild/release_in_the_wild/release_in_the_wild/838.wav,synthetic,in_the_wild,Barack Obama,en,unknown_public_web,in_the_wild_tts,wav,,cc-by-sa-4.0,eval,,,https://huggingface.co/datasets/mueller91/In-The-Wild
/data/mighty-morphing/audio/public/in_the_wild/release_in_the_wild/release_in_the_wild/839.wav,synthetic,in_the_wild,George W. Bush,en,unknown_public_web,in_the_wild_tts,wav,,cc-by-sa-4.0,eval,,,https://huggingface.co/datasets/mueller91/In-The-Wild
/data/mighty-morphing/audio/public/in_the_wild/release_in_the_wild/release_in_the_wild/840.wav,synthetic,in_the_wild,Christopher Hitchens,en,unknown_public_web,in_the_wild_tts,wav,,cc-by-sa-4.0,eval,,,https://huggingface.co/datasets/mueller91/In-The-Wild
/data/mighty-morphing/audio/public/in_the_wild/release_in_the_wild/release_in_the_wild/841.wav,synthetic,in_the_wild,Alec Guinness,en,unknown_public_web,in_the_wild_tts,wav,,cc-by-sa-4.0,eval,,,https://huggingface.co/datasets/mueller91/In-The-Wild
/data/mighty-morphing/audio/public/in_the_wild/release_in_the_wild/release_in_the_wild/842.wav,synthetic,in_the_wild,Bernie Sanders,en,unknown_public_web,in_the_wild_tts,wav,,cc-by-sa-4.0,eval,,,https://huggingface.co/datasets/mueller91/In-The-Wild
/data/mighty-morphing/audio/public/in_the_wild/release_in_the_wild/release_in_the_wild/843.wav,synthetic,in_the_wild,Alexandria Ocasio-Cortez,en,unknown_public_web,in_the_wild_tts,wav,,cc-by-sa-4.0,eval,,,https://huggingface.co/datasets/mueller91/In-The-Wild
/data/mighty-morphing/audio/public/in_the_wild/release_in_the_wild/release_in_the_wild/848.wav,synthetic,in_the_wild,Alec Guinness,en,unknown_public_web,in_the_wild_tts,wav,,cc-by-sa-4.0,eval,,,https://huggingface.co/datasets/mueller91/In-The-Wild
/data/mighty-morphing/audio/public/in_the_wild/release_in_the_wild/release_in_the_wild/852.wav,synthetic,in_the_wild,Orson Welles,en,unknown_public_web,in_the_wild_tts,wav,,cc-by-sa-4.0,eval,,,https://huggingface.co/datasets/mueller91/In-The-Wild
/data/mighty-morphing/audio/public/in_the_wild/release_in_the_wild/release_in_the_wild/853.wav,synthetic,in_the_wild,Richard Nixon,en,unknown_public_web,in_the_wild_tts,wav,,cc-by-sa-4.0,eval,,,https://huggingface.co/datasets/mueller91/In-The-Wild
/data/mighty-morphing/audio/public/in_the_wild/release_in_the_wild/release_in_the_wild/856.wav,synthetic,in_the_wild,Ronald Reagan,en,unknown_public_web,in_the_wild_tts,wav,,cc-by-sa-4.0,eval,,,https://huggingface.co/datasets/mueller91/In-The-Wild
/data/mighty-morphing/audio/public/in_the_wild/release_in_the_wild/release_in_the_wild/857.wav,synthetic,in_the_wild,Barack Obama,en,unknown_public_web,in_the_wild_tts,wav,,cc-by-sa-4.0,eval,,,https://huggingface.co/datasets/mueller91/In-The-Wild
/data/mighty-morphing/audio/public/in_the_wild/release_in_the_wild/release_in_the_wild/864.wav,synthetic,in_the_wild,Ayn Rand,en,unknown_public_web,in_the_wild_tts,wav,,cc-by-sa-4.0,eval,,,https://huggingface.co/datasets/mueller91/In-The-Wild
/data/mighty-morphing/audio/public/in_the_wild/release_in_the_wild/release_in_the_wild/865.wav,synthetic,in_the_wild,Ayn Rand,en,unknown_public_web,in_the_wild_tts,wav,,cc-by-sa-4.0,eval,,,https://huggingface.co/datasets/mueller91/In-The-Wild
/data/mighty-morphing/audio/public/in_the_wild/release_in_the_wild/release_in_the_wild/868.wav,synthetic,in_the_wild,Bill Clinton,en,unknown_public_web,in_the_wild_tts,wav,,cc-by-sa-4.0,eval,,,https://huggingface.co/datasets/mueller91/In-The-Wild
/data/mighty-morphing/audio/public/in_the_wild/release_in_the_wild/release_in_the_wild/870.wav,synthetic,in_the_wild,Milton Friedman,en,unknown_public_web,in_the_wild_tts,wav,,cc-by-sa-4.0,eval,,,https://huggingface.co/datasets/mueller91/In-The-Wild
/data/mighty-morphing/audio/public/in_the_wild/release_in_the_wild/release_in_the_wild/873.wav,synthetic,in_the_wild,JFK,en,unknown_public_web,in_the_wild_tts,wav,,cc-by-sa-4.0,eval,,,https://huggingface.co/datasets/mueller91/In-The-Wild
/data/mighty-morphing/audio/public/in_the_wild/release_in_the_wild/release_in_the_wild/874.wav,synthetic,in_the_wild,Milton Friedman,en,unknown_public_web,in_the_wild_tts,wav,,cc-by-sa-4.0,eval,,,https://huggingface.co/datasets/mueller91/In-The-Wild
/data/mighty-morphing/audio/public/in_the_wild/release_in_the_wild/release_in_the_wild/877.wav,synthetic,in_the_wild,Ayn Rand,en,unknown_public_web,in_the_wild_tts,wav,,cc-by-sa-4.0,eval,,,https://huggingface.co/datasets/mueller91/In-The-Wild
/data/mighty-morphing/audio/public/in_the_wild/release_in_the_wild/release_in_the_wild/879.wav,synthetic,in_the_wild,Martin Luther King,en,unknown_public_web,in_the_wild_tts,wav,,cc-by-sa-4.0,eval,,,https://huggingface.co/datasets/mueller91/In-The-Wild
/data/mighty-morphing/audio/public/in_the_wild/release_in_the_wild/release_in_the_wild/881.wav,synthetic,in_the_wild,Bernie Sanders,en,unknown_public_web,in_the_wild_tts,wav,,cc-by-sa-4.0,eval,,,https://huggingface.co/datasets/mueller91/In-The-Wild
/data/mighty-morphing/audio/public/in_the_wild/release_in_the_wild/release_in_the_wild/882.wav,synthetic,in_the_wild,Bernie Sanders,en,unknown_public_web,in_the_wild_tts,wav,,cc-by-sa-4.0,eval,,,https://huggingface.co/datasets/mueller91/In-The-Wild
/data/mighty-morphing/audio/public/in_the_wild/release_in_the_wild/release_in_the_wild/883.wav,synthetic,in_the_wild,Bernie Sanders,en,unknown_public_web,in_the_wild_tts,wav,,cc-by-sa-4.0,eval,,,https://huggingface.co/datasets/mueller91/In-The-Wild
/data/mighty-morphing/audio/public/in_the_wild/release_in_the_wild/release_in_the_wild/884.wav,synthetic,in_the_wild,Jerry Seinfeld,en,unknown_public_web,in_the_wild_tts,wav,,cc-by-sa-4.0,eval,,,https://huggingface.co/datasets/mueller91/In-The-Wild
/data/mighty-morphing/audio/public/in_the_wild/release_in_the_wild/release_in_the_wild/888.wav,synthetic,in_the_wild,Bill Clinton,en,unknown_public_web,in_the_wild_tts,wav,,cc-by-sa-4.0,eval,,,https://huggingface.co/datasets/mueller91/In-The-Wild
/data/mighty-morphing/audio/public/in_the_wild/release_in_the_wild/release_in_the_wild/889.wav,synthetic,in_the_wild,Adam Driver,en,unknown_public_web,in_the_wild_tts,wav,,cc-by-sa-4.0,eval,,,https://huggingface.co/datasets/mueller91/In-The-Wild
/data/mighty-morphing/audio/public/in_the_wild/release_in_the_wild/release_in_the_wild/891.wav,synthetic,in_the_wild,Mark Zuckerberg,en,unknown_public_web,in_the_wild_tts,wav,,cc-by-sa-4.0,eval,,,https://huggingface.co/datasets/mueller91/In-The-Wild
/data/mighty-morphing/audio/public/in_the_wild/release_in_the_wild/release_in_the_wild/893.wav,synthetic,in_the_wild,Martin Luther King,en,unknown_public_web,in_the_wild_tts,wav,,cc-by-sa-4.0,eval,,,https://huggingface.co/datasets/mueller91/In-The-Wild
/data/mighty-morphing/audio/public/in_the_wild/release_in_the_wild/release_in_the_wild/898.wav,synthetic,in_the_wild,Barack Obama,en,unknown_public_web,in_the_wild_tts,wav,,cc-by-sa-4.0,eval,,,https://huggingface.co/datasets/mueller91/In-The-Wild
/data/mighty-morphing/audio/public/in_the_wild/release_in_the_wild/release_in_the_wild/901.wav,synthetic,in_the_wild,Bernie Sanders,en,unknown_public_web,in_the_wild_tts,wav,,cc-by-sa-4.0,eval,,,https://huggingface.co/datasets/mueller91/In-The-Wild
/data/mighty-morphing/audio/public/in_the_wild/release_in_the_wild/release_in_the_wild/904.wav,synthetic,in_the_wild,Mr. Rogers,en,unknown_public_web,in_the_wild_tts,wav,,cc-by-sa-4.0,eval,,,https://huggingface.co/datasets/mueller91/In-The-Wild
/data/mighty-morphing/audio/public/in_the_wild/release_in_the_wild/release_in_the_wild/905.wav,synthetic,in_the_wild,Gilbert Gottfried,en,unknown_public_web,in_the_wild_tts,wav,,cc-by-sa-4.0,eval,,,https://huggingface.co/datasets/mueller91/In-The-Wild
/data/mighty-morphing/audio/public/in_the_wild/release_in_the_wild/release_in_the_wild/908.wav,synthetic,in_the_wild,Alec Guinness,en,unknown_public_web,in_the_wild_tts,wav,,cc-by-sa-4.0,eval,,,https://huggingface.co/datasets/mueller91/In-The-Wild
/data/mighty-morphing/audio/public/in_the_wild/release_in_the_wild/release_in_the_wild/909.wav,synthetic,in_the_wild,Winston Churchill,en,unknown_public_web,in_the_wild_tts,wav,,cc-by-sa-4.0,eval,,,https://huggingface.co/datasets/mueller91/In-The-Wild
/data/mighty-morphing/audio/public/in_the_wild/release_in_the_wild/release_in_the_wild/916.wav,synthetic,in_the_wild,Milton Friedman,en,unknown_public_web,in_the_wild_tts,wav,,cc-by-sa-4.0,eval,,,https://huggingface.co/datasets/mueller91/In-The-Wild
/data/mighty-morphing/audio/public/in_the_wild/release_in_the_wild/release_in_the_wild/924.wav,synthetic,in_the_wild,Alec Guinness,en,unknown_public_web,in_the_wild_tts,wav,,cc-by-sa-4.0,eval,,,https://huggingface.co/datasets/mueller91/In-The-Wild
/data/mighty-morphing/audio/public/in_the_wild/release_in_the_wild/release_in_the_wild/933.wav,synthetic,in_the_wild,Ayn Rand,en,unknown_public_web,in_the_wild_tts,wav,,cc-by-sa-4.0,eval,,,https://huggingface.co/datasets/mueller91/In-The-Wild
/data/mighty-morphing/audio/public/in_the_wild/release_in_the_wild/release_in_the_wild/938.wav,synthetic,in_the_wild,FDR,en,unknown_public_web,in_the_wild_tts,wav,,cc-by-sa-4.0,eval,,,https://huggingface.co/datasets/mueller91/In-The-Wild
/data/mighty-morphing/audio/public/in_the_wild/release_in_the_wild/release_in_the_wild/940.wav,synthetic,in_the_wild,Christopher Hitchens,en,unknown_public_web,in_the_wild_tts,wav,,cc-by-sa-4.0,eval,,,https://huggingface.co/datasets/mueller91/In-The-Wild
/data/mighty-morphing/audio/public/in_the_wild/release_in_the_wild/release_in_the_wild/942.wav,synthetic,in_the_wild,Mark Zuckerberg,en,unknown_public_web,in_the_wild_tts,wav,,cc-by-sa-4.0,eval,,,https://huggingface.co/datasets/mueller91/In-The-Wild
/data/mighty-morphing/audio/public/in_the_wild/release_in_the_wild/release_in_the_wild/943.wav,synthetic,in_the_wild,Orson Welles,en,unknown_public_web,in_the_wild_tts,wav,,cc-by-sa-4.0,eval,,,https://huggingface.co/datasets/mueller91/In-The-Wild
/data/mighty-morphing/audio/public/in_the_wild/release_in_the_wild/release_in_the_wild/944.wav,synthetic,in_the_wild,Ayn Rand,en,unknown_public_web,in_the_wild_tts,wav,,cc-by-sa-4.0,eval,,,https://huggingface.co/datasets/mueller91/In-The-Wild
/data/mighty-morphing/audio/public/in_the_wild/release_in_the_wild/release_in_the_wild/950.wav,synthetic,in_the_wild,Alec Guinness,en,unknown_public_web,in_the_wild_tts,wav,,cc-by-sa-4.0,eval,,,https://huggingface.co/datasets/mueller91/In-The-Wild
/data/mighty-morphing/audio/public/in_the_wild/release_in_the_wild/release_in_the_wild/953.wav,synthetic,in_the_wild,JFK,en,unknown_public_web,in_the_wild_tts,wav,,cc-by-sa-4.0,eval,,,https://huggingface.co/datasets/mueller91/In-The-Wild
/data/mighty-morphing/audio/public/in_the_wild/release_in_the_wild/release_in_the_wild/955.wav,synthetic,in_the_wild,Winston Churchill,en,unknown_public_web,in_the_wild_tts,wav,,cc-by-sa-4.0,eval,,,https://huggingface.co/datasets/mueller91/In-The-Wild
/data/mighty-morphing/audio/public/in_the_wild/release_in_the_wild/release_in_the_wild/957.wav,synthetic,in_the_wild,Bill Clinton,en,unknown_public_web,in_the_wild_tts,wav,,cc-by-sa-4.0,eval,,,https://huggingface.co/datasets/mueller91/In-The-Wild
/data/mighty-morphing/audio/public/in_the_wild/release_in_the_wild/release_in_the_wild/963.wav,synthetic,in_the_wild,Ronald Reagan,en,unknown_public_web,in_the_wild_tts,wav,,cc-by-sa-4.0,eval,,,https://huggingface.co/datasets/mueller91/In-The-Wild
/data/mighty-morphing/audio/public/in_the_wild/release_in_the_wild/release_in_the_wild/967.wav,synthetic,in_the_wild,Winston Churchill,en,unknown_public_web,in_the_wild_tts,wav,,cc-by-sa-4.0,eval,,,https://huggingface.co/datasets/mueller91/In-The-Wild
/data/mighty-morphing/audio/public/in_the_wild/release_in_the_wild/release_in_the_wild/968.wav,synthetic,in_the_wild,Kanye West,en,unknown_public_web,in_the_wild_tts,wav,,cc-by-sa-4.0,eval,,,https://huggingface.co/datasets/mueller91/In-The-Wild
/data/mighty-morphing/audio/public/in_the_wild/release_in_the_wild/release_in_the_wild/970.wav,synthetic,in_the_wild,Alec Guinness,en,unknown_public_web,in_the_wild_tts,wav,,cc-by-sa-4.0,eval,,,https://huggingface.co/datasets/mueller91/In-The-Wild
/data/mighty-morphing/audio/public/in_the_wild/release_in_the_wild/release_in_the_wild/972.wav,synthetic,in_the_wild,Alan Watts,en,unknown_public_web,in_the_wild_tts,wav,,cc-by-sa-4.0,eval,,,https://huggingface.co/datasets/mueller91/In-The-Wild
/data/mighty-morphing/audio/public/in_the_wild/release_in_the_wild/release_in_the_wild/977.wav,synthetic,in_the_wild,Alec Guinness,en,unknown_public_web,in_the_wild_tts,wav,,cc-by-sa-4.0,eval,,,https://huggingface.co/datasets/mueller91/In-The-Wild
/data/mighty-morphing/audio/public/in_the_wild/release_in_the_wild/release_in_the_wild/978.wav,synthetic,in_the_wild,Mr. Rogers,en,unknown_public_web,in_the_wild_tts,wav,,cc-by-sa-4.0,eval,,,https://huggingface.co/datasets/mueller91/In-The-Wild
/data/mighty-morphing/audio/public/in_the_wild/release_in_the_wild/release_in_the_wild/979.wav,synthetic,in_the_wild,Ayn Rand,en,unknown_public_web,in_the_wild_tts,wav,,cc-by-sa-4.0,eval,,,https://huggingface.co/datasets/mueller91/In-The-Wild
/data/mighty-morphing/audio/public/in_the_wild/release_in_the_wild/release_in_the_wild/980.wav,synthetic,in_the_wild,Ayn Rand,en,unknown_public_web,in_the_wild_tts,wav,,cc-by-sa-4.0,eval,,,https://huggingface.co/datasets/mueller91/In-The-Wild
/data/mighty-morphing/audio/public/in_the_wild/release_in_the_wild/release_in_the_wild/982.wav,synthetic,in_the_wild,Ronald Reagan,en,unknown_public_web,in_the_wild_tts,wav,,cc-by-sa-4.0,eval,,,https://huggingface.co/datasets/mueller91/In-The-Wild
/data/mighty-morphing/audio/public/in_the_wild/release_in_the_wild/release_in_the_wild/983.wav,synthetic,in_the_wild,Ronald Reagan,en,unknown_public_web,in_the_wild_tts,wav,,cc-by-sa-4.0,eval,,,https://huggingface.co/datasets/mueller91/In-The-Wild
/data/mighty-morphing/audio/public/in_the_wild/release_in_the_wild/release_in_the_wild/989.wav,synthetic,in_the_wild,Milton Friedman,en,unknown_public_web,in_the_wild_tts,wav,,cc-by-sa-4.0,eval,,,https://huggingface.co/datasets/mueller91/In-The-Wild
/data/mighty-morphing/audio/public/in_the_wild/release_in_the_wild/release_in_the_wild/990.wav,synthetic,in_the_wild,Barack Obama,en,unknown_public_web,in_the_wild_tts,wav,,cc-by-sa-4.0,eval,,,https://huggingface.co/datasets/mueller91/In-The-Wild
/data/mighty-morphing/audio/public/in_the_wild/release_in_the_wild/release_in_the_wild/991.wav,synthetic,in_the_wild,Bill Clinton,en,unknown_public_web,in_the_wild_tts,wav,,cc-by-sa-4.0,eval,,,https://huggingface.co/datasets/mueller91/In-The-Wild
/data/mighty-morphing/audio/public/in_the_wild/release_in_the_wild/release_in_the_wild/996.wav,synthetic,in_the_wild,Queen Elizabeth II,en,unknown_public_web,in_the_wild_tts,wav,,cc-by-sa-4.0,eval,,,https://huggingface.co/datasets/mueller91/In-The-Wild
/data/mighty-morphing/audio/public/in_the_wild/release_in_the_wild/release_in_the_wild/999.wav,synthetic,in_the_wild,Mr. Rogers,en,unknown_public_web,in_the_wild_tts,wav,,cc-by-sa-4.0,eval,,,https://huggingface.co/datasets/mueller91/In-The-Wild
/data/mighty-morphing/audio/public/in_the_wild/release_in_the_wild/release_in_the_wild/1003.wav,synthetic,in_the_wild,Bill Burr,en,unknown_public_web,in_the_wild_tts,wav,,cc-by-sa-4.0,eval,,,https://huggingface.co/datasets/mueller91/In-The-Wild
/data/mighty-morphing/audio/public/in_the_wild/release_in_the_wild/release_in_the_wild/1006.wav,synthetic,in_the_wild,Ayn Rand,en,unknown_public_web,in_the_wild_tts,wav,,cc-by-sa-4.0,eval,,,https://huggingface.co/datasets/mueller91/In-The-Wild
/data/mighty-morphing/audio/public/in_the_wild/release_in_the_wild/release_in_the_wild/1008.wav,synthetic,in_the_wild,2Pac,en,unknown_public_web,in_the_wild_tts,wav,,cc-by-sa-4.0,eval,,,https://huggingface.co/datasets/mueller91/In-The-Wild
/data/mighty-morphing/audio/public/in_the_wild/release_in_the_wild/release_in_the_wild/1012.wav,synthetic,in_the_wild,Bernie Sanders,en,unknown_public_web,in_the_wild_tts,wav,,cc-by-sa-4.0,eval,,,https://huggingface.co/datasets/mueller91/In-The-Wild
/data/mighty-morphing/audio/public/in_the_wild/release_in_the_wild/release_in_the_wild/1013.wav,synthetic,in_the_wild,Christopher Hitchens,en,unknown_public_web,in_the_wild_tts,wav,,cc-by-sa-4.0,eval,,,https://huggingface.co/datasets/mueller91/In-The-Wild
/data/mighty-morphing/audio/public/in_the_wild/release_in_the_wild/release_in_the_wild/1014.wav,synthetic,in_the_wild,Martin Luther King,en,unknown_public_web,in_the_wild_tts,wav,,cc-by-sa-4.0,eval,,,https://huggingface.co/datasets/mueller91/In-The-Wild
/data/mighty-morphing/audio/public/in_the_wild/release_in_the_wild/release_in_the_wild/1015.wav,synthetic,in_the_wild,Alec Guinness,en,unknown_public_web,in_the_wild_tts,wav,,cc-by-sa-4.0,eval,,,https://huggingface.co/datasets/mueller91/In-The-Wild
/data/mighty-morphing/audio/public/in_the_wild/release_in_the_wild/release_in_the_wild/1017.wav,synthetic,in_the_wild,Ayn Rand,en,unknown_public_web,in_the_wild_tts,wav,,cc-by-sa-4.0,eval,,,https://huggingface.co/datasets/mueller91/In-The-Wild
/data/mighty-morphing/audio/public/in_the_wild/release_in_the_wild/release_in_the_wild/1020.wav,synthetic,in_the_wild,Kanye West,en,unknown_public_web,in_the_wild_tts,wav,,cc-by-sa-4.0,eval,,,https://huggingface.co/datasets/mueller91/In-The-Wild
/data/mighty-morphing/audio/public/in_the_wild/release_in_the_wild/release_in_the_wild/1021.wav,synthetic,in_the_wild,Gilbert Gottfried,en,unknown_public_web,in_the_wild_tts,wav,,cc-by-sa-4.0,eval,,,https://huggingface.co/datasets/mueller91/In-The-Wild
/data/mighty-morphing/audio/public/in_the_wild/release_in_the_wild/release_in_the_wild/1028.wav,synthetic,in_the_wild,Tucker Carlson,en,unknown_public_web,in_the_wild_tts,wav,,cc-by-sa-4.0,eval,,,https://huggingface.co/datasets/mueller91/In-The-Wild
/data/mighty-morphing/audio/public/in_the_wild/release_in_the_wild/release_in_the_wild/1030.wav,synthetic,in_the_wild,Adam Driver,en,unknown_public_web,in_the_wild_tts,wav,,cc-by-sa-4.0,eval,,,https://huggingface.co/datasets/mueller91/In-The-Wild
/data/mighty-morphing/audio/public/in_the_wild/release_in_the_wild/release_in_the_wild/1033.wav,synthetic,in_the_wild,Ayn Rand,en,unknown_public_web,in_the_wild_tts,wav,,cc-by-sa-4.0,eval,,,https://huggingface.co/datasets/mueller91/In-The-Wild
/data/mighty-morphing/audio/public/in_the_wild/release_in_the_wild/release_in_the_wild/1034.wav,synthetic,in_the_wild,Mark Zuckerberg,en,unknown_public_web,in_the_wild_tts,wav,,cc-by-sa-4.0,eval,,,https://huggingface.co/datasets/mueller91/In-The-Wild
/data/mighty-morphing/audio/public/in_the_wild/release_in_the_wild/release_in_the_wild/1048.wav,synthetic,in_the_wild,The Notorious B.I.G.,en,unknown_public_web,in_the_wild_tts,wav,,cc-by-sa-4.0,eval,,,https://huggingface.co/datasets/mueller91/In-The-Wild
/data/mighty-morphing/audio/public/in_the_wild/release_in_the_wild/release_in_the_wild/1051.wav,synthetic,in_the_wild,Alec Guinness,en,unknown_public_web,in_the_wild_tts,wav,,cc-by-sa-4.0,eval,,,https://huggingface.co/datasets/mueller91/In-The-Wild
/data/mighty-morphing/audio/public/in_the_wild/release_in_the_wild/release_in_the_wild/1059.wav,synthetic,in_the_wild,Jerry Seinfeld,en,unknown_public_web,in_the_wild_tts,wav,,cc-by-sa-4.0,eval,,,https://huggingface.co/datasets/mueller91/In-The-Wild
/data/mighty-morphing/audio/public/in_the_wild/release_in_the_wild/release_in_the_wild/1061.wav,synthetic,in_the_wild,Orson Welles,en,unknown_public_web,in_the_wild_tts,wav,,cc-by-sa-4.0,eval,,,https://huggingface.co/datasets/mueller91/In-The-Wild
/data/mighty-morphing/audio/public/in_the_wild/release_in_the_wild/release_in_the_wild/1064.wav,synthetic,in_the_wild,Bill Clinton,en,unknown_public_web,in_the_wild_tts,wav,,cc-by-sa-4.0,eval,,,https://huggingface.co/datasets/mueller91/In-The-Wild
/data/mighty-morphing/audio/public/in_the_wild/release_in_the_wild/release_in_the_wild/1068.wav,synthetic,in_the_wild,Ronald Reagan,en,unknown_public_web,in_the_wild_tts,wav,,cc-by-sa-4.0,eval,,,https://huggingface.co/datasets/mueller91/In-The-Wild
/data/mighty-morphing/audio/public/in_the_wild/release_in_the_wild/release_in_the_wild/1069.wav,synthetic,in_the_wild,Ayn Rand,en,unknown_public_web,in_the_wild_tts,wav,,cc-by-sa-4.0,eval,,,https://huggingface.co/datasets/mueller91/In-The-Wild
/data/mighty-morphing/audio/public/in_the_wild/release_in_the_wild/release_in_the_wild/1071.wav,synthetic,in_the_wild,Queen Elizabeth II,en,unknown_public_web,in_the_wild_tts,wav,,cc-by-sa-4.0,eval,,,https://huggingface.co/datasets/mueller91/In-The-Wild
/data/mighty-morphing/audio/public/in_the_wild/release_in_the_wild/release_in_the_wild/1073.wav,synthetic,in_the_wild,Alec Guinness,en,unknown_public_web,in_the_wild_tts,wav,,cc-by-sa-4.0,eval,,,https://huggingface.co/datasets/mueller91/In-The-Wild
/data/mighty-morphing/audio/public/in_the_wild/release_in_the_wild/release_in_the_wild/1078.wav,synthetic,in_the_wild,Alec Guinness,en,unknown_public_web,in_the_wild_tts,wav,,cc-by-sa-4.0,eval,,,https://huggingface.co/datasets/mueller91/In-The-Wild
/data/mighty-morphing/audio/public/in_the_wild/release_in_the_wild/release_in_the_wild/1082.wav,synthetic,in_the_wild,Alec Guinness,en,unknown_public_web,in_the_wild_tts,wav,,cc-by-sa-4.0,eval,,,https://huggingface.co/datasets/mueller91/In-The-Wild
/data/mighty-morphing/audio/public/in_the_wild/release_in_the_wild/release_in_the_wild/1087.wav,synthetic,in_the_wild,Alec Guinness,en,unknown_public_web,in_the_wild_tts,wav,,cc-by-sa-4.0,eval,,,https://huggingface.co/datasets/mueller91/In-The-Wild
/data/mighty-morphing/audio/public/in_the_wild/release_in_the_wild/release_in_the_wild/1090.wav,synthetic,in_the_wild,Queen Elizabeth II,en,unknown_public_web,in_the_wild_tts,wav,,cc-by-sa-4.0,eval,,,https://huggingface.co/datasets/mueller91/In-The-Wild
/data/mighty-morphing/audio/public/in_the_wild/release_in_the_wild/release_in_the_wild/1092.wav,synthetic,in_the_wild,Bernie Sanders,en,unknown_public_web,in_the_wild_tts,wav,,cc-by-sa-4.0,eval,,,https://huggingface.co/datasets/mueller91/In-The-Wild
/data/mighty-morphing/audio/public/in_the_wild/release_in_the_wild/release_in_the_wild/1095.wav,synthetic,in_the_wild,Ronald Reagan,en,unknown_public_web,in_the_wild_tts,wav,,cc-by-sa-4.0,eval,,,https://huggingface.co/datasets/mueller91/In-The-Wild
/data/mighty-morphing/audio/public/in_the_wild/release_in_the_wild/release_in_the_wild/1097.wav,synthetic,in_the_wild,Alec Guinness,en,unknown_public_web,in_the_wild_tts,wav,,cc-by-sa-4.0,eval,,,https://huggingface.co/datasets/mueller91/In-The-Wild
/data/mighty-morphing/audio/public/in_the_wild/release_in_the_wild/release_in_the_wild/1100.wav,synthetic,in_the_wild,Barack Obama,en,unknown_public_web,in_the_wild_tts,wav,,cc-by-sa-4.0,eval,,,https://huggingface.co/datasets/mueller91/In-The-Wild
/data/mighty-morphing/audio/public/in_the_wild/release_in_the_wild/release_in_the_wild/1105.wav,synthetic,in_the_wild,Ayn Rand,en,unknown_public_web,in_the_wild_tts,wav,,cc-by-sa-4.0,eval,,,https://huggingface.co/datasets/mueller91/In-The-Wild
/data/mighty-morphing/audio/public/in_the_wild/release_in_the_wild/release_in_the_wild/1106.wav,synthetic,in_the_wild,Queen Elizabeth II,en,unknown_public_web,in_the_wild_tts,wav,,cc-by-sa-4.0,eval,,,https://huggingface.co/datasets/mueller91/In-The-Wild
/data/mighty-morphing/audio/public/in_the_wild/release_in_the_wild/release_in_the_wild/1110.wav,synthetic,in_the_wild,Bernie Sanders,en,unknown_public_web,in_the_wild_tts,wav,,cc-by-sa-4.0,eval,,,https://huggingface.co/datasets/mueller91/In-The-Wild
/data/mighty-morphing/audio/public/in_the_wild/release_in_the_wild/release_in_the_wild/1114.wav,synthetic,in_the_wild,Jerry Seinfeld,en,unknown_public_web,in_the_wild_tts,wav,,cc-by-sa-4.0,eval,,,https://huggingface.co/datasets/mueller91/In-The-Wild
/data/mighty-morphing/audio/public/in_the_wild/release_in_the_wild/release_in_the_wild/1115.wav,synthetic,in_the_wild,Mitch Hedberg,en,unknown_public_web,in_the_wild_tts,wav,,cc-by-sa-4.0,eval,,,https://huggingface.co/datasets/mueller91/In-The-Wild
/data/mighty-morphing/audio/public/in_the_wild/release_in_the_wild/release_in_the_wild/1116.wav,synthetic,in_the_wild,Bill Clinton,en,unknown_public_web,in_the_wild_tts,wav,,cc-by-sa-4.0,eval,,,https://huggingface.co/datasets/mueller91/In-The-Wild
/data/mighty-morphing/audio/public/in_the_wild/release_in_the_wild/release_in_the_wild/1117.wav,synthetic,in_the_wild,Ronald Reagan,en,unknown_public_web,in_the_wild_tts,wav,,cc-by-sa-4.0,eval,,,https://huggingface.co/datasets/mueller91/In-The-Wild
/data/mighty-morphing/audio/public/in_the_wild/release_in_the_wild/release_in_the_wild/1121.wav,synthetic,in_the_wild,Alec Guinness,en,unknown_public_web,in_the_wild_tts,wav,,cc-by-sa-4.0,eval,,,https://huggingface.co/datasets/mueller91/In-The-Wild
/data/mighty-morphing/audio/public/in_the_wild/release_in_the_wild/release_in_the_wild/1122.wav,synthetic,in_the_wild,Louis C.K.,en,unknown_public_web,in_the_wild_tts,wav,,cc-by-sa-4.0,eval,,,https://huggingface.co/datasets/mueller91/In-The-Wild
/data/mighty-morphing/audio/public/in_the_wild/release_in_the_wild/release_in_the_wild/1123.wav,synthetic,in_the_wild,Alec Guinness,en,unknown_public_web,in_the_wild_tts,wav,,cc-by-sa-4.0,eval,,,https://huggingface.co/datasets/mueller91/In-The-Wild
/data/mighty-morphing/audio/public/in_the_wild/release_in_the_wild/release_in_the_wild/1126.wav,synthetic,in_the_wild,Frank Sinatra,en,unknown_public_web,in_the_wild_tts,wav,,cc-by-sa-4.0,eval,,,https://huggingface.co/datasets/mueller91/In-The-Wild
/data/mighty-morphing/audio/public/in_the_wild/release_in_the_wild/release_in_the_wild/1127.wav,synthetic,in_the_wild,Ronald Reagan,en,unknown_public_web,in_the_wild_tts,wav,,cc-by-sa-4.0,eval,,,https://huggingface.co/datasets/mueller91/In-The-Wild
/data/mighty-morphing/audio/public/in_the_wild/release_in_the_wild/release_in_the_wild/1128.wav,synthetic,in_the_wild,Alan Watts,en,unknown_public_web,in_the_wild_tts,wav,,cc-by-sa-4.0,eval,,,https://huggingface.co/datasets/mueller91/In-The-Wild
/data/mighty-morphing/audio/public/in_the_wild/release_in_the_wild/release_in_the_wild/1132.wav,synthetic,in_the_wild,Alec Guinness,en,unknown_public_web,in_the_wild_tts,wav,,cc-by-sa-4.0,eval,,,https://huggingface.co/datasets/mueller91/In-The-Wild
/data/mighty-morphing/audio/public/in_the_wild/release_in_the_wild/release_in_the_wild/1136.wav,synthetic,in_the_wild,Alec Guinness,en,unknown_public_web,in_the_wild_tts,wav,,cc-by-sa-4.0,eval,,,https://huggingface.co/datasets/mueller91/In-The-Wild
/data/mighty-morphing/audio/public/in_the_wild/release_in_the_wild/release_in_the_wild/1139.wav,synthetic,in_the_wild,JFK,en,unknown_public_web,in_the_wild_tts,wav,,cc-by-sa-4.0,eval,,,https://huggingface.co/datasets/mueller91/In-The-Wild
/data/mighty-morphing/audio/public/in_the_wild/release_in_the_wild/release_in_the_wild/1144.wav,synthetic,in_the_wild,Ronald Reagan,en,unknown_public_web,in_the_wild_tts,wav,,cc-by-sa-4.0,eval,,,https://huggingface.co/datasets/mueller91/In-The-Wild
/data/mighty-morphing/audio/public/in_the_wild/release_in_the_wild/release_in_the_wild/1145.wav,synthetic,in_the_wild,Ayn Rand,en,unknown_public_web,in_the_wild_tts,wav,,cc-by-sa-4.0,eval,,,https://huggingface.co/datasets/mueller91/In-The-Wild
/data/mighty-morphing/audio/public/in_the_wild/release_in_the_wild/release_in_the_wild/1148.wav,synthetic,in_the_wild,Gilbert Gottfried,en,unknown_public_web,in_the_wild_tts,wav,,cc-by-sa-4.0,eval,,,https://huggingface.co/datasets/mueller91/In-The-Wild
/data/mighty-morphing/audio/public/in_the_wild/release_in_the_wild/release_in_the_wild/1150.wav,synthetic,in_the_wild,Alec Guinness,en,unknown_public_web,in_the_wild_tts,wav,,cc-by-sa-4.0,eval,,,https://huggingface.co/datasets/mueller91/In-The-Wild
/data/mighty-morphing/audio/public/in_the_wild/release_in_the_wild/release_in_the_wild/1160.wav,synthetic,in_the_wild,Queen Elizabeth II,en,unknown_public_web,in_the_wild_tts,wav,,cc-by-sa-4.0,eval,,,https://huggingface.co/datasets/mueller91/In-The-Wild
/data/mighty-morphing/audio/public/in_the_wild/release_in_the_wild/release_in_the_wild/1161.wav,synthetic,in_the_wild,Malcolm X,en,unknown_public_web,in_the_wild_tts,wav,,cc-by-sa-4.0,eval,,,https://huggingface.co/datasets/mueller91/In-The-Wild
/data/mighty-morphing/audio/public/in_the_wild/release_in_the_wild/release_in_the_wild/1165.wav,synthetic,in_the_wild,Ayn Rand,en,unknown_public_web,in_the_wild_tts,wav,,cc-by-sa-4.0,eval,,,https://huggingface.co/datasets/mueller91/In-The-Wild
/data/mighty-morphing/audio/public/in_the_wild/release_in_the_wild/release_in_the_wild/1169.wav,synthetic,in_the_wild,Alec Guinness,en,unknown_public_web,in_the_wild_tts,wav,,cc-by-sa-4.0,eval,,,https://huggingface.co/datasets/mueller91/In-The-Wild
/data/mighty-morphing/audio/public/in_the_wild/release_in_the_wild/release_in_the_wild/1170.wav,synthetic,in_the_wild,Alec Guinness,en,unknown_public_web,in_the_wild_tts,wav,,cc-by-sa-4.0,eval,,,https://huggingface.co/datasets/mueller91/In-The-Wild
/data/mighty-morphing/audio/public/in_the_wild/release_in_the_wild/release_in_the_wild/1171.wav,synthetic,in_the_wild,Malcolm X,en,unknown_public_web,in_the_wild_tts,wav,,cc-by-sa-4.0,eval,,,https://huggingface.co/datasets/mueller91/In-The-Wild
/data/mighty-morphing/audio/public/in_the_wild/release_in_the_wild/release_in_the_wild/1177.wav,synthetic,in_the_wild,Ayn Rand,en,unknown_public_web,in_the_wild_tts,wav,,cc-by-sa-4.0,eval,,,https://huggingface.co/datasets/mueller91/In-The-Wild
/data/mighty-morphing/audio/public/in_the_wild/release_in_the_wild/release_in_the_wild/1181.wav,synthetic,in_the_wild,Martin Luther King,en,unknown_public_web,in_the_wild_tts,wav,,cc-by-sa-4.0,eval,,,https://huggingface.co/datasets/mueller91/In-The-Wild
/data/mighty-morphing/audio/public/in_the_wild/release_in_the_wild/release_in_the_wild/1182.wav,synthetic,in_the_wild,Ayn Rand,en,unknown_public_web,in_the_wild_tts,wav,,cc-by-sa-4.0,eval,,,https://huggingface.co/datasets/mueller91/In-The-Wild
/data/mighty-morphing/audio/public/in_the_wild/release_in_the_wild/release_in_the_wild/1183.wav,synthetic,in_the_wild,Martin Luther King,en,unknown_public_web,in_the_wild_tts,wav,,cc-by-sa-4.0,eval,,,https://huggingface.co/datasets/mueller91/In-The-Wild
/data/mighty-morphing/audio/public/in_the_wild/release_in_the_wild/release_in_the_wild/1184.wav,synthetic,in_the_wild,Dwight Eisenhower,en,unknown_public_web,in_the_wild_tts,wav,,cc-by-sa-4.0,eval,,,https://huggingface.co/datasets/mueller91/In-The-Wild
/data/mighty-morphing/audio/public/in_the_wild/release_in_the_wild/release_in_the_wild/1186.wav,synthetic,in_the_wild,Barack Obama,en,unknown_public_web,in_the_wild_tts,wav,,cc-by-sa-4.0,eval,,,https://huggingface.co/datasets/mueller91/In-The-Wild
/data/mighty-morphing/audio/public/in_the_wild/release_in_the_wild/release_in_the_wild/1191.wav,synthetic,in_the_wild,Orson Welles,en,unknown_public_web,in_the_wild_tts,wav,,cc-by-sa-4.0,eval,,,https://huggingface.co/datasets/mueller91/In-The-Wild
/data/mighty-morphing/audio/public/in_the_wild/release_in_the_wild/release_in_the_wild/1195.wav,synthetic,in_the_wild,Christopher Hitchens,en,unknown_public_web,in_the_wild_tts,wav,,cc-by-sa-4.0,eval,,,https://huggingface.co/datasets/mueller91/In-The-Wild
/data/mighty-morphing/audio/public/in_the_wild/release_in_the_wild/release_in_the_wild/1197.wav,synthetic,in_the_wild,Kanye West,en,unknown_public_web,in_the_wild_tts,wav,,cc-by-sa-4.0,eval,,,https://huggingface.co/datasets/mueller91/In-The-Wild
/data/mighty-morphing/audio/public/in_the_wild/release_in_the_wild/release_in_the_wild/1198.wav,synthetic,in_the_wild,Bernie Sanders,en,unknown_public_web,in_the_wild_tts,wav,,cc-by-sa-4.0,eval,,,https://huggingface.co/datasets/mueller91/In-The-Wild
/data/mighty-morphing/audio/public/in_the_wild/release_in_the_wild/release_in_the_wild/1201.wav,synthetic,in_the_wild,Milton Friedman,en,unknown_public_web,in_the_wild_tts,wav,,cc-by-sa-4.0,eval,,,https://huggingface.co/datasets/mueller91/In-The-Wild
/data/mighty-morphing/audio/public/in_the_wild/release_in_the_wild/release_in_the_wild/1202.wav,synthetic,in_the_wild,Milton Friedman,en,unknown_public_web,in_the_wild_tts,wav,,cc-by-sa-4.0,eval,,,https://huggingface.co/datasets/mueller91/In-The-Wild
/data/mighty-morphing/audio/public/in_the_wild/release_in_the_wild/release_in_the_wild/1203.wav,synthetic,in_the_wild,Alec Guinness,en,unknown_public_web,in_the_wild_tts,wav,,cc-by-sa-4.0,eval,,,https://huggingface.co/datasets/mueller91/In-The-Wild
/data/mighty-morphing/audio/public/in_the_wild/release_in_the_wild/release_in_the_wild/1205.wav,synthetic,in_the_wild,Winston Churchill,en,unknown_public_web,in_the_wild_tts,wav,,cc-by-sa-4.0,eval,,,https://huggingface.co/datasets/mueller91/In-The-Wild
/data/mighty-morphing/audio/public/in_the_wild/release_in_the_wild/release_in_the_wild/1207.wav,synthetic,in_the_wild,Barack Obama,en,unknown_public_web,in_the_wild_tts,wav,,cc-by-sa-4.0,eval,,,https://huggingface.co/datasets/mueller91/In-The-Wild
/data/mighty-morphing/audio/public/in_the_wild/release_in_the_wild/release_in_the_wild/1208.wav,synthetic,in_the_wild,Robert Kardashian,en,unknown_public_web,in_the_wild_tts,wav,,cc-by-sa-4.0,eval,,,https://huggingface.co/datasets/mueller91/In-The-Wild
/data/mighty-morphing/audio/public/in_the_wild/release_in_the_wild/release_in_the_wild/1212.wav,synthetic,in_the_wild,Barack Obama,en,unknown_public_web,in_the_wild_tts,wav,,cc-by-sa-4.0,eval,,,https://huggingface.co/datasets/mueller91/In-The-Wild
/data/mighty-morphing/audio/public/in_the_wild/release_in_the_wild/release_in_the_wild/1214.wav,synthetic,in_the_wild,Milton Friedman,en,unknown_public_web,in_the_wild_tts,wav,,cc-by-sa-4.0,eval,,,https://huggingface.co/datasets/mueller91/In-The-Wild
/data/mighty-morphing/audio/public/in_the_wild/release_in_the_wild/release_in_the_wild/1217.wav,synthetic,in_the_wild,Martin Luther King,en,unknown_public_web,in_the_wild_tts,wav,,cc-by-sa-4.0,eval,,,https://huggingface.co/datasets/mueller91/In-The-Wild
/data/mighty-morphing/audio/public/in_the_wild/release_in_the_wild/release_in_the_wild/1222.wav,synthetic,in_the_wild,Queen Elizabeth II,en,unknown_public_web,in_the_wild_tts,wav,,cc-by-sa-4.0,eval,,,https://huggingface.co/datasets/mueller91/In-The-Wild
/data/mighty-morphing/audio/public/in_the_wild/release_in_the_wild/release_in_the_wild/1223.wav,synthetic,in_the_wild,Ronald Reagan,en,unknown_public_web,in_the_wild_tts,wav,,cc-by-sa-4.0,eval,,,https://huggingface.co/datasets/mueller91/In-The-Wild
/data/mighty-morphing/audio/public/in_the_wild/release_in_the_wild/release_in_the_wild/1224.wav,synthetic,in_the_wild,Winston Churchill,en,unknown_public_web,in_the_wild_tts,wav,,cc-by-sa-4.0,eval,,,https://huggingface.co/datasets/mueller91/In-The-Wild
/data/mighty-morphing/audio/public/in_the_wild/release_in_the_wild/release_in_the_wild/1225.wav,synthetic,in_the_wild,Norm MacDonald,en,unknown_public_web,in_the_wild_tts,wav,,cc-by-sa-4.0,eval,,,https://huggingface.co/datasets/mueller91/In-The-Wild
/data/mighty-morphing/audio/public/in_the_wild/release_in_the_wild/release_in_the_wild/1226.wav,synthetic,in_the_wild,Alec Guinness,en,unknown_public_web,in_the_wild_tts,wav,,cc-by-sa-4.0,eval,,,https://huggingface.co/datasets/mueller91/In-The-Wild
/data/mighty-morphing/audio/public/in_the_wild/release_in_the_wild/release_in_the_wild/1227.wav,synthetic,in_the_wild,Queen Elizabeth II,en,unknown_public_web,in_the_wild_tts,wav,,cc-by-sa-4.0,eval,,,https://huggingface.co/datasets/mueller91/In-The-Wild
/data/mighty-morphing/audio/public/in_the_wild/release_in_the_wild/release_in_the_wild/1228.wav,synthetic,in_the_wild,Alec Guinness,en,unknown_public_web,in_the_wild_tts,wav,,cc-by-sa-4.0,eval,,,https://huggingface.co/datasets/mueller91/In-The-Wild
/data/mighty-morphing/audio/public/in_the_wild/release_in_the_wild/release_in_the_wild/1229.wav,synthetic,in_the_wild,Alec Guinness,en,unknown_public_web,in_the_wild_tts,wav,,cc-by-sa-4.0,eval,,,https://huggingface.co/datasets/mueller91/In-The-Wild
/data/mighty-morphing/audio/public/in_the_wild/release_in_the_wild/release_in_the_wild/1231.wav,synthetic,in_the_wild,Louis C.K.,en,unknown_public_web,in_the_wild_tts,wav,,cc-by-sa-4.0,eval,,,https://huggingface.co/datasets/mueller91/In-The-Wild
/data/mighty-morphing/audio/public/in_the_wild/release_in_the_wild/release_in_the_wild/1234.wav,synthetic,in_the_wild,Alec Guinness,en,unknown_public_web,in_the_wild_tts,wav,,cc-by-sa-4.0,eval,,,https://huggingface.co/datasets/mueller91/In-The-Wild
/data/mighty-morphing/audio/public/in_the_wild/release_in_the_wild/release_in_the_wild/1237.wav,synthetic,in_the_wild,George W. Bush,en,unknown_public_web,in_the_wild_tts,wav,,cc-by-sa-4.0,eval,,,https://huggingface.co/datasets/mueller91/In-The-Wild
/data/mighty-morphing/audio/public/in_the_wild/release_in_the_wild/release_in_the_wild/1239.wav,synthetic,in_the_wild,Ronald Reagan,en,unknown_public_web,in_the_wild_tts,wav,,cc-by-sa-4.0,eval,,,https://huggingface.co/datasets/mueller91/In-The-Wild
/data/mighty-morphing/audio/public/in_the_wild/release_in_the_wild/release_in_the_wild/1240.wav,synthetic,in_the_wild,Ayn Rand,en,unknown_public_web,in_the_wild_tts,wav,,cc-by-sa-4.0,eval,,,https://huggingface.co/datasets/mueller91/In-The-Wild
/data/mighty-morphing/audio/public/in_the_wild/release_in_the_wild/release_in_the_wild/1242.wav,synthetic,in_the_wild,Ayn Rand,en,unknown_public_web,in_the_wild_tts,wav,,cc-by-sa-4.0,eval,,,https://huggingface.co/datasets/mueller91/In-The-Wild
/data/mighty-morphing/audio/public/in_the_wild/release_in_the_wild/release_in_the_wild/1244.wav,synthetic,in_the_wild,Donald Trump,en,unknown_public_web,in_the_wild_tts,wav,,cc-by-sa-4.0,eval,,,https://huggingface.co/datasets/mueller91/In-The-Wild
/data/mighty-morphing/audio/public/in_the_wild/release_in_the_wild/release_in_the_wild/1246.wav,synthetic,in_the_wild,Alec Guinness,en,unknown_public_web,in_the_wild_tts,wav,,cc-by-sa-4.0,eval,,,https://huggingface.co/datasets/mueller91/In-The-Wild
/data/mighty-morphing/audio/public/in_the_wild/release_in_the_wild/release_in_the_wild/1249.wav,synthetic,in_the_wild,Alan Watts,en,unknown_public_web,in_the_wild_tts,wav,,cc-by-sa-4.0,eval,,,https://huggingface.co/datasets/mueller91/In-The-Wild
/data/mighty-morphing/audio/public/in_the_wild/release_in_the_wild/release_in_the_wild/1251.wav,synthetic,in_the_wild,Bill Clinton,en,unknown_public_web,in_the_wild_tts,wav,,cc-by-sa-4.0,eval,,,https://huggingface.co/datasets/mueller91/In-The-Wild
/data/mighty-morphing/audio/public/in_the_wild/release_in_the_wild/release_in_the_wild/1252.wav,synthetic,in_the_wild,The Notorious B.I.G.,en,unknown_public_web,in_the_wild_tts,wav,,cc-by-sa-4.0,eval,,,https://huggingface.co/datasets/mueller91/In-The-Wild
/data/mighty-morphing/audio/public/in_the_wild/release_in_the_wild/release_in_the_wild/1253.wav,synthetic,in_the_wild,Barack Obama,en,unknown_public_web,in_the_wild_tts,wav,,cc-by-sa-4.0,eval,,,https://huggingface.co/datasets/mueller91/In-The-Wild
/data/mighty-morphing/audio/public/in_the_wild/release_in_the_wild/release_in_the_wild/1254.wav,synthetic,in_the_wild,Ayn Rand,en,unknown_public_web,in_the_wild_tts,wav,,cc-by-sa-4.0,eval,,,https://huggingface.co/datasets/mueller91/In-The-Wild
/data/mighty-morphing/audio/public/in_the_wild/release_in_the_wild/release_in_the_wild/1258.wav,synthetic,in_the_wild,JFK,en,unknown_public_web,in_the_wild_tts,wav,,cc-by-sa-4.0,eval,,,https://huggingface.co/datasets/mueller91/In-The-Wild
/data/mighty-morphing/audio/public/in_the_wild/release_in_the_wild/release_in_the_wild/1263.wav,synthetic,in_the_wild,Alec Guinness,en,unknown_public_web,in_the_wild_tts,wav,,cc-by-sa-4.0,eval,,,https://huggingface.co/datasets/mueller91/In-The-Wild
/data/mighty-morphing/audio/public/in_the_wild/release_in_the_wild/release_in_the_wild/1264.wav,synthetic,in_the_wild,Nelson Mandela,en,unknown_public_web,in_the_wild_tts,wav,,cc-by-sa-4.0,eval,,,https://huggingface.co/datasets/mueller91/In-The-Wild
/data/mighty-morphing/audio/public/in_the_wild/release_in_the_wild/release_in_the_wild/1266.wav,synthetic,in_the_wild,Barack Obama,en,unknown_public_web,in_the_wild_tts,wav,,cc-by-sa-4.0,eval,,,https://huggingface.co/datasets/mueller91/In-The-Wild
/data/mighty-morphing/audio/public/in_the_wild/release_in_the_wild/release_in_the_wild/1270.wav,synthetic,in_the_wild,Frank Sinatra,en,unknown_public_web,in_the_wild_tts,wav,,cc-by-sa-4.0,eval,,,https://huggingface.co/datasets/mueller91/In-The-Wild
/data/mighty-morphing/audio/public/in_the_wild/release_in_the_wild/release_in_the_wild/1273.wav,synthetic,in_the_wild,Bill Burr,en,unknown_public_web,in_the_wild_tts,wav,,cc-by-sa-4.0,eval,,,https://huggingface.co/datasets/mueller91/In-The-Wild
/data/mighty-morphing/audio/public/in_the_wild/release_in_the_wild/release_in_the_wild/1274.wav,synthetic,in_the_wild,Mark Zuckerberg,en,unknown_public_web,in_the_wild_tts,wav,,cc-by-sa-4.0,eval,,,https://huggingface.co/datasets/mueller91/In-The-Wild
/data/mighty-morphing/audio/public/in_the_wild/release_in_the_wild/release_in_the_wild/1279.wav,synthetic,in_the_wild,Mark Zuckerberg,en,unknown_public_web,in_the_wild_tts,wav,,cc-by-sa-4.0,eval,,,https://huggingface.co/datasets/mueller91/In-The-Wild
/data/mighty-morphing/audio/public/in_the_wild/release_in_the_wild/release_in_the_wild/1281.wav,synthetic,in_the_wild,Nelson Mandela,en,unknown_public_web,in_the_wild_tts,wav,,cc-by-sa-4.0,eval,,,https://huggingface.co/datasets/mueller91/In-The-Wild
/data/mighty-morphing/audio/public/in_the_wild/release_in_the_wild/release_in_the_wild/1282.wav,synthetic,in_the_wild,Ronald Reagan,en,unknown_public_web,in_the_wild_tts,wav,,cc-by-sa-4.0,eval,,,https://huggingface.co/datasets/mueller91/In-The-Wild
/data/mighty-morphing/audio/public/in_the_wild/release_in_the_wild/release_in_the_wild/1283.wav,synthetic,in_the_wild,Alan Watts,en,unknown_public_web,in_the_wild_tts,wav,,cc-by-sa-4.0,eval,,,https://huggingface.co/datasets/mueller91/In-The-Wild
/data/mighty-morphing/audio/public/in_the_wild/release_in_the_wild/release_in_the_wild/1286.wav,synthetic,in_the_wild,Ayn Rand,en,unknown_public_web,in_the_wild_tts,wav,,cc-by-sa-4.0,eval,,,https://huggingface.co/datasets/mueller91/In-The-Wild
/data/mighty-morphing/audio/public/in_the_wild/release_in_the_wild/release_in_the_wild/1290.wav,synthetic,in_the_wild,Barack Obama,en,unknown_public_web,in_the_wild_tts,wav,,cc-by-sa-4.0,eval,,,https://huggingface.co/datasets/mueller91/In-The-Wild
/data/mighty-morphing/audio/public/in_the_wild/release_in_the_wild/release_in_the_wild/1293.wav,synthetic,in_the_wild,Dwight Eisenhower,en,unknown_public_web,in_the_wild_tts,wav,,cc-by-sa-4.0,eval,,,https://huggingface.co/datasets/mueller91/In-The-Wild
/data/mighty-morphing/audio/public/in_the_wild/release_in_the_wild/release_in_the_wild/1297.wav,synthetic,in_the_wild,Alec Guinness,en,unknown_public_web,in_the_wild_tts,wav,,cc-by-sa-4.0,eval,,,https://huggingface.co/datasets/mueller91/In-The-Wild
/data/mighty-morphing/audio/public/in_the_wild/release_in_the_wild/release_in_the_wild/1300.wav,synthetic,in_the_wild,Mr. Rogers,en,unknown_public_web,in_the_wild_tts,wav,,cc-by-sa-4.0,eval,,,https://huggingface.co/datasets/mueller91/In-The-Wild
/data/mighty-morphing/audio/public/in_the_wild/release_in_the_wild/release_in_the_wild/1302.wav,synthetic,in_the_wild,Nelson Mandela,en,unknown_public_web,in_the_wild_tts,wav,,cc-by-sa-4.0,eval,,,https://huggingface.co/datasets/mueller91/In-The-Wild
/data/mighty-morphing/audio/public/in_the_wild/release_in_the_wild/release_in_the_wild/1307.wav,synthetic,in_the_wild,Bob Ross,en,unknown_public_web,in_the_wild_tts,wav,,cc-by-sa-4.0,eval,,,https://huggingface.co/datasets/mueller91/In-The-Wild
/data/mighty-morphing/audio/public/in_the_wild/release_in_the_wild/release_in_the_wild/1308.wav,synthetic,in_the_wild,Bill Clinton,en,unknown_public_web,in_the_wild_tts,wav,,cc-by-sa-4.0,eval,,,https://huggingface.co/datasets/mueller91/In-The-Wild
/data/mighty-morphing/audio/public/in_the_wild/release_in_the_wild/release_in_the_wild/1309.wav,synthetic,in_the_wild,Mitch Hedberg,en,unknown_public_web,in_the_wild_tts,wav,,cc-by-sa-4.0,eval,,,https://huggingface.co/datasets/mueller91/In-The-Wild
/data/mighty-morphing/audio/public/in_the_wild/release_in_the_wild/release_in_the_wild/1315.wav,synthetic,in_the_wild,Alec Guinness,en,unknown_public_web,in_the_wild_tts,wav,,cc-by-sa-4.0,eval,,,https://huggingface.co/datasets/mueller91/In-The-Wild
/data/mighty-morphing/audio/public/in_the_wild/release_in_the_wild/release_in_the_wild/1316.wav,synthetic,in_the_wild,Queen Elizabeth II,en,unknown_public_web,in_the_wild_tts,wav,,cc-by-sa-4.0,eval,,,https://huggingface.co/datasets/mueller91/In-The-Wild
/data/mighty-morphing/audio/public/in_the_wild/release_in_the_wild/release_in_the_wild/1321.wav,synthetic,in_the_wild,Christopher Hitchens,en,unknown_public_web,in_the_wild_tts,wav,,cc-by-sa-4.0,eval,,,https://huggingface.co/datasets/mueller91/In-The-Wild
/data/mighty-morphing/audio/public/in_the_wild/release_in_the_wild/release_in_the_wild/1332.wav,synthetic,in_the_wild,Bill Clinton,en,unknown_public_web,in_the_wild_tts,wav,,cc-by-sa-4.0,eval,,,https://huggingface.co/datasets/mueller91/In-The-Wild
/data/mighty-morphing/audio/public/in_the_wild/release_in_the_wild/release_in_the_wild/1335.wav,synthetic,in_the_wild,Alec Guinness,en,unknown_public_web,in_the_wild_tts,wav,,cc-by-sa-4.0,eval,,,https://huggingface.co/datasets/mueller91/In-The-Wild
/data/mighty-morphing/audio/public/in_the_wild/release_in_the_wild/release_in_the_wild/1336.wav,synthetic,in_the_wild,Queen Elizabeth II,en,unknown_public_web,in_the_wild_tts,wav,,cc-by-sa-4.0,eval,,,https://huggingface.co/datasets/mueller91/In-The-Wild
/data/mighty-morphing/audio/public/in_the_wild/release_in_the_wild/release_in_the_wild/1338.wav,synthetic,in_the_wild,Alan Watts,en,unknown_public_web,in_the_wild_tts,wav,,cc-by-sa-4.0,eval,,,https://huggingface.co/datasets/mueller91/In-The-Wild
/data/mighty-morphing/audio/public/in_the_wild/release_in_the_wild/release_in_the_wild/1339.wav,synthetic,in_the_wild,Tucker Carlson,en,unknown_public_web,in_the_wild_tts,wav,,cc-by-sa-4.0,eval,,,https://huggingface.co/datasets/mueller91/In-The-Wild
/data/mighty-morphing/audio/public/in_the_wild/release_in_the_wild/release_in_the_wild/1343.wav,synthetic,in_the_wild,Alec Guinness,en,unknown_public_web,in_the_wild_tts,wav,,cc-by-sa-4.0,eval,,,https://huggingface.co/datasets/mueller91/In-The-Wild
/data/mighty-morphing/audio/public/in_the_wild/release_in_the_wild/release_in_the_wild/1344.wav,synthetic,in_the_wild,Barack Obama,en,unknown_public_web,in_the_wild_tts,wav,,cc-by-sa-4.0,eval,,,https://huggingface.co/datasets/mueller91/In-The-Wild
/data/mighty-morphing/audio/public/in_the_wild/release_in_the_wild/release_in_the_wild/1348.wav,synthetic,in_the_wild,Orson Welles,en,unknown_public_web,in_the_wild_tts,wav,,cc-by-sa-4.0,eval,,,https://huggingface.co/datasets/mueller91/In-The-Wild
/data/mighty-morphing/audio/public/in_the_wild/release_in_the_wild/release_in_the_wild/1350.wav,synthetic,in_the_wild,Alec Guinness,en,unknown_public_web,in_the_wild_tts,wav,,cc-by-sa-4.0,eval,,,https://huggingface.co/datasets/mueller91/In-The-Wild
/data/mighty-morphing/audio/public/in_the_wild/release_in_the_wild/release_in_the_wild/1351.wav,synthetic,in_the_wild,Mark Zuckerberg,en,unknown_public_web,in_the_wild_tts,wav,,cc-by-sa-4.0,eval,,,https://huggingface.co/datasets/mueller91/In-The-Wild
/data/mighty-morphing/audio/public/in_the_wild/release_in_the_wild/release_in_the_wild/1353.wav,synthetic,in_the_wild,Christopher Hitchens,en,unknown_public_web,in_the_wild_tts,wav,,cc-by-sa-4.0,eval,,,https://huggingface.co/datasets/mueller91/In-The-Wild
/data/mighty-morphing/audio/public/in_the_wild/release_in_the_wild/release_in_the_wild/1355.wav,synthetic,in_the_wild,Bill Clinton,en,unknown_public_web,in_the_wild_tts,wav,,cc-by-sa-4.0,eval,,,https://huggingface.co/datasets/mueller91/In-The-Wild
/data/mighty-morphing/audio/public/in_the_wild/release_in_the_wild/release_in_the_wild/1359.wav,synthetic,in_the_wild,Martin Luther King,en,unknown_public_web,in_the_wild_tts,wav,,cc-by-sa-4.0,eval,,,https://huggingface.co/datasets/mueller91/In-The-Wild
