path,label,dataset,speaker_id,language,generator_id,attack_type,codec,sample_rate,license,split,duration_s,text,source_url
/__modal/volumes/vo-Oe7UdCpxcZEjcd7B7eL9tB/mighty-morphing/audio/public/in_the_wild/release_in_the_wild/release_in_the_wild/0.wav,unknown,in_the_wild,,,,,wav,,cc-by-sa-4.0,,,,https://huggingface.co/datasets/mueller91/In-The-Wild
/__modal/volumes/vo-Oe7UdCpxcZEjcd7B7eL9tB/mighty-morphing/audio/public/in_the_wild/release_in_the_wild/release_in_the_wild/1.wav,unknown,in_the_wild,,,,,wav,,cc-by-sa-4.0,,,,https://huggingface.co/datasets/mueller91/In-The-Wild
/__modal/volumes/vo-Oe7UdCpxcZEjcd7B7eL9tB/mighty-morphing/audio/public/in_the_wild/release_in_the_wild/release_in_the_wild/10.wav,unknown,in_the_wild,,,,,wav,,cc-by-sa-4.0,,,,https://huggingface.co/datasets/mueller91/In-The-Wild
/__modal/volumes/vo-Oe7UdCpxcZEjcd7B7eL9tB/mighty-morphing/audio/public/in_the_wild/release_in_the_wild/release_in_the_wild/100.wav,unknown,in_the_wild,,,,,wav,,cc-by-sa-4.0,,,,https://huggingface.co/datasets/mueller91/In-The-Wild
/__modal/volumes/vo-Oe7UdCpxcZEjcd7B7eL9tB/mighty-morphing/audio/public/in_the_wild/release_in_the_wild/release_in_the_wild/1000.wav,unknown,in_the_wild,,,,,wav,,cc-by-sa-4.0,,,,https://huggingface.co/datasets/mueller91/In-The-Wild
/__modal/volumes/vo-Oe7UdCpxcZEjcd7B7eL9tB/mighty-morphing/audio/public/in_the_wild/release_in_the_wild/release_in_the_wild/10000.wav,unknown,in_the_wild,,,,,wav,,cc-by-sa-4.0,,,,https://huggingface.co/datasets/mueller91/In-The-Wild
/__modal/volumes/vo-Oe7UdCpxcZEjcd7B7eL9tB/mighty-morphing/audio/public/in_the_wild/release_in_the_wild/release_in_the_wild/10001.wav,unknown,in_the_wild,,,,,wav,,cc-by-sa-4.0,,,,https://huggingface.co/datasets/mueller91/In-The-Wild
/__modal/volumes/vo-Oe7UdCpxcZEjcd7B7eL9tB/mighty-morphing/audio/public/in_the_wild/release_in_the_wild/release_in_the_wild/10002.wav,unknown,in_the_wild,,,,,wav,,cc-by-sa-4.0,,,,https://huggingface.co/datasets/mueller91/In-The-Wild
/__modal/volumes/vo-Oe7UdCpxcZEjcd7B7eL9tB/mighty-morphing/audio/public/in_the_wild/release_in_the_wild/release_in_the_wild/10003.wav,unknown,in_the_wild,,,,,wav,,cc-by-sa-4.0,,,,https://huggingface.co/datasets/mueller91/In-The-Wild
/__modal/volumes/vo-Oe7UdCpxcZEjcd7B7eL9tB/mighty-morphing/audio/public/in_the_wild/release_in_the_wild/release_in_the_wild/10004.wav,unknown,in_the_wild,,,,,wav,,cc-by-sa-4.0,,,,https://huggingface.co/datasets/mueller91/In-The-Wild
/__modal/volumes/vo-Oe7UdCpxcZEjcd7B7eL9tB/mighty-morphing/audio/public/in_the_wild/release_in_the_wild/release_in_the_wild/10005.wav,unknown,in_the_wild,,,,,wav,,cc-by-sa-4.0,,,,https://huggingface.co/datasets/mueller91/In-The-Wild
/__modal/volumes/vo-Oe7UdCpxcZEjcd7B7eL9tB/mighty-morphing/audio/public/in_the_wild/release_in_the_wild/release_in_the_wild/10006.wav,unknown,in_the_wild,,,,,wav,,cc-by-sa-4.0,,,,https://huggingface.co/datasets/mueller91/In-The-Wild
/__modal/volumes/vo-Oe7UdCpxcZEjcd7B7eL9tB/mighty-morphing/audio/public/in_the_wild/release_in_the_wild/release_in_the_wild/10007.wav,unknown,in_the_wild,,,,,wav,,cc-by-sa-4.0,,,,https://huggingface.co/datasets/mueller91/In-The-Wild
/__modal/volumes/vo-Oe7UdCpxcZEjcd7B7eL9tB/mighty-morphing/audio/public/in_the_wild/release_in_the_wild/release_in_the_wild/10008.wav,unknown,in_the_wild,,,,,wav,,cc-by-sa-4.0,,,,https://huggingface.co/datasets/mueller91/In-The-Wild
/__modal/volumes/vo-Oe7UdCpxcZEjcd7B7eL9tB/mighty-morphing/audio/public/in_the_wild/release_in_the_wild/release_in_the_wild/10009.wav,unknown,in_the_wild,,,,,wav,,cc-by-sa-4.0,,,,https://huggingface.co/datasets/mueller91/In-The-Wild
/__modal/volumes/vo-Oe7UdCpxcZEjcd7B7eL9tB/mighty-morphing/audio/public/in_the_wild/release_in_the_wild/release_in_the_wild/1001.wav,unknown,in_the_wild,,,,,wav,,cc-by-sa-4.0,,,,https://huggingface.co/datasets/mueller91/In-The-Wild
/__modal/volumes/vo-Oe7UdCpxcZEjcd7B7eL9tB/mighty-morphing/audio/public/in_the_wild/release_in_the_wild/release_in_the_wild/10010.wav,unknown,in_the_wild,,,,,wav,,cc-by-sa-4.0,,,,https://huggingface.co/datasets/mueller91/In-The-Wild
/__modal/volumes/vo-Oe7UdCpxcZEjcd7B7eL9tB/mighty-morphing/audio/public/in_the_wild/release_in_the_wild/release_in_the_wild/10011.wav,unknown,in_the_wild,,,,,wav,,cc-by-sa-4.0,,,,https://huggingface.co/datasets/mueller91/In-The-Wild
/__modal/volumes/vo-Oe7UdCpxcZEjcd7B7eL9tB/mighty-morphing/audio/public/in_the_wild/release_in_the_wild/release_in_the_wild/10012.wav,unknown,in_the_wild,,,,,wav,,cc-by-sa-4.0,,,,https://huggingface.co/datasets/mueller91/In-The-Wild
/__modal/volumes/vo-Oe7UdCpxcZEjcd7B7eL9tB/mighty-morphing/audio/public/in_the_wild/release_in_the_wild/release_in_the_wild/10013.wav,unknown,in_the_wild,,,,,wav,,cc-by-sa-4.0,,,,https://huggingface.co/datasets/mueller91/In-The-Wild
/__modal/volumes/vo-Oe7UdCpxcZEjcd7B7eL9tB/mighty-morphing/audio/public/in_the_wild/release_in_the_wild/release_in_the_wild/10014.wav,unknown,in_the_wild,,,,,wav,,cc-by-sa-4.0,,,,https://huggingface.co/datasets/mueller91/In-The-Wild
/__modal/volumes/vo-Oe7UdCpxcZEjcd7B7eL9tB/mighty-morphing/audio/public/in_the_wild/release_in_the_wild/release_in_the_wild/10015.wav,unknown,in_the_wild,,,,,wav,,cc-by-sa-4.0,,,,https://huggingface.co/datasets/mueller91/In-The-Wild
/__modal/volumes/vo-Oe7UdCpxcZEjcd7B7eL9tB/mighty-morphing/audio/public/in_the_wild/release_in_the_wild/release_in_the_wild/10016.wav,unknown,in_the_wild,,,,,wav,,cc-by-sa-4.0,,,,https://huggingface.co/datasets/mueller91/In-The-Wild
/__modal/volumes/vo-Oe7UdCpxcZEjcd7B7eL9tB/mighty-morphing/audio/public/in_the_wild/release_in_the_wild/release_in_the_wild/10017.wav,unknown,in_the_wild,,,,,wav,,cc-by-sa-4.0,,,,https://huggingface.co/datasets/mueller91/In-The-Wild
/__modal/volumes/vo-Oe7UdCpxcZEjcd7B7eL9tB/mighty-morphing/audio/public/in_the_wild/release_in_the_wild/release_in_the_wild/10018.wav,unknown,in_the_wild,,,,,wav,,cc-by-sa-4.0,,,,https://huggingface.co/datasets/mueller91/In-The-Wild
/__modal/volumes/vo-Oe7UdCpxcZEjcd7B7eL9tB/mighty-morphing/audio/public/in_the_wild/release_in_the_wild/release_in_the_wild/10019.wav,unknown,in_the_wild,,,,,wav,,cc-by-sa-4.0,,,,https://huggingface.co/datasets/mueller91/In-The-Wild
/__modal/volumes/vo-Oe7UdCpxcZEjcd7B7eL9tB/mighty-morphing/audio/public/in_the_wild/release_in_the_wild/release_in_the_wild/1002.wav,unknown,in_the_wild,,,,,wav,,cc-by-sa-4.0,,,,https://huggingface.co/datasets/mueller91/In-The-Wild
/__modal/volumes/vo-Oe7UdCpxcZEjcd7B7eL9tB/mighty-morphing/audio/public/in_the_wild/release_in_the_wild/release_in_the_wild/10020.wav,unknown,in_the_wild,,,,,wav,,cc-by-sa-4.0,,,,https://huggingface.co/datasets/mueller91/In-The-Wild
/__modal/volumes/vo-Oe7UdCpxcZEjcd7B7eL9tB/mighty-morphing/audio/public/in_the_wild/release_in_the_wild/release_in_the_wild/10021.wav,unknown,in_the_wild,,,,,wav,,cc-by-sa-4.0,,,,https://huggingface.co/datasets/mueller91/In-The-Wild
/__modal/volumes/vo-Oe7UdCpxcZEjcd7B7eL9tB/mighty-morphing/audio/public/in_the_wild/release_in_the_wild/release_in_the_wild/10022.wav,unknown,in_the_wild,,,,,wav,,cc-by-sa-4.0,,,,https://huggingface.co/datasets/mueller91/In-The-Wild
/__modal/volumes/vo-Oe7UdCpxcZEjcd7B7eL9tB/mighty-morphing/audio/public/in_the_wild/release_in_the_wild/release_in_the_wild/10023.wav,unknown,in_the_wild,,,,,wav,,cc-by-sa-4.0,,,,https://huggingface.co/datasets/mueller91/In-The-Wild
/__modal/volumes/vo-Oe7UdCpxcZEjcd7B7eL9tB/mighty-morphing/audio/public/in_the_wild/release_in_the_wild/release_in_the_wild/10024.wav,unknown,in_the_wild,,,,,wav,,cc-by-sa-4.0,,,,https://huggingface.co/datasets/mueller91/In-The-Wild
/__modal/volumes/vo-Oe7UdCpxcZEjcd7B7eL9tB/mighty-morphing/audio/public/in_the_wild/release_in_the_wild/release_in_the_wild/10025.wav,unknown,in_the_wild,,,,,wav,,cc-by-sa-4.0,,,,https://huggingface.co/datasets/mueller91/In-The-Wild
/__modal/volumes/vo-Oe7UdCpxcZEjcd7B7eL9tB/mighty-morphing/audio/public/in_the_wild/release_in_the_wild/release_in_the_wild/10026.wav,unknown,in_the_wild,,,,,wav,,cc-by-sa-4.0,,,,https://huggingface.co/datasets/mueller91/In-The-Wild
/__modal/volumes/vo-Oe7UdCpxcZEjcd7B7eL9tB/mighty-morphing/audio/public/in_the_wild/release_in_the_wild/release_in_the_wild/10027.wav,unknown,in_the_wild,,,,,wav,,cc-by-sa-4.0,,,,https://huggingface.co/datasets/mueller91/In-The-Wild
/__modal/volumes/vo-Oe7UdCpxcZEjcd7B7eL9tB/mighty-morphing/audio/public/in_the_wild/release_in_the_wild/release_in_the_wild/10028.wav,unknown,in_the_wild,,,,,wav,,cc-by-sa-4.0,,,,https://huggingface.co/datasets/mueller91/In-The-Wild
/__modal/volumes/vo-Oe7UdCpxcZEjcd7B7eL9tB/mighty-morphing/audio/public/in_the_wild/release_in_the_wild/release_in_the_wild/10029.wav,unknown,in_the_wild,,,,,wav,,cc-by-sa-4.0,,,,https://huggingface.co/datasets/mueller91/In-The-Wild
/__modal/volumes/vo-Oe7UdCpxcZEjcd7B7eL9tB/mighty-morphing/audio/public/in_the_wild/release_in_the_wild/release_in_the_wild/1003.wav,unknown,in_the_wild,,,,,wav,,cc-by-sa-4.0,,,,https://huggingface.co/datasets/mueller91/In-The-Wild
/__modal/volumes/vo-Oe7UdCpxcZEjcd7B7eL9tB/mighty-morphing/audio/public/in_the_wild/release_in_the_wild/release_in_the_wild/10030.wav,unknown,in_the_wild,,,,,wav,,cc-by-sa-4.0,,,,https://huggingface.co/datasets/mueller91/In-The-Wild
/__modal/volumes/vo-Oe7UdCpxcZEjcd7B7eL9tB/mighty-morphing/audio/public/in_the_wild/release_in_the_wild/release_in_the_wild/10031.wav,unknown,in_the_wild,,,,,wav,,cc-by-sa-4.0,,,,https://huggingface.co/datasets/mueller91/In-The-Wild
/__modal/volumes/vo-Oe7UdCpxcZEjcd7B7eL9tB/mighty-morphing/audio/public/in_the_wild/release_in_the_wild/release_in_the_wild/10032.wav,unknown,in_the_wild,,,,,wav,,cc-by-sa-4.0,,,,https://huggingface.co/datasets/mueller91/In-The-Wild
/__modal/volumes/vo-Oe7UdCpxcZEjcd7B7eL9tB/mighty-morphing/audio/public/in_the_wild/release_in_the_wild/release_in_the_wild/10033.wav,unknown,in_the_wild,,,,,wav,,cc-by-sa-4.0,,,,https://huggingface.co/datasets/mueller91/In-The-Wild
/__modal/volumes/vo-Oe7UdCpxcZEjcd7B7eL9tB/mighty-morphing/audio/public/in_the_wild/release_in_the_wild/release_in_the_wild/10034.wav,unknown,in_the_wild,,,,,wav,,cc-by-sa-4.0,,,,https://huggingface.co/datasets/mueller91/In-The-Wild
/__modal/volumes/vo-Oe7UdCpxcZEjcd7B7eL9tB/mighty-morphing/audio/public/in_the_wild/release_in_the_wild/release_in_the_wild/10035.wav,unknown,in_the_wild,,,,,wav,,cc-by-sa-4.0,,,,https://huggingface.co/datasets/mueller91/In-The-Wild
/__modal/volumes/vo-Oe7UdCpxcZEjcd7B7eL9tB/mighty-morphing/audio/public/in_the_wild/release_in_the_wild/release_in_the_wild/10036.wav,unknown,in_the_wild,,,,,wav,,cc-by-sa-4.0,,,,https://huggingface.co/datasets/mueller91/In-The-Wild
/__modal/volumes/vo-Oe7UdCpxcZEjcd7B7eL9tB/mighty-morphing/audio/public/in_the_wild/release_in_the_wild/release_in_the_wild/10037.wav,unknown,in_the_wild,,,,,wav,,cc-by-sa-4.0,,,,https://huggingface.co/datasets/mueller91/In-The-Wild
/__modal/volumes/vo-Oe7UdCpxcZEjcd7B7eL9tB/mighty-morphing/audio/public/in_the_wild/release_in_the_wild/release_in_the_wild/10038.wav,unknown,in_the_wild,,,,,wav,,cc-by-sa-4.0,,,,https://huggingface.co/datasets/mueller91/In-The-Wild
/__modal/volumes/vo-Oe7UdCpxcZEjcd7B7eL9tB/mighty-morphing/audio/public/in_the_wild/release_in_the_wild/release_in_the_wild/10039.wav,unknown,in_the_wild,,,,,wav,,cc-by-sa-4.0,,,,https://huggingface.co/datasets/mueller91/In-The-Wild
/__modal/volumes/vo-Oe7UdCpxcZEjcd7B7eL9tB/mighty-morphing/audio/public/in_the_wild/release_in_the_wild/release_in_the_wild/1004.wav,unknown,in_the_wild,,,,,wav,,cc-by-sa-4.0,,,,https://huggingface.co/datasets/mueller91/In-The-Wild
/__modal/volumes/vo-Oe7UdCpxcZEjcd7B7eL9tB/mighty-morphing/audio/public/in_the_wild/release_in_the_wild/release_in_the_wild/10040.wav,unknown,in_the_wild,,,,,wav,,cc-by-sa-4.0,,,,https://huggingface.co/datasets/mueller91/In-The-Wild
/__modal/volumes/vo-Oe7UdCpxcZEjcd7B7eL9tB/mighty-morphing/audio/public/in_the_wild/release_in_the_wild/release_in_the_wild/10041.wav,unknown,in_the_wild,,,,,wav,,cc-by-sa-4.0,,,,https://huggingface.co/datasets/mueller91/In-The-Wild
/__modal/volumes/vo-Oe7UdCpxcZEjcd7B7eL9tB/mighty-morphing/audio/public/in_the_wild/release_in_the_wild/release_in_the_wild/10042.wav,unknown,in_the_wild,,,,,wav,,cc-by-sa-4.0,,,,https://huggingface.co/datasets/mueller91/In-The-Wild
/__modal/volumes/vo-Oe7UdCpxcZEjcd7B7eL9tB/mighty-morphing/audio/public/in_the_wild/release_in_the_wild/release_in_the_wild/10043.wav,unknown,in_the_wild,,,,,wav,,cc-by-sa-4.0,,,,https://huggingface.co/datasets/mueller91/In-The-Wild
/__modal/volumes/vo-Oe7UdCpxcZEjcd7B7eL9tB/mighty-morphing/audio/public/in_the_wild/release_in_the_wild/release_in_the_wild/10044.wav,unknown,in_the_wild,,,,,wav,,cc-by-sa-4.0,,,,https://huggingface.co/datasets/mueller91/In-The-Wild
/__modal/volumes/vo-Oe7UdCpxcZEjcd7B7eL9tB/mighty-morphing/audio/public/in_the_wild/release_in_the_wild/release_in_the_wild/10045.wav,unknown,in_the_wild,,,,,wav,,cc-by-sa-4.0,,,,https://huggingface.co/datasets/mueller91/In-The-Wild
/__modal/volumes/vo-Oe7UdCpxcZEjcd7B7eL9tB/mighty-morphing/audio/public/in_the_wild/release_in_the_wild/release_in_the_wild/10046.wav,unknown,in_the_wild,,,,,wav,,cc-by-sa-4.0,,,,https://huggingface.co/datasets/mueller91/In-The-Wild
/__modal/volumes/vo-Oe7UdCpxcZEjcd7B7eL9tB/mighty-morphing/audio/public/in_the_wild/release_in_the_wild/release_in_the_wild/10047.wav,unknown,in_the_wild,,,,,wav,,cc-by-sa-4.0,,,,https://huggingface.co/datasets/mueller91/In-The-Wild
/__modal/volumes/vo-Oe7UdCpxcZEjcd7B7eL9tB/mighty-morphing/audio/public/in_the_wild/release_in_the_wild/release_in_the_wild/10048.wav,unknown,in_the_wild,,,,,wav,,cc-by-sa-4.0,,,,https://huggingface.co/datasets/mueller91/In-The-Wild
/__modal/volumes/vo-Oe7UdCpxcZEjcd7B7eL9tB/mighty-morphing/audio/public/in_the_wild/release_in_the_wild/release_in_the_wild/10049.wav,unknown,in_the_wild,,,,,wav,,cc-by-sa-4.0,,,,https://huggingface.co/datasets/mueller91/In-The-Wild
/__modal/volumes/vo-Oe7UdCpxcZEjcd7B7eL9tB/mighty-morphing/audio/public/in_the_wild/release_in_the_wild/release_in_the_wild/1005.wav,unknown,in_the_wild,,,,,wav,,cc-by-sa-4.0,,,,https://huggingface.co/datasets/mueller91/In-The-Wild
/__modal/volumes/vo-Oe7UdCpxcZEjcd7B7eL9tB/mighty-morphing/audio/public/in_the_wild/release_in_the_wild/release_in_the_wild/10050.wav,unknown,in_the_wild,,,,,wav,,cc-by-sa-4.0,,,,https://huggingface.co/datasets/mueller91/In-The-Wild
/__modal/volumes/vo-Oe7UdCpxcZEjcd7B7eL9tB/mighty-morphing/audio/public/in_the_wild/release_in_the_wild/release_in_the_wild/10051.wav,unknown,in_the_wild,,,,,wav,,cc-by-sa-4.0,,,,https://huggingface.co/datasets/mueller91/In-The-Wild
/__modal/volumes/vo-Oe7UdCpxcZEjcd7B7eL9tB/mighty-morphing/audio/public/in_the_wild/release_in_the_wild/release_in_the_wild/10052.wav,unknown,in_the_wild,,,,,wav,,cc-by-sa-4.0,,,,https://huggingface.co/datasets/mueller91/In-The-Wild
/__modal/volumes/vo-Oe7UdCpxcZEjcd7B7eL9tB/mighty-morphing/audio/public/in_the_wild/release_in_the_wild/release_in_the_wild/10053.wav,unknown,in_the_wild,,,,,wav,,cc-by-sa-4.0,,,,https://huggingface.co/datasets/mueller91/In-The-Wild
/__modal/volumes/vo-Oe7UdCpxcZEjcd7B7eL9tB/mighty-morphing/audio/public/in_the_wild/release_in_the_wild/release_in_the_wild/10054.wav,unknown,in_the_wild,,,,,wav,,cc-by-sa-4.0,,,,https://huggingface.co/datasets/mueller91/In-The-Wild
/__modal/volumes/vo-Oe7UdCpxcZEjcd7B7eL9tB/mighty-morphing/audio/public/in_the_wild/release_in_the_wild/release_in_the_wild/10055.wav,unknown,in_the_wild,,,,,wav,,cc-by-sa-4.0,,,,https://huggingface.co/datasets/mueller91/In-The-Wild
/__modal/volumes/vo-Oe7UdCpxcZEjcd7B7eL9tB/mighty-morphing/audio/public/in_the_wild/release_in_the_wild/release_in_the_wild/10056.wav,unknown,in_the_wild,,,,,wav,,cc-by-sa-4.0,,,,https://huggingface.co/datasets/mueller91/In-The-Wild
/__modal/volumes/vo-Oe7UdCpxcZEjcd7B7eL9tB/mighty-morphing/audio/public/in_the_wild/release_in_the_wild/release_in_the_wild/10057.wav,unknown,in_the_wild,,,,,wav,,cc-by-sa-4.0,,,,https://huggingface.co/datasets/mueller91/In-The-Wild
/__modal/volumes/vo-Oe7UdCpxcZEjcd7B7eL9tB/mighty-morphing/audio/public/in_the_wild/release_in_the_wild/release_in_the_wild/10058.wav,unknown,in_the_wild,,,,,wav,,cc-by-sa-4.0,,,,https://huggingface.co/datasets/mueller91/In-The-Wild
/__modal/volumes/vo-Oe7UdCpxcZEjcd7B7eL9tB/mighty-morphing/audio/public/in_the_wild/release_in_the_wild/release_in_the_wild/10059.wav,unknown,in_the_wild,,,,,wav,,cc-by-sa-4.0,,,,https://huggingface.co/datasets/mueller91/In-The-Wild
/__modal/volumes/vo-Oe7UdCpxcZEjcd7B7eL9tB/mighty-morphing/audio/public/in_the_wild/release_in_the_wild/release_in_the_wild/1006.wav,unknown,in_the_wild,,,,,wav,,cc-by-sa-4.0,,,,https://huggingface.co/datasets/mueller91/In-The-Wild
/__modal/volumes/vo-Oe7UdCpxcZEjcd7B7eL9tB/mighty-morphing/audio/public/in_the_wild/release_in_the_wild/release_in_the_wild/10060.wav,unknown,in_the_wild,,,,,wav,,cc-by-sa-4.0,,,,https://huggingface.co/datasets/mueller91/In-The-Wild
/__modal/volumes/vo-Oe7UdCpxcZEjcd7B7eL9tB/mighty-morphing/audio/public/in_the_wild/release_in_the_wild/release_in_the_wild/10061.wav,unknown,in_the_wild,,,,,wav,,cc-by-sa-4.0,,,,https://huggingface.co/datasets/mueller91/In-The-Wild
/__modal/volumes/vo-Oe7UdCpxcZEjcd7B7eL9tB/mighty-morphing/audio/public/in_the_wild/release_in_the_wild/release_in_the_wild/10062.wav,unknown,in_the_wild,,,,,wav,,cc-by-sa-4.0,,,,https://huggingface.co/datasets/mueller91/In-The-Wild
/__modal/volumes/vo-Oe7UdCpxcZEjcd7B7eL9tB/mighty-morphing/audio/public/in_the_wild/release_in_the_wild/release_in_the_wild/10063.wav,unknown,in_the_wild,,,,,wav,,cc-by-sa-4.0,,,,https://huggingface.co/datasets/mueller91/In-The-Wild
/__modal/volumes/vo-Oe7UdCpxcZEjcd7B7eL9tB/mighty-morphing/audio/public/in_the_wild/release_in_the_wild/release_in_the_wild/10064.wav,unknown,in_the_wild,,,,,wav,,cc-by-sa-4.0,,,,https://huggingface.co/datasets/mueller91/In-The-Wild
/__modal/volumes/vo-Oe7UdCpxcZEjcd7B7eL9tB/mighty-morphing/audio/public/in_the_wild/release_in_the_wild/release_in_the_wild/10065.wav,unknown,in_the_wild,,,,,wav,,cc-by-sa-4.0,,,,https://huggingface.co/datasets/mueller91/In-The-Wild
/__modal/volumes/vo-Oe7UdCpxcZEjcd7B7eL9tB/mighty-morphing/audio/public/in_the_wild/release_in_the_wild/release_in_the_wild/10066.wav,unknown,in_the_wild,,,,,wav,,cc-by-sa-4.0,,,,https://huggingface.co/datasets/mueller91/In-The-Wild
/__modal/volumes/vo-Oe7UdCpxcZEjcd7B7eL9tB/mighty-morphing/audio/public/in_the_wild/release_in_the_wild/release_in_the_wild/10067.wav,unknown,in_the_wild,,,,,wav,,cc-by-sa-4.0,,,,https://huggingface.co/datasets/mueller91/In-The-Wild
/__modal/volumes/vo-Oe7UdCpxcZEjcd7B7eL9tB/mighty-morphing/audio/public/in_the_wild/release_in_the_wild/release_in_the_wild/10068.wav,unknown,in_the_wild,,,,,wav,,cc-by-sa-4.0,,,,https://huggingface.co/datasets/mueller91/In-The-Wild
/__modal/volumes/vo-Oe7UdCpxcZEjcd7B7eL9tB/mighty-morphing/audio/public/in_the_wild/release_in_the_wild/release_in_the_wild/10069.wav,unknown,in_the_wild,,,,,wav,,cc-by-sa-4.0,,,,https://huggingface.co/datasets/mueller91/In-The-Wild
/__modal/volumes/vo-Oe7UdCpxcZEjcd7B7eL9tB/mighty-morphing/audio/public/in_the_wild/release_in_the_wild/release_in_the_wild/1007.wav,unknown,in_the_wild,,,,,wav,,cc-by-sa-4.0,,,,https://huggingface.co/datasets/mueller91/In-The-Wild
/__modal/volumes/vo-Oe7UdCpxcZEjcd7B7eL9tB/mighty-morphing/audio/public/in_the_wild/release_in_the_wild/release_in_the_wild/10070.wav,unknown,in_the_wild,,,,,wav,,cc-by-sa-4.0,,,,https://huggingface.co/datasets/mueller91/In-The-Wild
/__modal/volumes/vo-Oe7UdCpxcZEjcd7B7eL9tB/mighty-morphing/audio/public/in_the_wild/release_in_the_wild/release_in_the_wild/10071.wav,unknown,in_the_wild,,,,,wav,,cc-by-sa-4.0,,,,https://huggingface.co/datasets/mueller91/In-The-Wild
/__modal/volumes/vo-Oe7UdCpxcZEjcd7B7eL9tB/mighty-morphing/audio/public/in_the_wild/release_in_the_wild/release_in_the_wild/10072.wav,unknown,in_the_wild,,,,,wav,,cc-by-sa-4.0,,,,https://huggingface.co/datasets/mueller91/In-The-Wild
/__modal/volumes/vo-Oe7UdCpxcZEjcd7B7eL9tB/mighty-morphing/audio/public/in_the_wild/release_in_the_wild/release_in_the_wild/10073.wav,unknown,in_the_wild,,,,,wav,,cc-by-sa-4.0,,,,https://huggingface.co/datasets/mueller91/In-The-Wild
/__modal/volumes/vo-Oe7UdCpxcZEjcd7B7eL9tB/mighty-morphing/audio/public/in_the_wild/release_in_the_wild/release_in_the_wild/10074.wav,unknown,in_the_wild,,,,,wav,,cc-by-sa-4.0,,,,https://huggingface.co/datasets/mueller91/In-The-Wild
/__modal/volumes/vo-Oe7UdCpxcZEjcd7B7eL9tB/mighty-morphing/audio/public/in_the_wild/release_in_the_wild/release_in_the_wild/10075.wav,unknown,in_the_wild,,,,,wav,,cc-by-sa-4.0,,,,https://huggingface.co/datasets/mueller91/In-The-Wild
/__modal/volumes/vo-Oe7UdCpxcZEjcd7B7eL9tB/mighty-morphing/audio/public/in_the_wild/release_in_the_wild/release_in_the_wild/10076.wav,unknown,in_the_wild,,,,,wav,,cc-by-sa-4.0,,,,https://huggingface.co/datasets/mueller91/In-The-Wild
/__modal/volumes/vo-Oe7UdCpxcZEjcd7B7eL9tB/mighty-morphing/audio/public/in_the_wild/release_in_the_wild/release_in_the_wild/10077.wav,unknown,in_the_wild,,,,,wav,,cc-by-sa-4.0,,,,https://huggingface.co/datasets/mueller91/In-The-Wild
/__modal/volumes/vo-Oe7UdCpxcZEjcd7B7eL9tB/mighty-morphing/audio/public/in_the_wild/release_in_the_wild/release_in_the_wild/10078.wav,unknown,in_the_wild,,,,,wav,,cc-by-sa-4.0,,,,https://huggingface.co/datasets/mueller91/In-The-Wild
/__modal/volumes/vo-Oe7UdCpxcZEjcd7B7eL9tB/mighty-morphing/audio/public/in_the_wild/release_in_the_wild/release_in_the_wild/10079.wav,unknown,in_the_wild,,,,,wav,,cc-by-sa-4.0,,,,https://huggingface.co/datasets/mueller91/In-The-Wild
/__modal/volumes/vo-Oe7UdCpxcZEjcd7B7eL9tB/mighty-morphing/audio/public/in_the_wild/release_in_the_wild/release_in_the_wild/1008.wav,unknown,in_the_wild,,,,,wav,,cc-by-sa-4.0,,,,https://huggingface.co/datasets/mueller91/In-The-Wild
/__modal/volumes/vo-Oe7UdCpxcZEjcd7B7eL9tB/mighty-morphing/audio/public/in_the_wild/release_in_the_wild/release_in_the_wild/10080.wav,unknown,in_the_wild,,,,,wav,,cc-by-sa-4.0,,,,https://huggingface.co/datasets/mueller91/In-The-Wild
/__modal/volumes/vo-Oe7UdCpxcZEjcd7B7eL9tB/mighty-morphing/audio/public/in_the_wild/release_in_the_wild/release_in_the_wild/10081.wav,unknown,in_the_wild,,,,,wav,,cc-by-sa-4.0,,,,https://huggingface.co/datasets/mueller91/In-The-Wild
/__modal/volumes/vo-Oe7UdCpxcZEjcd7B7eL9tB/mighty-morphing/audio/public/in_the_wild/release_in_the_wild/release_in_the_wild/10082.wav,unknown,in_the_wild,,,,,wav,,cc-by-sa-4.0,,,,https://huggingface.co/datasets/mueller91/In-The-Wild
/__modal/volumes/vo-Oe7UdCpxcZEjcd7B7eL9tB/mighty-morphing/audio/public/in_the_wild/release_in_the_wild/release_in_the_wild/10083.wav,unknown,in_the_wild,,,,,wav,,cc-by-sa-4.0,,,,https://huggingface.co/datasets/mueller91/In-The-Wild
/__modal/volumes/vo-Oe7UdCpxcZEjcd7B7eL9tB/mighty-morphing/audio/public/in_the_wild/release_in_the_wild/release_in_the_wild/10084.wav,unknown,in_the_wild,,,,,wav,,cc-by-sa-4.0,,,,https://huggingface.co/datasets/mueller91/In-The-Wild
/__modal/volumes/vo-Oe7UdCpxcZEjcd7B7eL9tB/mighty-morphing/audio/public/in_the_wild/release_in_the_wild/release_in_the_wild/10085.wav,unknown,in_the_wild,,,,,wav,,cc-by-sa-4.0,,,,https://huggingface.co/datasets/mueller91/In-The-Wild
/__modal/volumes/vo-Oe7UdCpxcZEjcd7B7eL9tB/mighty-morphing/audio/public/in_the_wild/release_in_the_wild/release_in_the_wild/10086.wav,unknown,in_the_wild,,,,,wav,,cc-by-sa-4.0,,,,https://huggingface.co/datasets/mueller91/In-The-Wild
/__modal/volumes/vo-Oe7UdCpxcZEjcd7B7eL9tB/mighty-morphing/audio/public/in_the_wild/release_in_the_wild/release_in_the_wild/10087.wav,unknown,in_the_wild,,,,,wav,,cc-by-sa-4.0,,,,https://huggingface.co/datasets/mueller91/In-The-Wild
/__modal/volumes/vo-Oe7UdCpxcZEjcd7B7eL9tB/mighty-morphing/audio/public/in_the_wild/release_in_the_wild/release_in_the_wild/10088.wav,unknown,in_the_wild,,,,,wav,,cc-by-sa-4.0,,,,https://huggingface.co/datasets/mueller91/In-The-Wild
/__modal/volumes/vo-Oe7UdCpxcZEjcd7B7eL9tB/mighty-morphing/audio/public/in_the_wild/release_in_the_wild/release_in_the_wild/10089.wav,unknown,in_the_wild,,,,,wav,,cc-by-sa-4.0,,,,https://huggingface.co/datasets/mueller91/In-The-Wild
/__modal/volumes/vo-Oe7UdCpxcZEjcd7B7eL9tB/mighty-morphing/audio/public/in_the_wild/release_in_the_wild/release_in_the_wild/1009.wav,unknown,in_the_wild,,,,,wav,,cc-by-sa-4.0,,,,https://huggingface.co/datasets/mueller91/In-The-Wild
/__modal/volumes/vo-Oe7UdCpxcZEjcd7B7eL9tB/mighty-morphing/audio/public/in_the_wild/release_in_the_wild/release_in_the_wild/10090.wav,unknown,in_the_wild,,,,,wav,,cc-by-sa-4.0,,,,https://huggingface.co/datasets/mueller91/In-The-Wild
/__modal/volumes/vo-Oe7UdCpxcZEjcd7B7eL9tB/mighty-morphing/audio/public/in_the_wild/release_in_the_wild/release_in_the_wild/10091.wav,unknown,in_the_wild,,,,,wav,,cc-by-sa-4.0,,,,https://huggingface.co/datasets/mueller91/In-The-Wild
/__modal/volumes/vo-Oe7UdCpxcZEjcd7B7eL9tB/mighty-morphing/audio/public/in_the_wild/release_in_the_wild/release_in_the_wild/10092.wav,unknown,in_the_wild,,,,,wav,,cc-by-sa-4.0,,,,https://huggingface.co/datasets/mueller91/In-The-Wild
/__modal/volumes/vo-Oe7UdCpxcZEjcd7B7eL9tB/mighty-morphing/audio/public/in_the_wild/release_in_the_wild/release_in_the_wild/10093.wav,unknown,in_the_wild,,,,,wav,,cc-by-sa-4.0,,,,https://huggingface.co/datasets/mueller91/In-The-Wild
/__modal/volumes/vo-Oe7UdCpxcZEjcd7B7eL9tB/mighty-morphing/audio/public/in_the_wild/release_in_the_wild/release_in_the_wild/10094.wav,unknown,in_the_wild,,,,,wav,,cc-by-sa-4.0,,,,https://huggingface.co/datasets/mueller91/In-The-Wild
/__modal/volumes/vo-Oe7UdCpxcZEjcd7B7eL9tB/mighty-morphing/audio/public/in_the_wild/release_in_the_wild/release_in_the_wild/10095.wav,unknown,in_the_wild,,,,,wav,,cc-by-sa-4.0,,,,https://huggingface.co/datasets/mueller91/In-The-Wild
/__modal/volumes/vo-Oe7UdCpxcZEjcd7B7eL9tB/mighty-morphing/audio/public/in_the_wild/release_in_the_wild/release_in_the_wild/10096.wav,unknown,in_the_wild,,,,,wav,,cc-by-sa-4.0,,,,https://huggingface.co/datasets/mueller91/In-The-Wild
/__modal/volumes/vo-Oe7UdCpxcZEjcd7B7eL9tB/mighty-morphing/audio/public/in_the_wild/release_in_the_wild/release_in_the_wild/10097.wav,unknown,in_the_wild,,,,,wav,,cc-by-sa-4.0,,,,https://huggingface.co/datasets/mueller91/In-The-Wild
/__modal/volumes/vo-Oe7UdCpxcZEjcd7B7eL9tB/mighty-morphing/audio/public/in_the_wild/release_in_the_wild/release_in_the_wild/10098.wav,unknown,in_the_wild,,,,,wav,,cc-by-sa-4.0,,,,https://huggingface.co/datasets/mueller91/In-The-Wild
/__modal/volumes/vo-Oe7UdCpxcZEjcd7B7eL9tB/mighty-morphing/audio/public/in_the_wild/release_in_the_wild/release_in_the_wild/10099.wav,unknown,in_the_wild,,,,,wav,,cc-by-sa-4.0,,,,https://huggingface.co/datasets/mueller91/In-The-Wild
/__modal/volumes/vo-Oe7UdCpxcZEjcd7B7eL9tB/mighty-morphing/audio/public/in_the_wild/release_in_the_wild/release_in_the_wild/101.wav,unknown,in_the_wild,,,,,wav,,cc-by-sa-4.0,,,,https://huggingface.co/datasets/mueller91/In-The-Wild
/__modal/volumes/vo-Oe7UdCpxcZEjcd7B7eL9tB/mighty-morphing/audio/public/in_the_wild/release_in_the_wild/release_in_the_wild/1010.wav,unknown,in_the_wild,,,,,wav,,cc-by-sa-4.0,,,,https://huggingface.co/datasets/mueller91/In-The-Wild
/__modal/volumes/vo-Oe7UdCpxcZEjcd7B7eL9tB/mighty-morphing/audio/public/in_the_wild/release_in_the_wild/release_in_the_wild/10100.wav,unknown,in_the_wild,,,,,wav,,cc-by-sa-4.0,,,,https://huggingface.co/datasets/mueller91/In-The-Wild
/__modal/volumes/vo-Oe7UdCpxcZEjcd7B7eL9tB/mighty-morphing/audio/public/in_the_wild/release_in_the_wild/release_in_the_wild/10101.wav,unknown,in_the_wild,,,,,wav,,cc-by-sa-4.0,,,,https://huggingface.co/datasets/mueller91/In-The-Wild
/__modal/volumes/vo-Oe7UdCpxcZEjcd7B7eL9tB/mighty-morphing/audio/public/in_the_wild/release_in_the_wild/release_in_the_wild/10102.wav,unknown,in_the_wild,,,,,wav,,cc-by-sa-4.0,,,,https://huggingface.co/datasets/mueller91/In-The-Wild
/__modal/volumes/vo-Oe7UdCpxcZEjcd7B7eL9tB/mighty-morphing/audio/public/in_the_wild/release_in_the_wild/release_in_the_wild/10103.wav,unknown,in_the_wild,,,,,wav,,cc-by-sa-4.0,,,,https://huggingface.co/datasets/mueller91/In-The-Wild
/__modal/volumes/vo-Oe7UdCpxcZEjcd7B7eL9tB/mighty-morphing/audio/public/in_the_wild/release_in_the_wild/release_in_the_wild/10104.wav,unknown,in_the_wild,,,,,wav,,cc-by-sa-4.0,,,,https://huggingface.co/datasets/mueller91/In-The-Wild
/__modal/volumes/vo-Oe7UdCpxcZEjcd7B7eL9tB/mighty-morphing/audio/public/in_the_wild/release_in_the_wild/release_in_the_wild/10105.wav,unknown,in_the_wild,,,,,wav,,cc-by-sa-4.0,,,,https://huggingface.co/datasets/mueller91/In-The-Wild
/__modal/volumes/vo-Oe7UdCpxcZEjcd7B7eL9tB/mighty-morphing/audio/public/in_the_wild/release_in_the_wild/release_in_the_wild/10106.wav,unknown,in_the_wild,,,,,wav,,cc-by-sa-4.0,,,,https://huggingface.co/datasets/mueller91/In-The-Wild
/__modal/volumes/vo-Oe7UdCpxcZEjcd7B7eL9tB/mighty-morphing/audio/public/in_the_wild/release_in_the_wild/release_in_the_wild/10107.wav,unknown,in_the_wild,,,,,wav,,cc-by-sa-4.0,,,,https://huggingface.co/datasets/mueller91/In-The-Wild
/__modal/volumes/vo-Oe7UdCpxcZEjcd7B7eL9tB/mighty-morphing/audio/public/in_the_wild/release_in_the_wild/release_in_the_wild/10108.wav,unknown,in_the_wild,,,,,wav,,cc-by-sa-4.0,,,,https://huggingface.co/datasets/mueller91/In-The-Wild
/__modal/volumes/vo-Oe7UdCpxcZEjcd7B7eL9tB/mighty-morphing/audio/public/in_the_wild/release_in_the_wild/release_in_the_wild/10109.wav,unknown,in_the_wild,,,,,wav,,cc-by-sa-4.0,,,,https://huggingface.co/datasets/mueller91/In-The-Wild
/__modal/volumes/vo-Oe7UdCpxcZEjcd7B7eL9tB/mighty-morphing/audio/public/in_the_wild/release_in_the_wild/release_in_the_wild/1011.wav,unknown,in_the_wild,,,,,wav,,cc-by-sa-4.0,,,,https://huggingface.co/datasets/mueller91/In-The-Wild
/__modal/volumes/vo-Oe7UdCpxcZEjcd7B7eL9tB/mighty-morphing/audio/public/in_the_wild/release_in_the_wild/release_in_the_wild/10110.wav,unknown,in_the_wild,,,,,wav,,cc-by-sa-4.0,,,,https://huggingface.co/datasets/mueller91/In-The-Wild
/__modal/volumes/vo-Oe7UdCpxcZEjcd7B7eL9tB/mighty-morphing/audio/public/in_the_wild/release_in_the_wild/release_in_the_wild/10111.wav,unknown,in_the_wild,,,,,wav,,cc-by-sa-4.0,,,,https://huggingface.co/datasets/mueller91/In-The-Wild
/__modal/volumes/vo-Oe7UdCpxcZEjcd7B7eL9tB/mighty-morphing/audio/public/in_the_wild/release_in_the_wild/release_in_the_wild/10112.wav,unknown,in_the_wild,,,,,wav,,cc-by-sa-4.0,,,,https://huggingface.co/datasets/mueller91/In-The-Wild
/__modal/volumes/vo-Oe7UdCpxcZEjcd7B7eL9tB/mighty-morphing/audio/public/in_the_wild/release_in_the_wild/release_in_the_wild/10113.wav,unknown,in_the_wild,,,,,wav,,cc-by-sa-4.0,,,,https://huggingface.co/datasets/mueller91/In-The-Wild
/__modal/volumes/vo-Oe7UdCpxcZEjcd7B7eL9tB/mighty-morphing/audio/public/in_the_wild/release_in_the_wild/release_in_the_wild/10114.wav,unknown,in_the_wild,,,,,wav,,cc-by-sa-4.0,,,,https://huggingface.co/datasets/mueller91/In-The-Wild
/__modal/volumes/vo-Oe7UdCpxcZEjcd7B7eL9tB/mighty-morphing/audio/public/in_the_wild/release_in_the_wild/release_in_the_wild/10115.wav,unknown,in_the_wild,,,,,wav,,cc-by-sa-4.0,,,,https://huggingface.co/datasets/mueller91/In-The-Wild
/__modal/volumes/vo-Oe7UdCpxcZEjcd7B7eL9tB/mighty-morphing/audio/public/in_the_wild/release_in_the_wild/release_in_the_wild/10116.wav,unknown,in_the_wild,,,,,wav,,cc-by-sa-4.0,,,,https://huggingface.co/datasets/mueller91/In-The-Wild
/__modal/volumes/vo-Oe7UdCpxcZEjcd7B7eL9tB/mighty-morphing/audio/public/in_the_wild/release_in_the_wild/release_in_the_wild/10117.wav,unknown,in_the_wild,,,,,wav,,cc-by-sa-4.0,,,,https://huggingface.co/datasets/mueller91/In-The-Wild
/__modal/volumes/vo-Oe7UdCpxcZEjcd7B7eL9tB/mighty-morphing/audio/public/in_the_wild/release_in_the_wild/release_in_the_wild/10118.wav,unknown,in_the_wild,,,,,wav,,cc-by-sa-4.0,,,,https://huggingface.co/datasets/mueller91/In-The-Wild
/__modal/volumes/vo-Oe7UdCpxcZEjcd7B7eL9tB/mighty-morphing/audio/public/in_the_wild/release_in_the_wild/release_in_the_wild/10119.wav,unknown,in_the_wild,,,,,wav,,cc-by-sa-4.0,,,,https://huggingface.co/datasets/mueller91/In-The-Wild
/__modal/volumes/vo-Oe7UdCpxcZEjcd7B7eL9tB/mighty-morphing/audio/public/in_the_wild/release_in_the_wild/release_in_the_wild/1012.wav,unknown,in_the_wild,,,,,wav,,cc-by-sa-4.0,,,,https://huggingface.co/datasets/mueller91/In-The-Wild
/__modal/volumes/vo-Oe7UdCpxcZEjcd7B7eL9tB/mighty-morphing/audio/public/in_the_wild/release_in_the_wild/release_in_the_wild/10120.wav,unknown,in_the_wild,,,,,wav,,cc-by-sa-4.0,,,,https://huggingface.co/datasets/mueller91/In-The-Wild
/__modal/volumes/vo-Oe7UdCpxcZEjcd7B7eL9tB/mighty-morphing/audio/public/in_the_wild/release_in_the_wild/release_in_the_wild/10121.wav,unknown,in_the_wild,,,,,wav,,cc-by-sa-4.0,,,,https://huggingface.co/datasets/mueller91/In-The-Wild
/__modal/volumes/vo-Oe7UdCpxcZEjcd7B7eL9tB/mighty-morphing/audio/public/in_the_wild/release_in_the_wild/release_in_the_wild/10122.wav,unknown,in_the_wild,,,,,wav,,cc-by-sa-4.0,,,,https://huggingface.co/datasets/mueller91/In-The-Wild
/__modal/volumes/vo-Oe7UdCpxcZEjcd7B7eL9tB/mighty-morphing/audio/public/in_the_wild/release_in_the_wild/release_in_the_wild/10123.wav,unknown,in_the_wild,,,,,wav,,cc-by-sa-4.0,,,,https://huggingface.co/datasets/mueller91/In-The-Wild
/__modal/volumes/vo-Oe7UdCpxcZEjcd7B7eL9tB/mighty-morphing/audio/public/in_the_wild/release_in_the_wild/release_in_the_wild/10124.wav,unknown,in_the_wild,,,,,wav,,cc-by-sa-4.0,,,,https://huggingface.co/datasets/mueller91/In-The-Wild
/__modal/volumes/vo-Oe7UdCpxcZEjcd7B7eL9tB/mighty-morphing/audio/public/in_the_wild/release_in_the_wild/release_in_the_wild/10125.wav,unknown,in_the_wild,,,,,wav,,cc-by-sa-4.0,,,,https://huggingface.co/datasets/mueller91/In-The-Wild
/__modal/volumes/vo-Oe7UdCpxcZEjcd7B7eL9tB/mighty-morphing/audio/public/in_the_wild/release_in_the_wild/release_in_the_wild/10126.wav,unknown,in_the_wild,,,,,wav,,cc-by-sa-4.0,,,,https://huggingface.co/datasets/mueller91/In-The-Wild
/__modal/volumes/vo-Oe7UdCpxcZEjcd7B7eL9tB/mighty-morphing/audio/public/in_the_wild/release_in_the_wild/release_in_the_wild/10127.wav,unknown,in_the_wild,,,,,wav,,cc-by-sa-4.0,,,,https://huggingface.co/datasets/mueller91/In-The-Wild
/__modal/volumes/vo-Oe7UdCpxcZEjcd7B7eL9tB/mighty-morphing/audio/public/in_the_wild/release_in_the_wild/release_in_the_wild/10128.wav,unknown,in_the_wild,,,,,wav,,cc-by-sa-4.0,,,,https://huggingface.co/datasets/mueller91/In-The-Wild
/__modal/volumes/vo-Oe7UdCpxcZEjcd7B7eL9tB/mighty-morphing/audio/public/in_the_wild/release_in_the_wild/release_in_the_wild/10129.wav,unknown,in_the_wild,,,,,wav,,cc-by-sa-4.0,,,,https://huggingface.co/datasets/mueller91/In-The-Wild
/__modal/volumes/vo-Oe7UdCpxcZEjcd7B7eL9tB/mighty-morphing/audio/public/in_the_wild/release_in_the_wild/release_in_the_wild/1013.wav,unknown,in_the_wild,,,,,wav,,cc-by-sa-4.0,,,,https://huggingface.co/datasets/mueller91/In-The-Wild
/__modal/volumes/vo-Oe7UdCpxcZEjcd7B7eL9tB/mighty-morphing/audio/public/in_the_wild/release_in_the_wild/release_in_the_wild/10130.wav,unknown,in_the_wild,,,,,wav,,cc-by-sa-4.0,,,,https://huggingface.co/datasets/mueller91/In-The-Wild
/__modal/volumes/vo-Oe7UdCpxcZEjcd7B7eL9tB/mighty-morphing/audio/public/in_the_wild/release_in_the_wild/release_in_the_wild/10131.wav,unknown,in_the_wild,,,,,wav,,cc-by-sa-4.0,,,,https://huggingface.co/datasets/mueller91/In-The-Wild
/__modal/volumes/vo-Oe7UdCpxcZEjcd7B7eL9tB/mighty-morphing/audio/public/in_the_wild/release_in_the_wild/release_in_the_wild/10132.wav,unknown,in_the_wild,,,,,wav,,cc-by-sa-4.0,,,,https://huggingface.co/datasets/mueller91/In-The-Wild
/__modal/volumes/vo-Oe7UdCpxcZEjcd7B7eL9tB/mighty-morphing/audio/public/in_the_wild/release_in_the_wild/release_in_the_wild/10133.wav,unknown,in_the_wild,,,,,wav,,cc-by-sa-4.0,,,,https://huggingface.co/datasets/mueller91/In-The-Wild
/__modal/volumes/vo-Oe7UdCpxcZEjcd7B7eL9tB/mighty-morphing/audio/public/in_the_wild/release_in_the_wild/release_in_the_wild/10134.wav,unknown,in_the_wild,,,,,wav,,cc-by-sa-4.0,,,,https://huggingface.co/datasets/mueller91/In-The-Wild
/__modal/volumes/vo-Oe7UdCpxcZEjcd7B7eL9tB/mighty-morphing/audio/public/in_the_wild/release_in_the_wild/release_in_the_wild/10135.wav,unknown,in_the_wild,,,,,wav,,cc-by-sa-4.0,,,,https://huggingface.co/datasets/mueller91/In-The-Wild
/__modal/volumes/vo-Oe7UdCpxcZEjcd7B7eL9tB/mighty-morphing/audio/public/in_the_wild/release_in_the_wild/release_in_the_wild/10136.wav,unknown,in_the_wild,,,,,wav,,cc-by-sa-4.0,,,,https://huggingface.co/datasets/mueller91/In-The-Wild
/__modal/volumes/vo-Oe7UdCpxcZEjcd7B7eL9tB/mighty-morphing/audio/public/in_the_wild/release_in_the_wild/release_in_the_wild/10137.wav,unknown,in_the_wild,,,,,wav,,cc-by-sa-4.0,,,,https://huggingface.co/datasets/mueller91/In-The-Wild
/__modal/volumes/vo-Oe7UdCpxcZEjcd7B7eL9tB/mighty-morphing/audio/public/in_the_wild/release_in_the_wild/release_in_the_wild/10138.wav,unknown,in_the_wild,,,,,wav,,cc-by-sa-4.0,,,,https://huggingface.co/datasets/mueller91/In-The-Wild
/__modal/volumes/vo-Oe7UdCpxcZEjcd7B7eL9tB/mighty-morphing/audio/public/in_the_wild/release_in_the_wild/release_in_the_wild/10139.wav,unknown,in_the_wild,,,,,wav,,cc-by-sa-4.0,,,,https://huggingface.co/datasets/mueller91/In-The-Wild
/__modal/volumes/vo-Oe7UdCpxcZEjcd7B7eL9tB/mighty-morphing/audio/public/in_the_wild/release_in_the_wild/release_in_the_wild/1014.wav,unknown,in_the_wild,,,,,wav,,cc-by-sa-4.0,,,,https://huggingface.co/datasets/mueller91/In-The-Wild
/__modal/volumes/vo-Oe7UdCpxcZEjcd7B7eL9tB/mighty-morphing/audio/public/in_the_wild/release_in_the_wild/release_in_the_wild/10140.wav,unknown,in_the_wild,,,,,wav,,cc-by-sa-4.0,,,,https://huggingface.co/datasets/mueller91/In-The-Wild
/__modal/volumes/vo-Oe7UdCpxcZEjcd7B7eL9tB/mighty-morphing/audio/public/in_the_wild/release_in_the_wild/release_in_the_wild/10141.wav,unknown,in_the_wild,,,,,wav,,cc-by-sa-4.0,,,,https://huggingface.co/datasets/mueller91/In-The-Wild
/__modal/volumes/vo-Oe7UdCpxcZEjcd7B7eL9tB/mighty-morphing/audio/public/in_the_wild/release_in_the_wild/release_in_the_wild/10142.wav,unknown,in_the_wild,,,,,wav,,cc-by-sa-4.0,,,,https://huggingface.co/datasets/mueller91/In-The-Wild
/__modal/volumes/vo-Oe7UdCpxcZEjcd7B7eL9tB/mighty-morphing/audio/public/in_the_wild/release_in_the_wild/release_in_the_wild/10143.wav,unknown,in_the_wild,,,,,wav,,cc-by-sa-4.0,,,,https://huggingface.co/datasets/mueller91/In-The-Wild
/__modal/volumes/vo-Oe7UdCpxcZEjcd7B7eL9tB/mighty-morphing/audio/public/in_the_wild/release_in_the_wild/release_in_the_wild/10144.wav,unknown,in_the_wild,,,,,wav,,cc-by-sa-4.0,,,,https://huggingface.co/datasets/mueller91/In-The-Wild
/__modal/volumes/vo-Oe7UdCpxcZEjcd7B7eL9tB/mighty-morphing/audio/public/in_the_wild/release_in_the_wild/release_in_the_wild/10145.wav,unknown,in_the_wild,,,,,wav,,cc-by-sa-4.0,,,,https://huggingface.co/datasets/mueller91/In-The-Wild
/__modal/volumes/vo-Oe7UdCpxcZEjcd7B7eL9tB/mighty-morphing/audio/public/in_the_wild/release_in_the_wild/release_in_the_wild/10146.wav,unknown,in_the_wild,,,,,wav,,cc-by-sa-4.0,,,,https://huggingface.co/datasets/mueller91/In-The-Wild
/__modal/volumes/vo-Oe7UdCpxcZEjcd7B7eL9tB/mighty-morphing/audio/public/in_the_wild/release_in_the_wild/release_in_the_wild/10147.wav,unknown,in_the_wild,,,,,wav,,cc-by-sa-4.0,,,,https://huggingface.co/datasets/mueller91/In-The-Wild
/__modal/volumes/vo-Oe7UdCpxcZEjcd7B7eL9tB/mighty-morphing/audio/public/in_the_wild/release_in_the_wild/release_in_the_wild/10148.wav,unknown,in_the_wild,,,,,wav,,cc-by-sa-4.0,,,,https://huggingface.co/datasets/mueller91/In-The-Wild
/__modal/volumes/vo-Oe7UdCpxcZEjcd7B7eL9tB/mighty-morphing/audio/public/in_the_wild/release_in_the_wild/release_in_the_wild/10149.wav,unknown,in_the_wild,,,,,wav,,cc-by-sa-4.0,,,,https://huggingface.co/datasets/mueller91/In-The-Wild
/__modal/volumes/vo-Oe7UdCpxcZEjcd7B7eL9tB/mighty-morphing/audio/public/in_the_wild/release_in_the_wild/release_in_the_wild/1015.wav,unknown,in_the_wild,,,,,wav,,cc-by-sa-4.0,,,,https://huggingface.co/datasets/mueller91/In-The-Wild
/__modal/volumes/vo-Oe7UdCpxcZEjcd7B7eL9tB/mighty-morphing/audio/public/in_the_wild/release_in_the_wild/release_in_the_wild/10150.wav,unknown,in_the_wild,,,,,wav,,cc-by-sa-4.0,,,,https://huggingface.co/datasets/mueller91/In-The-Wild
/__modal/volumes/vo-Oe7UdCpxcZEjcd7B7eL9tB/mighty-morphing/audio/public/in_the_wild/release_in_the_wild/release_in_the_wild/10151.wav,unknown,in_the_wild,,,,,wav,,cc-by-sa-4.0,,,,https://huggingface.co/datasets/mueller91/In-The-Wild
/__modal/volumes/vo-Oe7UdCpxcZEjcd7B7eL9tB/mighty-morphing/audio/public/in_the_wild/release_in_the_wild/release_in_the_wild/10152.wav,unknown,in_the_wild,,,,,wav,,cc-by-sa-4.0,,,,https://huggingface.co/datasets/mueller91/In-The-Wild
/__modal/volumes/vo-Oe7UdCpxcZEjcd7B7eL9tB/mighty-morphing/audio/public/in_the_wild/release_in_the_wild/release_in_the_wild/10153.wav,unknown,in_the_wild,,,,,wav,,cc-by-sa-4.0,,,,https://huggingface.co/datasets/mueller91/In-The-Wild
/__modal/volumes/vo-Oe7UdCpxcZEjcd7B7eL9tB/mighty-morphing/audio/public/in_the_wild/release_in_the_wild/release_in_the_wild/10154.wav,unknown,in_the_wild,,,,,wav,,cc-by-sa-4.0,,,,https://huggingface.co/datasets/mueller91/In-The-Wild
/__modal/volumes/vo-Oe7UdCpxcZEjcd7B7eL9tB/mighty-morphing/audio/public/in_the_wild/release_in_the_wild/release_in_the_wild/10155.wav,unknown,in_the_wild,,,,,wav,,cc-by-sa-4.0,,,,https://huggingface.co/datasets/mueller91/In-The-Wild
/__modal/volumes/vo-Oe7UdCpxcZEjcd7B7eL9tB/mighty-morphing/audio/public/in_the_wild/release_in_the_wild/release_in_the_wild/10156.wav,unknown,in_the_wild,,,,,wav,,cc-by-sa-4.0,,,,https://huggingface.co/datasets/mueller91/In-The-Wild
/__modal/volumes/vo-Oe7UdCpxcZEjcd7B7eL9tB/mighty-morphing/audio/public/in_the_wild/release_in_the_wild/release_in_the_wild/10157.wav,unknown,in_the_wild,,,,,wav,,cc-by-sa-4.0,,,,https://huggingface.co/datasets/mueller91/In-The-Wild
/__modal/volumes/vo-Oe7UdCpxcZEjcd7B7eL9tB/mighty-morphing/audio/public/in_the_wild/release_in_the_wild/release_in_the_wild/10158.wav,unknown,in_the_wild,,,,,wav,,cc-by-sa-4.0,,,,https://huggingface.co/datasets/mueller91/In-The-Wild
/__modal/volumes/vo-Oe7UdCpxcZEjcd7B7eL9tB/mighty-morphing/audio/public/in_the_wild/release_in_the_wild/release_in_the_wild/10159.wav,unknown,in_the_wild,,,,,wav,,cc-by-sa-4.0,,,,https://huggingface.co/datasets/mueller91/In-The-Wild
/__modal/volumes/vo-Oe7UdCpxcZEjcd7B7eL9tB/mighty-morphing/audio/public/in_the_wild/release_in_the_wild/release_in_the_wild/1016.wav,unknown,in_the_wild,,,,,wav,,cc-by-sa-4.0,,,,https://huggingface.co/datasets/mueller91/In-The-Wild
/__modal/volumes/vo-Oe7UdCpxcZEjcd7B7eL9tB/mighty-morphing/audio/public/in_the_wild/release_in_the_wild/release_in_the_wild/10160.wav,unknown,in_the_wild,,,,,wav,,cc-by-sa-4.0,,,,https://huggingface.co/datasets/mueller91/In-The-Wild
/__modal/volumes/vo-Oe7UdCpxcZEjcd7B7eL9tB/mighty-morphing/audio/public/in_the_wild/release_in_the_wild/release_in_the_wild/10161.wav,unknown,in_the_wild,,,,,wav,,cc-by-sa-4.0,,,,https://huggingface.co/datasets/mueller91/In-The-Wild
/__modal/volumes/vo-Oe7UdCpxcZEjcd7B7eL9tB/mighty-morphing/audio/public/in_the_wild/release_in_the_wild/release_in_the_wild/10162.wav,unknown,in_the_wild,,,,,wav,,cc-by-sa-4.0,,,,https://huggingface.co/datasets/mueller91/In-The-Wild
/__modal/volumes/vo-Oe7UdCpxcZEjcd7B7eL9tB/mighty-morphing/audio/public/in_the_wild/release_in_the_wild/release_in_the_wild/10163.wav,unknown,in_the_wild,,,,,wav,,cc-by-sa-4.0,,,,https://huggingface.co/datasets/mueller91/In-The-Wild
/__modal/volumes/vo-Oe7UdCpxcZEjcd7B7eL9tB/mighty-morphing/audio/public/in_the_wild/release_in_the_wild/release_in_the_wild/10164.wav,unknown,in_the_wild,,,,,wav,,cc-by-sa-4.0,,,,https://huggingface.co/datasets/mueller91/In-The-Wild
/__modal/volumes/vo-Oe7UdCpxcZEjcd7B7eL9tB/mighty-morphing/audio/public/in_the_wild/release_in_the_wild/release_in_the_wild/10165.wav,unknown,in_the_wild,,,,,wav,,cc-by-sa-4.0,,,,https://huggingface.co/datasets/mueller91/In-The-Wild
/__modal/volumes/vo-Oe7UdCpxcZEjcd7B7eL9tB/mighty-morphing/audio/public/in_the_wild/release_in_the_wild/release_in_the_wild/10166.wav,unknown,in_the_wild,,,,,wav,,cc-by-sa-4.0,,,,https://huggingface.co/datasets/mueller91/In-The-Wild
/__modal/volumes/vo-Oe7UdCpxcZEjcd7B7eL9tB/mighty-morphing/audio/public/in_the_wild/release_in_the_wild/release_in_the_wild/10167.wav,unknown,in_the_wild,,,,,wav,,cc-by-sa-4.0,,,,https://huggingface.co/datasets/mueller91/In-The-Wild
/__modal/volumes/vo-Oe7UdCpxcZEjcd7B7eL9tB/mighty-morphing/audio/public/in_the_wild/release_in_the_wild/release_in_the_wild/10168.wav,unknown,in_the_wild,,,,,wav,,cc-by-sa-4.0,,,,https://huggingface.co/datasets/mueller91/In-The-Wild
/__modal/volumes/vo-Oe7UdCpxcZEjcd7B7eL9tB/mighty-morphing/audio/public/in_the_wild/release_in_the_wild/release_in_the_wild/10169.wav,unknown,in_the_wild,,,,,wav,,cc-by-sa-4.0,,,,https://huggingface.co/datasets/mueller91/In-The-Wild
/__modal/volumes/vo-Oe7UdCpxcZEjcd7B7eL9tB/mighty-morphing/audio/public/in_the_wild/release_in_the_wild/release_in_the_wild/1017.wav,unknown,in_the_wild,,,,,wav,,cc-by-sa-4.0,,,,https://huggingface.co/datasets/mueller91/In-The-Wild
/__modal/volumes/vo-Oe7UdCpxcZEjcd7B7eL9tB/mighty-morphing/audio/public/in_the_wild/release_in_the_wild/release_in_the_wild/10170.wav,unknown,in_the_wild,,,,,wav,,cc-by-sa-4.0,,,,https://huggingface.co/datasets/mueller91/In-The-Wild
/__modal/volumes/vo-Oe7UdCpxcZEjcd7B7eL9tB/mighty-morphing/audio/public/in_the_wild/release_in_the_wild/release_in_the_wild/10171.wav,unknown,in_the_wild,,,,,wav,,cc-by-sa-4.0,,,,https://huggingface.co/datasets/mueller91/In-The-Wild
/__modal/volumes/vo-Oe7UdCpxcZEjcd7B7eL9tB/mighty-morphing/audio/public/in_the_wild/release_in_the_wild/release_in_the_wild/10172.wav,unknown,in_the_wild,,,,,wav,,cc-by-sa-4.0,,,,https://huggingface.co/datasets/mueller91/In-The-Wild
/__modal/volumes/vo-Oe7UdCpxcZEjcd7B7eL9tB/mighty-morphing/audio/public/in_the_wild/release_in_the_wild/release_in_the_wild/10173.wav,unknown,in_the_wild,,,,,wav,,cc-by-sa-4.0,,,,https://huggingface.co/datasets/mueller91/In-The-Wild
/__modal/volumes/vo-Oe7UdCpxcZEjcd7B7eL9tB/mighty-morphing/audio/public/in_the_wild/release_in_the_wild/release_in_the_wild/10174.wav,unknown,in_the_wild,,,,,wav,,cc-by-sa-4.0,,,,https://huggingface.co/datasets/mueller91/In-The-Wild
/__modal/volumes/vo-Oe7UdCpxcZEjcd7B7eL9tB/mighty-morphing/audio/public/in_the_wild/release_in_the_wild/release_in_the_wild/10175.wav,unknown,in_the_wild,,,,,wav,,cc-by-sa-4.0,,,,https://huggingface.co/datasets/mueller91/In-The-Wild
/__modal/volumes/vo-Oe7UdCpxcZEjcd7B7eL9tB/mighty-morphing/audio/public/in_the_wild/release_in_the_wild/release_in_the_wild/10176.wav,unknown,in_the_wild,,,,,wav,,cc-by-sa-4.0,,,,https://huggingface.co/datasets/mueller91/In-The-Wild
/__modal/volumes/vo-Oe7UdCpxcZEjcd7B7eL9tB/mighty-morphing/audio/public/in_the_wild/release_in_the_wild/release_in_the_wild/10177.wav,unknown,in_the_wild,,,,,wav,,cc-by-sa-4.0,,,,https://huggingface.co/datasets/mueller91/In-The-Wild
/__modal/volumes/vo-Oe7UdCpxcZEjcd7B7eL9tB/mighty-morphing/audio/public/in_the_wild/release_in_the_wild/release_in_the_wild/10178.wav,unknown,in_the_wild,,,,,wav,,cc-by-sa-4.0,,,,https://huggingface.co/datasets/mueller91/In-The-Wild
/__modal/volumes/vo-Oe7UdCpxcZEjcd7B7eL9tB/mighty-morphing/audio/public/in_the_wild/release_in_the_wild/release_in_the_wild/10179.wav,unknown,in_the_wild,,,,,wav,,cc-by-sa-4.0,,,,https://huggingface.co/datasets/mueller91/In-The-Wild
/__modal/volumes/vo-Oe7UdCpxcZEjcd7B7eL9tB/mighty-morphing/audio/public/in_the_wild/release_in_the_wild/release_in_the_wild/1018.wav,unknown,in_the_wild,,,,,wav,,cc-by-sa-4.0,,,,https://huggingface.co/datasets/mueller91/In-The-Wild
/__modal/volumes/vo-Oe7UdCpxcZEjcd7B7eL9tB/mighty-morphing/audio/public/in_the_wild/release_in_the_wild/release_in_the_wild/10180.wav,unknown,in_the_wild,,,,,wav,,cc-by-sa-4.0,,,,https://huggingface.co/datasets/mueller91/In-The-Wild
/__modal/volumes/vo-Oe7UdCpxcZEjcd7B7eL9tB/mighty-morphing/audio/public/in_the_wild/release_in_the_wild/release_in_the_wild/10181.wav,unknown,in_the_wild,,,,,wav,,cc-by-sa-4.0,,,,https://huggingface.co/datasets/mueller91/In-The-Wild
/__modal/volumes/vo-Oe7UdCpxcZEjcd7B7eL9tB/mighty-morphing/audio/public/in_the_wild/release_in_the_wild/release_in_the_wild/10182.wav,unknown,in_the_wild,,,,,wav,,cc-by-sa-4.0,,,,https://huggingface.co/datasets/mueller91/In-The-Wild
/__modal/volumes/vo-Oe7UdCpxcZEjcd7B7eL9tB/mighty-morphing/audio/public/in_the_wild/release_in_the_wild/release_in_the_wild/10183.wav,unknown,in_the_wild,,,,,wav,,cc-by-sa-4.0,,,,https://huggingface.co/datasets/mueller91/In-The-Wild
/__modal/volumes/vo-Oe7UdCpxcZEjcd7B7eL9tB/mighty-morphing/audio/public/in_the_wild/release_in_the_wild/release_in_the_wild/10184.wav,unknown,in_the_wild,,,,,wav,,cc-by-sa-4.0,,,,https://huggingface.co/datasets/mueller91/In-The-Wild
/__modal/volumes/vo-Oe7UdCpxcZEjcd7B7eL9tB/mighty-morphing/audio/public/in_the_wild/release_in_the_wild/release_in_the_wild/10185.wav,unknown,in_the_wild,,,,,wav,,cc-by-sa-4.0,,,,https://huggingface.co/datasets/mueller91/In-The-Wild
/__modal/volumes/vo-Oe7UdCpxcZEjcd7B7eL9tB/mighty-morphing/audio/public/in_the_wild/release_in_the_wild/release_in_the_wild/10186.wav,unknown,in_the_wild,,,,,wav,,cc-by-sa-4.0,,,,https://huggingface.co/datasets/mueller91/In-The-Wild
/__modal/volumes/vo-Oe7UdCpxcZEjcd7B7eL9tB/mighty-morphing/audio/public/in_the_wild/release_in_the_wild/release_in_the_wild/10187.wav,unknown,in_the_wild,,,,,wav,,cc-by-sa-4.0,,,,https://huggingface.co/datasets/mueller91/In-The-Wild
/__modal/volumes/vo-Oe7UdCpxcZEjcd7B7eL9tB/mighty-morphing/audio/public/in_the_wild/release_in_the_wild/release_in_the_wild/10188.wav,unknown,in_the_wild,,,,,wav,,cc-by-sa-4.0,,,,https://huggingface.co/datasets/mueller91/In-The-Wild
/__modal/volumes/vo-Oe7UdCpxcZEjcd7B7eL9tB/mighty-morphing/audio/public/in_the_wild/release_in_the_wild/release_in_the_wild/10189.wav,unknown,in_the_wild,,,,,wav,,cc-by-sa-4.0,,,,https://huggingface.co/datasets/mueller91/In-The-Wild
/__modal/volumes/vo-Oe7UdCpxcZEjcd7B7eL9tB/mighty-morphing/audio/public/in_the_wild/release_in_the_wild/release_in_the_wild/1019.wav,unknown,in_the_wild,,,,,wav,,cc-by-sa-4.0,,,,https://huggingface.co/datasets/mueller91/In-The-Wild
/__modal/volumes/vo-Oe7UdCpxcZEjcd7B7eL9tB/mighty-morphing/audio/public/in_the_wild/release_in_the_wild/release_in_the_wild/10190.wav,unknown,in_the_wild,,,,,wav,,cc-by-sa-4.0,,,,https://huggingface.co/datasets/mueller91/In-The-Wild
/__modal/volumes/vo-Oe7UdCpxcZEjcd7B7eL9tB/mighty-morphing/audio/public/in_the_wild/release_in_the_wild/release_in_the_wild/10191.wav,unknown,in_the_wild,,,,,wav,,cc-by-sa-4.0,,,,https://huggingface.co/datasets/mueller91/In-The-Wild
/__modal/volumes/vo-Oe7UdCpxcZEjcd7B7eL9tB/mighty-morphing/audio/public/in_the_wild/release_in_the_wild/release_in_the_wild/10192.wav,unknown,in_the_wild,,,,,wav,,cc-by-sa-4.0,,,,https://huggingface.co/datasets/mueller91/In-The-Wild
/__modal/volumes/vo-Oe7UdCpxcZEjcd7B7eL9tB/mighty-morphing/audio/public/in_the_wild/release_in_the_wild/release_in_the_wild/10193.wav,unknown,in_the_wild,,,,,wav,,cc-by-sa-4.0,,,,https://huggingface.co/datasets/mueller91/In-The-Wild
/__modal/volumes/vo-Oe7UdCpxcZEjcd7B7eL9tB/mighty-morphing/audio/public/in_the_wild/release_in_the_wild/release_in_the_wild/10194.wav,unknown,in_the_wild,,,,,wav,,cc-by-sa-4.0,,,,https://huggingface.co/datasets/mueller91/In-The-Wild
/__modal/volumes/vo-Oe7UdCpxcZEjcd7B7eL9tB/mighty-morphing/audio/public/in_the_wild/release_in_the_wild/release_in_the_wild/10195.wav,unknown,in_the_wild,,,,,wav,,cc-by-sa-4.0,,,,https://huggingface.co/datasets/mueller91/In-The-Wild
/__modal/volumes/vo-Oe7UdCpxcZEjcd7B7eL9tB/mighty-morphing/audio/public/in_the_wild/release_in_the_wild/release_in_the_wild/10196.wav,unknown,in_the_wild,,,,,wav,,cc-by-sa-4.0,,,,https://huggingface.co/datasets/mueller91/In-The-Wild
/__modal/volumes/vo-Oe7UdCpxcZEjcd7B7eL9tB/mighty-morphing/audio/public/in_the_wild/release_in_the_wild/release_in_the_wild/10197.wav,unknown,in_the_wild,,,,,wav,,cc-by-sa-4.0,,,,https://huggingface.co/datasets/mueller91/In-The-Wild
/__modal/volumes/vo-Oe7UdCpxcZEjcd7B7eL9tB/mighty-morphing/audio/public/in_the_wild/release_in_the_wild/release_in_the_wild/10198.wav,unknown,in_the_wild,,,,,wav,,cc-by-sa-4.0,,,,https://huggingface.co/datasets/mueller91/In-The-Wild
/__modal/volumes/vo-Oe7UdCpxcZEjcd7B7eL9tB/mighty-morphing/audio/public/in_the_wild/release_in_the_wild/release_in_the_wild/10199.wav,unknown,in_the_wild,,,,,wav,,cc-by-sa-4.0,,,,https://huggingface.co/datasets/mueller91/In-The-Wild
/__modal/volumes/vo-Oe7UdCpxcZEjcd7B7eL9tB/mighty-morphing/audio/public/in_the_wild/release_in_the_wild/release_in_the_wild/102.wav,unknown,in_the_wild,,,,,wav,,cc-by-sa-4.0,,,,https://huggingface.co/datasets/mueller91/In-The-Wild
/__modal/volumes/vo-Oe7UdCpxcZEjcd7B7eL9tB/mighty-morphing/audio/public/in_the_wild/release_in_the_wild/release_in_the_wild/1020.wav,unknown,in_the_wild,,,,,wav,,cc-by-sa-4.0,,,,https://huggingface.co/datasets/mueller91/In-The-Wild
/__modal/volumes/vo-Oe7UdCpxcZEjcd7B7eL9tB/mighty-morphing/audio/public/in_the_wild/release_in_the_wild/release_in_the_wild/10200.wav,unknown,in_the_wild,,,,,wav,,cc-by-sa-4.0,,,,https://huggingface.co/datasets/mueller91/In-The-Wild
/__modal/volumes/vo-Oe7UdCpxcZEjcd7B7eL9tB/mighty-morphing/audio/public/in_the_wild/release_in_the_wild/release_in_the_wild/10201.wav,unknown,in_the_wild,,,,,wav,,cc-by-sa-4.0,,,,https://huggingface.co/datasets/mueller91/In-The-Wild
/__modal/volumes/vo-Oe7UdCpxcZEjcd7B7eL9tB/mighty-morphing/audio/public/in_the_wild/release_in_the_wild/release_in_the_wild/10202.wav,unknown,in_the_wild,,,,,wav,,cc-by-sa-4.0,,,,https://huggingface.co/datasets/mueller91/In-The-Wild
/__modal/volumes/vo-Oe7UdCpxcZEjcd7B7eL9tB/mighty-morphing/audio/public/in_the_wild/release_in_the_wild/release_in_the_wild/10203.wav,unknown,in_the_wild,,,,,wav,,cc-by-sa-4.0,,,,https://huggingface.co/datasets/mueller91/In-The-Wild
/__modal/volumes/vo-Oe7UdCpxcZEjcd7B7eL9tB/mighty-morphing/audio/public/in_the_wild/release_in_the_wild/release_in_the_wild/10204.wav,unknown,in_the_wild,,,,,wav,,cc-by-sa-4.0,,,,https://huggingface.co/datasets/mueller91/In-The-Wild
/__modal/volumes/vo-Oe7UdCpxcZEjcd7B7eL9tB/mighty-morphing/audio/public/in_the_wild/release_in_the_wild/release_in_the_wild/10205.wav,unknown,in_the_wild,,,,,wav,,cc-by-sa-4.0,,,,https://huggingface.co/datasets/mueller91/In-The-Wild
/__modal/volumes/vo-Oe7UdCpxcZEjcd7B7eL9tB/mighty-morphing/audio/public/in_the_wild/release_in_the_wild/release_in_the_wild/10206.wav,unknown,in_the_wild,,,,,wav,,cc-by-sa-4.0,,,,https://huggingface.co/datasets/mueller91/In-The-Wild
/__modal/volumes/vo-Oe7UdCpxcZEjcd7B7eL9tB/mighty-morphing/audio/public/in_the_wild/release_in_the_wild/release_in_the_wild/10207.wav,unknown,in_the_wild,,,,,wav,,cc-by-sa-4.0,,,,https://huggingface.co/datasets/mueller91/In-The-Wild
/__modal/volumes/vo-Oe7UdCpxcZEjcd7B7eL9tB/mighty-morphing/audio/public/in_the_wild/release_in_the_wild/release_in_the_wild/10208.wav,unknown,in_the_wild,,,,,wav,,cc-by-sa-4.0,,,,https://huggingface.co/datasets/mueller91/In-The-Wild
/__modal/volumes/vo-Oe7UdCpxcZEjcd7B7eL9tB/mighty-morphing/audio/public/in_the_wild/release_in_the_wild/release_in_the_wild/10209.wav,unknown,in_the_wild,,,,,wav,,cc-by-sa-4.0,,,,https://huggingface.co/datasets/mueller91/In-The-Wild
/__modal/volumes/vo-Oe7UdCpxcZEjcd7B7eL9tB/mighty-morphing/audio/public/in_the_wild/release_in_the_wild/release_in_the_wild/1021.wav,unknown,in_the_wild,,,,,wav,,cc-by-sa-4.0,,,,https://huggingface.co/datasets/mueller91/In-The-Wild
/__modal/volumes/vo-Oe7UdCpxcZEjcd7B7eL9tB/mighty-morphing/audio/public/in_the_wild/release_in_the_wild/release_in_the_wild/10210.wav,unknown,in_the_wild,,,,,wav,,cc-by-sa-4.0,,,,https://huggingface.co/datasets/mueller91/In-The-Wild
/__modal/volumes/vo-Oe7UdCpxcZEjcd7B7eL9tB/mighty-morphing/audio/public/in_the_wild/release_in_the_wild/release_in_the_wild/10211.wav,unknown,in_the_wild,,,,,wav,,cc-by-sa-4.0,,,,https://huggingface.co/datasets/mueller91/In-The-Wild
/__modal/volumes/vo-Oe7UdCpxcZEjcd7B7eL9tB/mighty-morphing/audio/public/in_the_wild/release_in_the_wild/release_in_the_wild/10212.wav,unknown,in_the_wild,,,,,wav,,cc-by-sa-4.0,,,,https://huggingface.co/datasets/mueller91/In-The-Wild
/__modal/volumes/vo-Oe7UdCpxcZEjcd7B7eL9tB/mighty-morphing/audio/public/in_the_wild/release_in_the_wild/release_in_the_wild/10213.wav,unknown,in_the_wild,,,,,wav,,cc-by-sa-4.0,,,,https://huggingface.co/datasets/mueller91/In-The-Wild
/__modal/volumes/vo-Oe7UdCpxcZEjcd7B7eL9tB/mighty-morphing/audio/public/in_the_wild/release_in_the_wild/release_in_the_wild/10214.wav,unknown,in_the_wild,,,,,wav,,cc-by-sa-4.0,,,,https://huggingface.co/datasets/mueller91/In-The-Wild
/__modal/volumes/vo-Oe7UdCpxcZEjcd7B7eL9tB/mighty-morphing/audio/public/in_the_wild/release_in_the_wild/release_in_the_wild/10215.wav,unknown,in_the_wild,,,,,wav,,cc-by-sa-4.0,,,,https://huggingface.co/datasets/mueller91/In-The-Wild
/__modal/volumes/vo-Oe7UdCpxcZEjcd7B7eL9tB/mighty-morphing/audio/public/in_the_wild/release_in_the_wild/release_in_the_wild/10216.wav,unknown,in_the_wild,,,,,wav,,cc-by-sa-4.0,,,,https://huggingface.co/datasets/mueller91/In-The-Wild
/__modal/volumes/vo-Oe7UdCpxcZEjcd7B7eL9tB/mighty-morphing/audio/public/in_the_wild/release_in_the_wild/release_in_the_wild/10217.wav,unknown,in_the_wild,,,,,wav,,cc-by-sa-4.0,,,,https://huggingface.co/datasets/mueller91/In-The-Wild
/__modal/volumes/vo-Oe7UdCpxcZEjcd7B7eL9tB/mighty-morphing/audio/public/in_the_wild/release_in_the_wild/release_in_the_wild/10218.wav,unknown,in_the_wild,,,,,wav,,cc-by-sa-4.0,,,,https://huggingface.co/datasets/mueller91/In-The-Wild
/__modal/volumes/vo-Oe7UdCpxcZEjcd7B7eL9tB/mighty-morphing/audio/public/in_the_wild/release_in_the_wild/release_in_the_wild/10219.wav,unknown,in_the_wild,,,,,wav,,cc-by-sa-4.0,,,,https://huggingface.co/datasets/mueller91/In-The-Wild
/__modal/volumes/vo-Oe7UdCpxcZEjcd7B7eL9tB/mighty-morphing/audio/public/in_the_wild/release_in_the_wild/release_in_the_wild/1022.wav,unknown,in_the_wild,,,,,wav,,cc-by-sa-4.0,,,,https://huggingface.co/datasets/mueller91/In-The-Wild
/__modal/volumes/vo-Oe7UdCpxcZEjcd7B7eL9tB/mighty-morphing/audio/public/in_the_wild/release_in_the_wild/release_in_the_wild/10220.wav,unknown,in_the_wild,,,,,wav,,cc-by-sa-4.0,,,,https://huggingface.co/datasets/mueller91/In-The-Wild
/__modal/volumes/vo-Oe7UdCpxcZEjcd7B7eL9tB/mighty-morphing/audio/public/in_the_wild/release_in_the_wild/release_in_the_wild/10221.wav,unknown,in_the_wild,,,,,wav,,cc-by-sa-4.0,,,,https://huggingface.co/datasets/mueller91/In-The-Wild
/__modal/volumes/vo-Oe7UdCpxcZEjcd7B7eL9tB/mighty-morphing/audio/public/in_the_wild/release_in_the_wild/release_in_the_wild/10222.wav,unknown,in_the_wild,,,,,wav,,cc-by-sa-4.0,,,,https://huggingface.co/datasets/mueller91/In-The-Wild
/__modal/volumes/vo-Oe7UdCpxcZEjcd7B7eL9tB/mighty-morphing/audio/public/in_the_wild/release_in_the_wild/release_in_the_wild/10223.wav,unknown,in_the_wild,,,,,wav,,cc-by-sa-4.0,,,,https://huggingface.co/datasets/mueller91/In-The-Wild
/__modal/volumes/vo-Oe7UdCpxcZEjcd7B7eL9tB/mighty-morphing/audio/public/in_the_wild/release_in_the_wild/release_in_the_wild/10224.wav,unknown,in_the_wild,,,,,wav,,cc-by-sa-4.0,,,,https://huggingface.co/datasets/mueller91/In-The-Wild
/__modal/volumes/vo-Oe7UdCpxcZEjcd7B7eL9tB/mighty-morphing/audio/public/in_the_wild/release_in_the_wild/release_in_the_wild/10225.wav,unknown,in_the_wild,,,,,wav,,cc-by-sa-4.0,,,,https://huggingface.co/datasets/mueller91/In-The-Wild
/__modal/volumes/vo-Oe7UdCpxcZEjcd7B7eL9tB/mighty-morphing/audio/public/in_the_wild/release_in_the_wild/release_in_the_wild/10226.wav,unknown,in_the_wild,,,,,wav,,cc-by-sa-4.0,,,,https://huggingface.co/datasets/mueller91/In-The-Wild
/__modal/volumes/vo-Oe7UdCpxcZEjcd7B7eL9tB/mighty-morphing/audio/public/in_the_wild/release_in_the_wild/release_in_the_wild/10227.wav,unknown,in_the_wild,,,,,wav,,cc-by-sa-4.0,,,,https://huggingface.co/datasets/mueller91/In-The-Wild
/__modal/volumes/vo-Oe7UdCpxcZEjcd7B7eL9tB/mighty-morphing/audio/public/in_the_wild/release_in_the_wild/release_in_the_wild/10228.wav,unknown,in_the_wild,,,,,wav,,cc-by-sa-4.0,,,,https://huggingface.co/datasets/mueller91/In-The-Wild
/__modal/volumes/vo-Oe7UdCpxcZEjcd7B7eL9tB/mighty-morphing/audio/public/in_the_wild/release_in_the_wild/release_in_the_wild/10229.wav,unknown,in_the_wild,,,,,wav,,cc-by-sa-4.0,,,,https://huggingface.co/datasets/mueller91/In-The-Wild
/__modal/volumes/vo-Oe7UdCpxcZEjcd7B7eL9tB/mighty-morphing/audio/public/in_the_wild/release_in_the_wild/release_in_the_wild/1023.wav,unknown,in_the_wild,,,,,wav,,cc-by-sa-4.0,,,,https://huggingface.co/datasets/mueller91/In-The-Wild
/__modal/volumes/vo-Oe7UdCpxcZEjcd7B7eL9tB/mighty-morphing/audio/public/in_the_wild/release_in_the_wild/release_in_the_wild/10230.wav,unknown,in_the_wild,,,,,wav,,cc-by-sa-4.0,,,,https://huggingface.co/datasets/mueller91/In-The-Wild
/__modal/volumes/vo-Oe7UdCpxcZEjcd7B7eL9tB/mighty-morphing/audio/public/in_the_wild/release_in_the_wild/release_in_the_wild/10231.wav,unknown,in_the_wild,,,,,wav,,cc-by-sa-4.0,,,,https://huggingface.co/datasets/mueller91/In-The-Wild
/__modal/volumes/vo-Oe7UdCpxcZEjcd7B7eL9tB/mighty-morphing/audio/public/in_the_wild/release_in_the_wild/release_in_the_wild/10232.wav,unknown,in_the_wild,,,,,wav,,cc-by-sa-4.0,,,,https://huggingface.co/datasets/mueller91/In-The-Wild
/__modal/volumes/vo-Oe7UdCpxcZEjcd7B7eL9tB/mighty-morphing/audio/public/in_the_wild/release_in_the_wild/release_in_the_wild/10233.wav,unknown,in_the_wild,,,,,wav,,cc-by-sa-4.0,,,,https://huggingface.co/datasets/mueller91/In-The-Wild
/__modal/volumes/vo-Oe7UdCpxcZEjcd7B7eL9tB/mighty-morphing/audio/public/in_the_wild/release_in_the_wild/release_in_the_wild/10234.wav,unknown,in_the_wild,,,,,wav,,cc-by-sa-4.0,,,,https://huggingface.co/datasets/mueller91/In-The-Wild
/__modal/volumes/vo-Oe7UdCpxcZEjcd7B7eL9tB/mighty-morphing/audio/public/in_the_wild/release_in_the_wild/release_in_the_wild/10235.wav,unknown,in_the_wild,,,,,wav,,cc-by-sa-4.0,,,,https://huggingface.co/datasets/mueller91/In-The-Wild
/__modal/volumes/vo-Oe7UdCpxcZEjcd7B7eL9tB/mighty-morphing/audio/public/in_the_wild/release_in_the_wild/release_in_the_wild/10236.wav,unknown,in_the_wild,,,,,wav,,cc-by-sa-4.0,,,,https://huggingface.co/datasets/mueller91/In-The-Wild
/__modal/volumes/vo-Oe7UdCpxcZEjcd7B7eL9tB/mighty-morphing/audio/public/in_the_wild/release_in_the_wild/release_in_the_wild/10237.wav,unknown,in_the_wild,,,,,wav,,cc-by-sa-4.0,,,,https://huggingface.co/datasets/mueller91/In-The-Wild
/__modal/volumes/vo-Oe7UdCpxcZEjcd7B7eL9tB/mighty-morphing/audio/public/in_the_wild/release_in_the_wild/release_in_the_wild/10238.wav,unknown,in_the_wild,,,,,wav,,cc-by-sa-4.0,,,,https://huggingface.co/datasets/mueller91/In-The-Wild
/__modal/volumes/vo-Oe7UdCpxcZEjcd7B7eL9tB/mighty-morphing/audio/public/in_the_wild/release_in_the_wild/release_in_the_wild/10239.wav,unknown,in_the_wild,,,,,wav,,cc-by-sa-4.0,,,,https://huggingface.co/datasets/mueller91/In-The-Wild
/__modal/volumes/vo-Oe7UdCpxcZEjcd7B7eL9tB/mighty-morphing/audio/public/in_the_wild/release_in_the_wild/release_in_the_wild/1024.wav,unknown,in_the_wild,,,,,wav,,cc-by-sa-4.0,,,,https://huggingface.co/datasets/mueller91/In-The-Wild
/__modal/volumes/vo-Oe7UdCpxcZEjcd7B7eL9tB/mighty-morphing/audio/public/in_the_wild/release_in_the_wild/release_in_the_wild/10240.wav,unknown,in_the_wild,,,,,wav,,cc-by-sa-4.0,,,,https://huggingface.co/datasets/mueller91/In-The-Wild
/__modal/volumes/vo-Oe7UdCpxcZEjcd7B7eL9tB/mighty-morphing/audio/public/in_the_wild/release_in_the_wild/release_in_the_wild/10241.wav,unknown,in_the_wild,,,,,wav,,cc-by-sa-4.0,,,,https://huggingface.co/datasets/mueller91/In-The-Wild
/__modal/volumes/vo-Oe7UdCpxcZEjcd7B7eL9tB/mighty-morphing/audio/public/in_the_wild/release_in_the_wild/release_in_the_wild/10242.wav,unknown,in_the_wild,,,,,wav,,cc-by-sa-4.0,,,,https://huggingface.co/datasets/mueller91/In-The-Wild
/__modal/volumes/vo-Oe7UdCpxcZEjcd7B7eL9tB/mighty-morphing/audio/public/in_the_wild/release_in_the_wild/release_in_the_wild/10243.wav,unknown,in_the_wild,,,,,wav,,cc-by-sa-4.0,,,,https://huggingface.co/datasets/mueller91/In-The-Wild
/__modal/volumes/vo-Oe7UdCpxcZEjcd7B7eL9tB/mighty-morphing/audio/public/in_the_wild/release_in_the_wild/release_in_the_wild/10244.wav,unknown,in_the_wild,,,,,wav,,cc-by-sa-4.0,,,,https://huggingface.co/datasets/mueller91/In-The-Wild
/__modal/volumes/vo-Oe7UdCpxcZEjcd7B7eL9tB/mighty-morphing/audio/public/in_the_wild/release_in_the_wild/release_in_the_wild/10245.wav,unknown,in_the_wild,,,,,wav,,cc-by-sa-4.0,,,,https://huggingface.co/datasets/mueller91/In-The-Wild
/__modal/volumes/vo-Oe7UdCpxcZEjcd7B7eL9tB/mighty-morphing/audio/public/in_the_wild/release_in_the_wild/release_in_the_wild/10246.wav,unknown,in_the_wild,,,,,wav,,cc-by-sa-4.0,,,,https://huggingface.co/datasets/mueller91/In-The-Wild
/__modal/volumes/vo-Oe7UdCpxcZEjcd7B7eL9tB/mighty-morphing/audio/public/in_the_wild/release_in_the_wild/release_in_the_wild/10247.wav,unknown,in_the_wild,,,,,wav,,cc-by-sa-4.0,,,,https://huggingface.co/datasets/mueller91/In-The-Wild
/__modal/volumes/vo-Oe7UdCpxcZEjcd7B7eL9tB/mighty-morphing/audio/public/in_the_wild/release_in_the_wild/release_in_the_wild/10248.wav,unknown,in_the_wild,,,,,wav,,cc-by-sa-4.0,,,,https://huggingface.co/datasets/mueller91/In-The-Wild
/__modal/volumes/vo-Oe7UdCpxcZEjcd7B7eL9tB/mighty-morphing/audio/public/in_the_wild/release_in_the_wild/release_in_the_wild/10249.wav,unknown,in_the_wild,,,,,wav,,cc-by-sa-4.0,,,,https://huggingface.co/datasets/mueller91/In-The-Wild
/__modal/volumes/vo-Oe7UdCpxcZEjcd7B7eL9tB/mighty-morphing/audio/public/in_the_wild/release_in_the_wild/release_in_the_wild/1025.wav,unknown,in_the_wild,,,,,wav,,cc-by-sa-4.0,,,,https://huggingface.co/datasets/mueller91/In-The-Wild
/__modal/volumes/vo-Oe7UdCpxcZEjcd7B7eL9tB/mighty-morphing/audio/public/in_the_wild/release_in_the_wild/release_in_the_wild/10250.wav,unknown,in_the_wild,,,,,wav,,cc-by-sa-4.0,,,,https://huggingface.co/datasets/mueller91/In-The-Wild
/__modal/volumes/vo-Oe7UdCpxcZEjcd7B7eL9tB/mighty-morphing/audio/public/in_the_wild/release_in_the_wild/release_in_the_wild/10251.wav,unknown,in_the_wild,,,,,wav,,cc-by-sa-4.0,,,,https://huggingface.co/datasets/mueller91/In-The-Wild
/__modal/volumes/vo-Oe7UdCpxcZEjcd7B7eL9tB/mighty-morphing/audio/public/in_the_wild/release_in_the_wild/release_in_the_wild/10252.wav,unknown,in_the_wild,,,,,wav,,cc-by-sa-4.0,,,,https://huggingface.co/datasets/mueller91/In-The-Wild
/__modal/volumes/vo-Oe7UdCpxcZEjcd7B7eL9tB/mighty-morphing/audio/public/in_the_wild/release_in_the_wild/release_in_the_wild/10253.wav,unknown,in_the_wild,,,,,wav,,cc-by-sa-4.0,,,,https://huggingface.co/datasets/mueller91/In-The-Wild
/__modal/volumes/vo-Oe7UdCpxcZEjcd7B7eL9tB/mighty-morphing/audio/public/in_the_wild/release_in_the_wild/release_in_the_wild/10254.wav,unknown,in_the_wild,,,,,wav,,cc-by-sa-4.0,,,,https://huggingface.co/datasets/mueller91/In-The-Wild
/__modal/volumes/vo-Oe7UdCpxcZEjcd7B7eL9tB/mighty-morphing/audio/public/in_the_wild/release_in_the_wild/release_in_the_wild/10255.wav,unknown,in_the_wild,,,,,wav,,cc-by-sa-4.0,,,,https://huggingface.co/datasets/mueller91/In-The-Wild
/__modal/volumes/vo-Oe7UdCpxcZEjcd7B7eL9tB/mighty-morphing/audio/public/in_the_wild/release_in_the_wild/release_in_the_wild/10256.wav,unknown,in_the_wild,,,,,wav,,cc-by-sa-4.0,,,,https://huggingface.co/datasets/mueller91/In-The-Wild
/__modal/volumes/vo-Oe7UdCpxcZEjcd7B7eL9tB/mighty-morphing/audio/public/in_the_wild/release_in_the_wild/release_in_the_wild/10257.wav,unknown,in_the_wild,,,,,wav,,cc-by-sa-4.0,,,,https://huggingface.co/datasets/mueller91/In-The-Wild
/__modal/volumes/vo-Oe7UdCpxcZEjcd7B7eL9tB/mighty-morphing/audio/public/in_the_wild/release_in_the_wild/release_in_the_wild/10258.wav,unknown,in_the_wild,,,,,wav,,cc-by-sa-4.0,,,,https://huggingface.co/datasets/mueller91/In-The-Wild
/__modal/volumes/vo-Oe7UdCpxcZEjcd7B7eL9tB/mighty-morphing/audio/public/in_the_wild/release_in_the_wild/release_in_the_wild/10259.wav,unknown,in_the_wild,,,,,wav,,cc-by-sa-4.0,,,,https://huggingface.co/datasets/mueller91/In-The-Wild
/__modal/volumes/vo-Oe7UdCpxcZEjcd7B7eL9tB/mighty-morphing/audio/public/in_the_wild/release_in_the_wild/release_in_the_wild/1026.wav,unknown,in_the_wild,,,,,wav,,cc-by-sa-4.0,,,,https://huggingface.co/datasets/mueller91/In-The-Wild
/__modal/volumes/vo-Oe7UdCpxcZEjcd7B7eL9tB/mighty-morphing/audio/public/in_the_wild/release_in_the_wild/release_in_the_wild/10260.wav,unknown,in_the_wild,,,,,wav,,cc-by-sa-4.0,,,,https://huggingface.co/datasets/mueller91/In-The-Wild
/__modal/volumes/vo-Oe7UdCpxcZEjcd7B7eL9tB/mighty-morphing/audio/public/in_the_wild/release_in_the_wild/release_in_the_wild/10261.wav,unknown,in_the_wild,,,,,wav,,cc-by-sa-4.0,,,,https://huggingface.co/datasets/mueller91/In-The-Wild
/__modal/volumes/vo-Oe7UdCpxcZEjcd7B7eL9tB/mighty-morphing/audio/public/in_the_wild/release_in_the_wild/release_in_the_wild/10262.wav,unknown,in_the_wild,,,,,wav,,cc-by-sa-4.0,,,,https://huggingface.co/datasets/mueller91/In-The-Wild
/__modal/volumes/vo-Oe7UdCpxcZEjcd7B7eL9tB/mighty-morphing/audio/public/in_the_wild/release_in_the_wild/release_in_the_wild/10263.wav,unknown,in_the_wild,,,,,wav,,cc-by-sa-4.0,,,,https://huggingface.co/datasets/mueller91/In-The-Wild
/__modal/volumes/vo-Oe7UdCpxcZEjcd7B7eL9tB/mighty-morphing/audio/public/in_the_wild/release_in_the_wild/release_in_the_wild/10264.wav,unknown,in_the_wild,,,,,wav,,cc-by-sa-4.0,,,,https://huggingface.co/datasets/mueller91/In-The-Wild
/__modal/volumes/vo-Oe7UdCpxcZEjcd7B7eL9tB/mighty-morphing/audio/public/in_the_wild/release_in_the_wild/release_in_the_wild/10265.wav,unknown,in_the_wild,,,,,wav,,cc-by-sa-4.0,,,,https://huggingface.co/datasets/mueller91/In-The-Wild
/__modal/volumes/vo-Oe7UdCpxcZEjcd7B7eL9tB/mighty-morphing/audio/public/in_the_wild/release_in_the_wild/release_in_the_wild/10266.wav,unknown,in_the_wild,,,,,wav,,cc-by-sa-4.0,,,,https://huggingface.co/datasets/mueller91/In-The-Wild
/__modal/volumes/vo-Oe7UdCpxcZEjcd7B7eL9tB/mighty-morphing/audio/public/in_the_wild/release_in_the_wild/release_in_the_wild/10267.wav,unknown,in_the_wild,,,,,wav,,cc-by-sa-4.0,,,,https://huggingface.co/datasets/mueller91/In-The-Wild
/__modal/volumes/vo-Oe7UdCpxcZEjcd7B7eL9tB/mighty-morphing/audio/public/in_the_wild/release_in_the_wild/release_in_the_wild/10268.wav,unknown,in_the_wild,,,,,wav,,cc-by-sa-4.0,,,,https://huggingface.co/datasets/mueller91/In-The-Wild
/__modal/volumes/vo-Oe7UdCpxcZEjcd7B7eL9tB/mighty-morphing/audio/public/in_the_wild/release_in_the_wild/release_in_the_wild/10269.wav,unknown,in_the_wild,,,,,wav,,cc-by-sa-4.0,,,,https://huggingface.co/datasets/mueller91/In-The-Wild
/__modal/volumes/vo-Oe7UdCpxcZEjcd7B7eL9tB/mighty-morphing/audio/public/in_the_wild/release_in_the_wild/release_in_the_wild/1027.wav,unknown,in_the_wild,,,,,wav,,cc-by-sa-4.0,,,,https://huggingface.co/datasets/mueller91/In-The-Wild
/__modal/volumes/vo-Oe7UdCpxcZEjcd7B7eL9tB/mighty-morphing/audio/public/in_the_wild/release_in_the_wild/release_in_the_wild/10270.wav,unknown,in_the_wild,,,,,wav,,cc-by-sa-4.0,,,,https://huggingface.co/datasets/mueller91/In-The-Wild
/__modal/volumes/vo-Oe7UdCpxcZEjcd7B7eL9tB/mighty-morphing/audio/public/in_the_wild/release_in_the_wild/release_in_the_wild/10271.wav,unknown,in_the_wild,,,,,wav,,cc-by-sa-4.0,,,,https://huggingface.co/datasets/mueller91/In-The-Wild
/__modal/volumes/vo-Oe7UdCpxcZEjcd7B7eL9tB/mighty-morphing/audio/public/in_the_wild/release_in_the_wild/release_in_the_wild/10272.wav,unknown,in_the_wild,,,,,wav,,cc-by-sa-4.0,,,,https://huggingface.co/datasets/mueller91/In-The-Wild
/__modal/volumes/vo-Oe7UdCpxcZEjcd7B7eL9tB/mighty-morphing/audio/public/in_the_wild/release_in_the_wild/release_in_the_wild/10273.wav,unknown,in_the_wild,,,,,wav,,cc-by-sa-4.0,,,,https://huggingface.co/datasets/mueller91/In-The-Wild
/__modal/volumes/vo-Oe7UdCpxcZEjcd7B7eL9tB/mighty-morphing/audio/public/in_the_wild/release_in_the_wild/release_in_the_wild/10274.wav,unknown,in_the_wild,,,,,wav,,cc-by-sa-4.0,,,,https://huggingface.co/datasets/mueller91/In-The-Wild
/__modal/volumes/vo-Oe7UdCpxcZEjcd7B7eL9tB/mighty-morphing/audio/public/in_the_wild/release_in_the_wild/release_in_the_wild/10275.wav,unknown,in_the_wild,,,,,wav,,cc-by-sa-4.0,,,,https://huggingface.co/datasets/mueller91/In-The-Wild
/__modal/volumes/vo-Oe7UdCpxcZEjcd7B7eL9tB/mighty-morphing/audio/public/in_the_wild/release_in_the_wild/release_in_the_wild/10276.wav,unknown,in_the_wild,,,,,wav,,cc-by-sa-4.0,,,,https://huggingface.co/datasets/mueller91/In-The-Wild
/__modal/volumes/vo-Oe7UdCpxcZEjcd7B7eL9tB/mighty-morphing/audio/public/in_the_wild/release_in_the_wild/release_in_the_wild/10277.wav,unknown,in_the_wild,,,,,wav,,cc-by-sa-4.0,,,,https://huggingface.co/datasets/mueller91/In-The-Wild
/__modal/volumes/vo-Oe7UdCpxcZEjcd7B7eL9tB/mighty-morphing/audio/public/in_the_wild/release_in_the_wild/release_in_the_wild/10278.wav,unknown,in_the_wild,,,,,wav,,cc-by-sa-4.0,,,,https://huggingface.co/datasets/mueller91/In-The-Wild
/__modal/volumes/vo-Oe7UdCpxcZEjcd7B7eL9tB/mighty-morphing/audio/public/in_the_wild/release_in_the_wild/release_in_the_wild/10279.wav,unknown,in_the_wild,,,,,wav,,cc-by-sa-4.0,,,,https://huggingface.co/datasets/mueller91/In-The-Wild
/__modal/volumes/vo-Oe7UdCpxcZEjcd7B7eL9tB/mighty-morphing/audio/public/in_the_wild/release_in_the_wild/release_in_the_wild/1028.wav,unknown,in_the_wild,,,,,wav,,cc-by-sa-4.0,,,,https://huggingface.co/datasets/mueller91/In-The-Wild
/__modal/volumes/vo-Oe7UdCpxcZEjcd7B7eL9tB/mighty-morphing/audio/public/in_the_wild/release_in_the_wild/release_in_the_wild/10280.wav,unknown,in_the_wild,,,,,wav,,cc-by-sa-4.0,,,,https://huggingface.co/datasets/mueller91/In-The-Wild
/__modal/volumes/vo-Oe7UdCpxcZEjcd7B7eL9tB/mighty-morphing/audio/public/in_the_wild/release_in_the_wild/release_in_the_wild/10281.wav,unknown,in_the_wild,,,,,wav,,cc-by-sa-4.0,,,,https://huggingface.co/datasets/mueller91/In-The-Wild
/__modal/volumes/vo-Oe7UdCpxcZEjcd7B7eL9tB/mighty-morphing/audio/public/in_the_wild/release_in_the_wild/release_in_the_wild/10282.wav,unknown,in_the_wild,,,,,wav,,cc-by-sa-4.0,,,,https://huggingface.co/datasets/mueller91/In-The-Wild
/__modal/volumes/vo-Oe7UdCpxcZEjcd7B7eL9tB/mighty-morphing/audio/public/in_the_wild/release_in_the_wild/release_in_the_wild/10283.wav,unknown,in_the_wild,,,,,wav,,cc-by-sa-4.0,,,,https://huggingface.co/datasets/mueller91/In-The-Wild
/__modal/volumes/vo-Oe7UdCpxcZEjcd7B7eL9tB/mighty-morphing/audio/public/in_the_wild/release_in_the_wild/release_in_the_wild/10284.wav,unknown,in_the_wild,,,,,wav,,cc-by-sa-4.0,,,,https://huggingface.co/datasets/mueller91/In-The-Wild
/__modal/volumes/vo-Oe7UdCpxcZEjcd7B7eL9tB/mighty-morphing/audio/public/in_the_wild/release_in_the_wild/release_in_the_wild/10285.wav,unknown,in_the_wild,,,,,wav,,cc-by-sa-4.0,,,,https://huggingface.co/datasets/mueller91/In-The-Wild
/__modal/volumes/vo-Oe7UdCpxcZEjcd7B7eL9tB/mighty-morphing/audio/public/in_the_wild/release_in_the_wild/release_in_the_wild/10286.wav,unknown,in_the_wild,,,,,wav,,cc-by-sa-4.0,,,,https://huggingface.co/datasets/mueller91/In-The-Wild
/__modal/volumes/vo-Oe7UdCpxcZEjcd7B7eL9tB/mighty-morphing/audio/public/in_the_wild/release_in_the_wild/release_in_the_wild/10287.wav,unknown,in_the_wild,,,,,wav,,cc-by-sa-4.0,,,,https://huggingface.co/datasets/mueller91/In-The-Wild
/__modal/volumes/vo-Oe7UdCpxcZEjcd7B7eL9tB/mighty-morphing/audio/public/in_the_wild/release_in_the_wild/release_in_the_wild/10288.wav,unknown,in_the_wild,,,,,wav,,cc-by-sa-4.0,,,,https://huggingface.co/datasets/mueller91/In-The-Wild
/__modal/volumes/vo-Oe7UdCpxcZEjcd7B7eL9tB/mighty-morphing/audio/public/in_the_wild/release_in_the_wild/release_in_the_wild/10289.wav,unknown,in_the_wild,,,,,wav,,cc-by-sa-4.0,,,,https://huggingface.co/datasets/mueller91/In-The-Wild
/__modal/volumes/vo-Oe7UdCpxcZEjcd7B7eL9tB/mighty-morphing/audio/public/in_the_wild/release_in_the_wild/release_in_the_wild/1029.wav,unknown,in_the_wild,,,,,wav,,cc-by-sa-4.0,,,,https://huggingface.co/datasets/mueller91/In-The-Wild
/__modal/volumes/vo-Oe7UdCpxcZEjcd7B7eL9tB/mighty-morphing/audio/public/in_the_wild/release_in_the_wild/release_in_the_wild/10290.wav,unknown,in_the_wild,,,,,wav,,cc-by-sa-4.0,,,,https://huggingface.co/datasets/mueller91/In-The-Wild
/__modal/volumes/vo-Oe7UdCpxcZEjcd7B7eL9tB/mighty-morphing/audio/public/in_the_wild/release_in_the_wild/release_in_the_wild/10291.wav,unknown,in_the_wild,,,,,wav,,cc-by-sa-4.0,,,,https://huggingface.co/datasets/mueller91/In-The-Wild
/__modal/volumes/vo-Oe7UdCpxcZEjcd7B7eL9tB/mighty-morphing/audio/public/in_the_wild/release_in_the_wild/release_in_the_wild/10292.wav,unknown,in_the_wild,,,,,wav,,cc-by-sa-4.0,,,,https://huggingface.co/datasets/mueller91/In-The-Wild
/__modal/volumes/vo-Oe7UdCpxcZEjcd7B7eL9tB/mighty-morphing/audio/public/in_the_wild/release_in_the_wild/release_in_the_wild/10293.wav,unknown,in_the_wild,,,,,wav,,cc-by-sa-4.0,,,,https://huggingface.co/datasets/mueller91/In-The-Wild
/__modal/volumes/vo-Oe7UdCpxcZEjcd7B7eL9tB/mighty-morphing/audio/public/in_the_wild/release_in_the_wild/release_in_the_wild/10294.wav,unknown,in_the_wild,,,,,wav,,cc-by-sa-4.0,,,,https://huggingface.co/datasets/mueller91/In-The-Wild
/__modal/volumes/vo-Oe7UdCpxcZEjcd7B7eL9tB/mighty-morphing/audio/public/in_the_wild/release_in_the_wild/release_in_the_wild/10295.wav,unknown,in_the_wild,,,,,wav,,cc-by-sa-4.0,,,,https://huggingface.co/datasets/mueller91/In-The-Wild
/__modal/volumes/vo-Oe7UdCpxcZEjcd7B7eL9tB/mighty-morphing/audio/public/in_the_wild/release_in_the_wild/release_in_the_wild/10296.wav,unknown,in_the_wild,,,,,wav,,cc-by-sa-4.0,,,,https://huggingface.co/datasets/mueller91/In-The-Wild
/__modal/volumes/vo-Oe7UdCpxcZEjcd7B7eL9tB/mighty-morphing/audio/public/in_the_wild/release_in_the_wild/release_in_the_wild/10297.wav,unknown,in_the_wild,,,,,wav,,cc-by-sa-4.0,,,,https://huggingface.co/datasets/mueller91/In-The-Wild
/__modal/volumes/vo-Oe7UdCpxcZEjcd7B7eL9tB/mighty-morphing/audio/public/in_the_wild/release_in_the_wild/release_in_the_wild/10298.wav,unknown,in_the_wild,,,,,wav,,cc-by-sa-4.0,,,,https://huggingface.co/datasets/mueller91/In-The-Wild
/__modal/volumes/vo-Oe7UdCpxcZEjcd7B7eL9tB/mighty-morphing/audio/public/in_the_wild/release_in_the_wild/release_in_the_wild/10299.wav,unknown,in_the_wild,,,,,wav,,cc-by-sa-4.0,,,,https://huggingface.co/datasets/mueller91/In-The-Wild
/__modal/volumes/vo-Oe7UdCpxcZEjcd7B7eL9tB/mighty-morphing/audio/public/in_the_wild/release_in_the_wild/release_in_the_wild/103.wav,unknown,in_the_wild,,,,,wav,,cc-by-sa-4.0,,,,https://huggingface.co/datasets/mueller91/In-The-Wild
/__modal/volumes/vo-Oe7UdCpxcZEjcd7B7eL9tB/mighty-morphing/audio/public/in_the_wild/release_in_the_wild/release_in_the_wild/1030.wav,unknown,in_the_wild,,,,,wav,,cc-by-sa-4.0,,,,https://huggingface.co/datasets/mueller91/In-The-Wild
/__modal/volumes/vo-Oe7UdCpxcZEjcd7B7eL9tB/mighty-morphing/audio/public/in_the_wild/release_in_the_wild/release_in_the_wild/10300.wav,unknown,in_the_wild,,,,,wav,,cc-by-sa-4.0,,,,https://huggingface.co/datasets/mueller91/In-The-Wild
/__modal/volumes/vo-Oe7UdCpxcZEjcd7B7eL9tB/mighty-morphing/audio/public/in_the_wild/release_in_the_wild/release_in_the_wild/10301.wav,unknown,in_the_wild,,,,,wav,,cc-by-sa-4.0,,,,https://huggingface.co/datasets/mueller91/In-The-Wild
/__modal/volumes/vo-Oe7UdCpxcZEjcd7B7eL9tB/mighty-morphing/audio/public/in_the_wild/release_in_the_wild/release_in_the_wild/10302.wav,unknown,in_the_wild,,,,,wav,,cc-by-sa-4.0,,,,https://huggingface.co/datasets/mueller91/In-The-Wild
/__modal/volumes/vo-Oe7UdCpxcZEjcd7B7eL9tB/mighty-morphing/audio/public/in_the_wild/release_in_the_wild/release_in_the_wild/10303.wav,unknown,in_the_wild,,,,,wav,,cc-by-sa-4.0,,,,https://huggingface.co/datasets/mueller91/In-The-Wild
/__modal/volumes/vo-Oe7UdCpxcZEjcd7B7eL9tB/mighty-morphing/audio/public/in_the_wild/release_in_the_wild/release_in_the_wild/10304.wav,unknown,in_the_wild,,,,,wav,,cc-by-sa-4.0,,,,https://huggingface.co/datasets/mueller91/In-The-Wild
/__modal/volumes/vo-Oe7UdCpxcZEjcd7B7eL9tB/mighty-morphing/audio/public/in_the_wild/release_in_the_wild/release_in_the_wild/10305.wav,unknown,in_the_wild,,,,,wav,,cc-by-sa-4.0,,,,https://huggingface.co/datasets/mueller91/In-The-Wild
/__modal/volumes/vo-Oe7UdCpxcZEjcd7B7eL9tB/mighty-morphing/audio/public/in_the_wild/release_in_the_wild/release_in_the_wild/10306.wav,unknown,in_the_wild,,,,,wav,,cc-by-sa-4.0,,,,https://huggingface.co/datasets/mueller91/In-The-Wild
/__modal/volumes/vo-Oe7UdCpxcZEjcd7B7eL9tB/mighty-morphing/audio/public/in_the_wild/release_in_the_wild/release_in_the_wild/10307.wav,unknown,in_the_wild,,,,,wav,,cc-by-sa-4.0,,,,https://huggingface.co/datasets/mueller91/In-The-Wild
/__modal/volumes/vo-Oe7UdCpxcZEjcd7B7eL9tB/mighty-morphing/audio/public/in_the_wild/release_in_the_wild/release_in_the_wild/10308.wav,unknown,in_the_wild,,,,,wav,,cc-by-sa-4.0,,,,https://huggingface.co/datasets/mueller91/In-The-Wild
/__modal/volumes/vo-Oe7UdCpxcZEjcd7B7eL9tB/mighty-morphing/audio/public/in_the_wild/release_in_the_wild/release_in_the_wild/10309.wav,unknown,in_the_wild,,,,,wav,,cc-by-sa-4.0,,,,https://huggingface.co/datasets/mueller91/In-The-Wild
/__modal/volumes/vo-Oe7UdCpxcZEjcd7B7eL9tB/mighty-morphing/audio/public/in_the_wild/release_in_the_wild/release_in_the_wild/1031.wav,unknown,in_the_wild,,,,,wav,,cc-by-sa-4.0,,,,https://huggingface.co/datasets/mueller91/In-The-Wild
/__modal/volumes/vo-Oe7UdCpxcZEjcd7B7eL9tB/mighty-morphing/audio/public/in_the_wild/release_in_the_wild/release_in_the_wild/10310.wav,unknown,in_the_wild,,,,,wav,,cc-by-sa-4.0,,,,https://huggingface.co/datasets/mueller91/In-The-Wild
/__modal/volumes/vo-Oe7UdCpxcZEjcd7B7eL9tB/mighty-morphing/audio/public/in_the_wild/release_in_the_wild/release_in_the_wild/10311.wav,unknown,in_the_wild,,,,,wav,,cc-by-sa-4.0,,,,https://huggingface.co/datasets/mueller91/In-The-Wild
/__modal/volumes/vo-Oe7UdCpxcZEjcd7B7eL9tB/mighty-morphing/audio/public/in_the_wild/release_in_the_wild/release_in_the_wild/10312.wav,unknown,in_the_wild,,,,,wav,,cc-by-sa-4.0,,,,https://huggingface.co/datasets/mueller91/In-The-Wild
/__modal/volumes/vo-Oe7UdCpxcZEjcd7B7eL9tB/mighty-morphing/audio/public/in_the_wild/release_in_the_wild/release_in_the_wild/10313.wav,unknown,in_the_wild,,,,,wav,,cc-by-sa-4.0,,,,https://huggingface.co/datasets/mueller91/In-The-Wild
/__modal/volumes/vo-Oe7UdCpxcZEjcd7B7eL9tB/mighty-morphing/audio/public/in_the_wild/release_in_the_wild/release_in_the_wild/10314.wav,unknown,in_the_wild,,,,,wav,,cc-by-sa-4.0,,,,https://huggingface.co/datasets/mueller91/In-The-Wild
/__modal/volumes/vo-Oe7UdCpxcZEjcd7B7eL9tB/mighty-morphing/audio/public/in_the_wild/release_in_the_wild/release_in_the_wild/10315.wav,unknown,in_the_wild,,,,,wav,,cc-by-sa-4.0,,,,https://huggingface.co/datasets/mueller91/In-The-Wild
/__modal/volumes/vo-Oe7UdCpxcZEjcd7B7eL9tB/mighty-morphing/audio/public/in_the_wild/release_in_the_wild/release_in_the_wild/10316.wav,unknown,in_the_wild,,,,,wav,,cc-by-sa-4.0,,,,https://huggingface.co/datasets/mueller91/In-The-Wild
/__modal/volumes/vo-Oe7UdCpxcZEjcd7B7eL9tB/mighty-morphing/audio/public/in_the_wild/release_in_the_wild/release_in_the_wild/10317.wav,unknown,in_the_wild,,,,,wav,,cc-by-sa-4.0,,,,https://huggingface.co/datasets/mueller91/In-The-Wild
/__modal/volumes/vo-Oe7UdCpxcZEjcd7B7eL9tB/mighty-morphing/audio/public/in_the_wild/release_in_the_wild/release_in_the_wild/10318.wav,unknown,in_the_wild,,,,,wav,,cc-by-sa-4.0,,,,https://huggingface.co/datasets/mueller91/In-The-Wild
/__modal/volumes/vo-Oe7UdCpxcZEjcd7B7eL9tB/mighty-morphing/audio/public/in_the_wild/release_in_the_wild/release_in_the_wild/10319.wav,unknown,in_the_wild,,,,,wav,,cc-by-sa-4.0,,,,https://huggingface.co/datasets/mueller91/In-The-Wild
/__modal/volumes/vo-Oe7UdCpxcZEjcd7B7eL9tB/mighty-morphing/audio/public/in_the_wild/release_in_the_wild/release_in_the_wild/1032.wav,unknown,in_the_wild,,,,,wav,,cc-by-sa-4.0,,,,https://huggingface.co/datasets/mueller91/In-The-Wild
/__modal/volumes/vo-Oe7UdCpxcZEjcd7B7eL9tB/mighty-morphing/audio/public/in_the_wild/release_in_the_wild/release_in_the_wild/10320.wav,unknown,in_the_wild,,,,,wav,,cc-by-sa-4.0,,,,https://huggingface.co/datasets/mueller91/In-The-Wild
/__modal/volumes/vo-Oe7UdCpxcZEjcd7B7eL9tB/mighty-morphing/audio/public/in_the_wild/release_in_the_wild/release_in_the_wild/10321.wav,unknown,in_the_wild,,,,,wav,,cc-by-sa-4.0,,,,https://huggingface.co/datasets/mueller91/In-The-Wild
/__modal/volumes/vo-Oe7UdCpxcZEjcd7B7eL9tB/mighty-morphing/audio/public/in_the_wild/release_in_the_wild/release_in_the_wild/10322.wav,unknown,in_the_wild,,,,,wav,,cc-by-sa-4.0,,,,https://huggingface.co/datasets/mueller91/In-The-Wild
/__modal/volumes/vo-Oe7UdCpxcZEjcd7B7eL9tB/mighty-morphing/audio/public/in_the_wild/release_in_the_wild/release_in_the_wild/10323.wav,unknown,in_the_wild,,,,,wav,,cc-by-sa-4.0,,,,https://huggingface.co/datasets/mueller91/In-The-Wild
/__modal/volumes/vo-Oe7UdCpxcZEjcd7B7eL9tB/mighty-morphing/audio/public/in_the_wild/release_in_the_wild/release_in_the_wild/10324.wav,unknown,in_the_wild,,,,,wav,,cc-by-sa-4.0,,,,https://huggingface.co/datasets/mueller91/In-The-Wild
/__modal/volumes/vo-Oe7UdCpxcZEjcd7B7eL9tB/mighty-morphing/audio/public/in_the_wild/release_in_the_wild/release_in_the_wild/10325.wav,unknown,in_the_wild,,,,,wav,,cc-by-sa-4.0,,,,https://huggingface.co/datasets/mueller91/In-The-Wild
/__modal/volumes/vo-Oe7UdCpxcZEjcd7B7eL9tB/mighty-morphing/audio/public/in_the_wild/release_in_the_wild/release_in_the_wild/10326.wav,unknown,in_the_wild,,,,,wav,,cc-by-sa-4.0,,,,https://huggingface.co/datasets/mueller91/In-The-Wild
/__modal/volumes/vo-Oe7UdCpxcZEjcd7B7eL9tB/mighty-morphing/audio/public/in_the_wild/release_in_the_wild/release_in_the_wild/10327.wav,unknown,in_the_wild,,,,,wav,,cc-by-sa-4.0,,,,https://huggingface.co/datasets/mueller91/In-The-Wild
/__modal/volumes/vo-Oe7UdCpxcZEjcd7B7eL9tB/mighty-morphing/audio/public/in_the_wild/release_in_the_wild/release_in_the_wild/10328.wav,unknown,in_the_wild,,,,,wav,,cc-by-sa-4.0,,,,https://huggingface.co/datasets/mueller91/In-The-Wild
/__modal/volumes/vo-Oe7UdCpxcZEjcd7B7eL9tB/mighty-morphing/audio/public/in_the_wild/release_in_the_wild/release_in_the_wild/10329.wav,unknown,in_the_wild,,,,,wav,,cc-by-sa-4.0,,,,https://huggingface.co/datasets/mueller91/In-The-Wild
/__modal/volumes/vo-Oe7UdCpxcZEjcd7B7eL9tB/mighty-morphing/audio/public/in_the_wild/release_in_the_wild/release_in_the_wild/1033.wav,unknown,in_the_wild,,,,,wav,,cc-by-sa-4.0,,,,https://huggingface.co/datasets/mueller91/In-The-Wild
/__modal/volumes/vo-Oe7UdCpxcZEjcd7B7eL9tB/mighty-morphing/audio/public/in_the_wild/release_in_the_wild/release_in_the_wild/10330.wav,unknown,in_the_wild,,,,,wav,,cc-by-sa-4.0,,,,https://huggingface.co/datasets/mueller91/In-The-Wild
/__modal/volumes/vo-Oe7UdCpxcZEjcd7B7eL9tB/mighty-morphing/audio/public/in_the_wild/release_in_the_wild/release_in_the_wild/10331.wav,unknown,in_the_wild,,,,,wav,,cc-by-sa-4.0,,,,https://huggingface.co/datasets/mueller91/In-The-Wild
/__modal/volumes/vo-Oe7UdCpxcZEjcd7B7eL9tB/mighty-morphing/audio/public/in_the_wild/release_in_the_wild/release_in_the_wild/10332.wav,unknown,in_the_wild,,,,,wav,,cc-by-sa-4.0,,,,https://huggingface.co/datasets/mueller91/In-The-Wild
/__modal/volumes/vo-Oe7UdCpxcZEjcd7B7eL9tB/mighty-morphing/audio/public/in_the_wild/release_in_the_wild/release_in_the_wild/10333.wav,unknown,in_the_wild,,,,,wav,,cc-by-sa-4.0,,,,https://huggingface.co/datasets/mueller91/In-The-Wild
/__modal/volumes/vo-Oe7UdCpxcZEjcd7B7eL9tB/mighty-morphing/audio/public/in_the_wild/release_in_the_wild/release_in_the_wild/10334.wav,unknown,in_the_wild,,,,,wav,,cc-by-sa-4.0,,,,https://huggingface.co/datasets/mueller91/In-The-Wild
/__modal/volumes/vo-Oe7UdCpxcZEjcd7B7eL9tB/mighty-morphing/audio/public/in_the_wild/release_in_the_wild/release_in_the_wild/10335.wav,unknown,in_the_wild,,,,,wav,,cc-by-sa-4.0,,,,https://huggingface.co/datasets/mueller91/In-The-Wild
/__modal/volumes/vo-Oe7UdCpxcZEjcd7B7eL9tB/mighty-morphing/audio/public/in_the_wild/release_in_the_wild/release_in_the_wild/10336.wav,unknown,in_the_wild,,,,,wav,,cc-by-sa-4.0,,,,https://huggingface.co/datasets/mueller91/In-The-Wild
/__modal/volumes/vo-Oe7UdCpxcZEjcd7B7eL9tB/mighty-morphing/audio/public/in_the_wild/release_in_the_wild/release_in_the_wild/10337.wav,unknown,in_the_wild,,,,,wav,,cc-by-sa-4.0,,,,https://huggingface.co/datasets/mueller91/In-The-Wild
/__modal/volumes/vo-Oe7UdCpxcZEjcd7B7eL9tB/mighty-morphing/audio/public/in_the_wild/release_in_the_wild/release_in_the_wild/10338.wav,unknown,in_the_wild,,,,,wav,,cc-by-sa-4.0,,,,https://huggingface.co/datasets/mueller91/In-The-Wild
/__modal/volumes/vo-Oe7UdCpxcZEjcd7B7eL9tB/mighty-morphing/audio/public/in_the_wild/release_in_the_wild/release_in_the_wild/10339.wav,unknown,in_the_wild,,,,,wav,,cc-by-sa-4.0,,,,https://huggingface.co/datasets/mueller91/In-The-Wild
/__modal/volumes/vo-Oe7UdCpxcZEjcd7B7eL9tB/mighty-morphing/audio/public/in_the_wild/release_in_the_wild/release_in_the_wild/1034.wav,unknown,in_the_wild,,,,,wav,,cc-by-sa-4.0,,,,https://huggingface.co/datasets/mueller91/In-The-Wild
/__modal/volumes/vo-Oe7UdCpxcZEjcd7B7eL9tB/mighty-morphing/audio/public/in_the_wild/release_in_the_wild/release_in_the_wild/10340.wav,unknown,in_the_wild,,,,,wav,,cc-by-sa-4.0,,,,https://huggingface.co/datasets/mueller91/In-The-Wild
/__modal/volumes/vo-Oe7UdCpxcZEjcd7B7eL9tB/mighty-morphing/audio/public/in_the_wild/release_in_the_wild/release_in_the_wild/10341.wav,unknown,in_the_wild,,,,,wav,,cc-by-sa-4.0,,,,https://huggingface.co/datasets/mueller91/In-The-Wild
/__modal/volumes/vo-Oe7UdCpxcZEjcd7B7eL9tB/mighty-morphing/audio/public/in_the_wild/release_in_the_wild/release_in_the_wild/10342.wav,unknown,in_the_wild,,,,,wav,,cc-by-sa-4.0,,,,https://huggingface.co/datasets/mueller91/In-The-Wild
/__modal/volumes/vo-Oe7UdCpxcZEjcd7B7eL9tB/mighty-morphing/audio/public/in_the_wild/release_in_the_wild/release_in_the_wild/10343.wav,unknown,in_the_wild,,,,,wav,,cc-by-sa-4.0,,,,https://huggingface.co/datasets/mueller91/In-The-Wild
/__modal/volumes/vo-Oe7UdCpxcZEjcd7B7eL9tB/mighty-morphing/audio/public/in_the_wild/release_in_the_wild/release_in_the_wild/10344.wav,unknown,in_the_wild,,,,,wav,,cc-by-sa-4.0,,,,https://huggingface.co/datasets/mueller91/In-The-Wild
/__modal/volumes/vo-Oe7UdCpxcZEjcd7B7eL9tB/mighty-morphing/audio/public/in_the_wild/release_in_the_wild/release_in_the_wild/10345.wav,unknown,in_the_wild,,,,,wav,,cc-by-sa-4.0,,,,https://huggingface.co/datasets/mueller91/In-The-Wild
/__modal/volumes/vo-Oe7UdCpxcZEjcd7B7eL9tB/mighty-morphing/audio/public/in_the_wild/release_in_the_wild/release_in_the_wild/10346.wav,unknown,in_the_wild,,,,,wav,,cc-by-sa-4.0,,,,https://huggingface.co/datasets/mueller91/In-The-Wild
/__modal/volumes/vo-Oe7UdCpxcZEjcd7B7eL9tB/mighty-morphing/audio/public/in_the_wild/release_in_the_wild/release_in_the_wild/10347.wav,unknown,in_the_wild,,,,,wav,,cc-by-sa-4.0,,,,https://huggingface.co/datasets/mueller91/In-The-Wild
/__modal/volumes/vo-Oe7UdCpxcZEjcd7B7eL9tB/mighty-morphing/audio/public/in_the_wild/release_in_the_wild/release_in_the_wild/10348.wav,unknown,in_the_wild,,,,,wav,,cc-by-sa-4.0,,,,https://huggingface.co/datasets/mueller91/In-The-Wild
/__modal/volumes/vo-Oe7UdCpxcZEjcd7B7eL9tB/mighty-morphing/audio/public/in_the_wild/release_in_the_wild/release_in_the_wild/10349.wav,unknown,in_the_wild,,,,,wav,,cc-by-sa-4.0,,,,https://huggingface.co/datasets/mueller91/In-The-Wild
/__modal/volumes/vo-Oe7UdCpxcZEjcd7B7eL9tB/mighty-morphing/audio/public/in_the_wild/release_in_the_wild/release_in_the_wild/1035.wav,unknown,in_the_wild,,,,,wav,,cc-by-sa-4.0,,,,https://huggingface.co/datasets/mueller91/In-The-Wild
/__modal/volumes/vo-Oe7UdCpxcZEjcd7B7eL9tB/mighty-morphing/audio/public/in_the_wild/release_in_the_wild/release_in_the_wild/10350.wav,unknown,in_the_wild,,,,,wav,,cc-by-sa-4.0,,,,https://huggingface.co/datasets/mueller91/In-The-Wild
/__modal/volumes/vo-Oe7UdCpxcZEjcd7B7eL9tB/mighty-morphing/audio/public/in_the_wild/release_in_the_wild/release_in_the_wild/10351.wav,unknown,in_the_wild,,,,,wav,,cc-by-sa-4.0,,,,https://huggingface.co/datasets/mueller91/In-The-Wild
/__modal/volumes/vo-Oe7UdCpxcZEjcd7B7eL9tB/mighty-morphing/audio/public/in_the_wild/release_in_the_wild/release_in_the_wild/10352.wav,unknown,in_the_wild,,,,,wav,,cc-by-sa-4.0,,,,https://huggingface.co/datasets/mueller91/In-The-Wild
/__modal/volumes/vo-Oe7UdCpxcZEjcd7B7eL9tB/mighty-morphing/audio/public/in_the_wild/release_in_the_wild/release_in_the_wild/10353.wav,unknown,in_the_wild,,,,,wav,,cc-by-sa-4.0,,,,https://huggingface.co/datasets/mueller91/In-The-Wild
/__modal/volumes/vo-Oe7UdCpxcZEjcd7B7eL9tB/mighty-morphing/audio/public/in_the_wild/release_in_the_wild/release_in_the_wild/10354.wav,unknown,in_the_wild,,,,,wav,,cc-by-sa-4.0,,,,https://huggingface.co/datasets/mueller91/In-The-Wild
/__modal/volumes/vo-Oe7UdCpxcZEjcd7B7eL9tB/mighty-morphing/audio/public/in_the_wild/release_in_the_wild/release_in_the_wild/10355.wav,unknown,in_the_wild,,,,,wav,,cc-by-sa-4.0,,,,https://huggingface.co/datasets/mueller91/In-The-Wild
/__modal/volumes/vo-Oe7UdCpxcZEjcd7B7eL9tB/mighty-morphing/audio/public/in_the_wild/release_in_the_wild/release_in_the_wild/10356.wav,unknown,in_the_wild,,,,,wav,,cc-by-sa-4.0,,,,https://huggingface.co/datasets/mueller91/In-The-Wild
/__modal/volumes/vo-Oe7UdCpxcZEjcd7B7eL9tB/mighty-morphing/audio/public/in_the_wild/release_in_the_wild/release_in_the_wild/10357.wav,unknown,in_the_wild,,,,,wav,,cc-by-sa-4.0,,,,https://huggingface.co/datasets/mueller91/In-The-Wild
/__modal/volumes/vo-Oe7UdCpxcZEjcd7B7eL9tB/mighty-morphing/audio/public/in_the_wild/release_in_the_wild/release_in_the_wild/10358.wav,unknown,in_the_wild,,,,,wav,,cc-by-sa-4.0,,,,https://huggingface.co/datasets/mueller91/In-The-Wild
/__modal/volumes/vo-Oe7UdCpxcZEjcd7B7eL9tB/mighty-morphing/audio/public/in_the_wild/release_in_the_wild/release_in_the_wild/10359.wav,unknown,in_the_wild,,,,,wav,,cc-by-sa-4.0,,,,https://huggingface.co/datasets/mueller91/In-The-Wild
/__modal/volumes/vo-Oe7UdCpxcZEjcd7B7eL9tB/mighty-morphing/audio/public/in_the_wild/release_in_the_wild/release_in_the_wild/1036.wav,unknown,in_the_wild,,,,,wav,,cc-by-sa-4.0,,,,https://huggingface.co/datasets/mueller91/In-The-Wild
/__modal/volumes/vo-Oe7UdCpxcZEjcd7B7eL9tB/mighty-morphing/audio/public/in_the_wild/release_in_the_wild/release_in_the_wild/10360.wav,unknown,in_the_wild,,,,,wav,,cc-by-sa-4.0,,,,https://huggingface.co/datasets/mueller91/In-The-Wild
/__modal/volumes/vo-Oe7UdCpxcZEjcd7B7eL9tB/mighty-morphing/audio/public/in_the_wild/release_in_the_wild/release_in_the_wild/10361.wav,unknown,in_the_wild,,,,,wav,,cc-by-sa-4.0,,,,https://huggingface.co/datasets/mueller91/In-The-Wild
/__modal/volumes/vo-Oe7UdCpxcZEjcd7B7eL9tB/mighty-morphing/audio/public/in_the_wild/release_in_the_wild/release_in_the_wild/10362.wav,unknown,in_the_wild,,,,,wav,,cc-by-sa-4.0,,,,https://huggingface.co/datasets/mueller91/In-The-Wild
/__modal/volumes/vo-Oe7UdCpxcZEjcd7B7eL9tB/mighty-morphing/audio/public/in_the_wild/release_in_the_wild/release_in_the_wild/10363.wav,unknown,in_the_wild,,,,,wav,,cc-by-sa-4.0,,,,https://huggingface.co/datasets/mueller91/In-The-Wild
/__modal/volumes/vo-Oe7UdCpxcZEjcd7B7eL9tB/mighty-morphing/audio/public/in_the_wild/release_in_the_wild/release_in_the_wild/10364.wav,unknown,in_the_wild,,,,,wav,,cc-by-sa-4.0,,,,https://huggingface.co/datasets/mueller91/In-The-Wild
/__modal/volumes/vo-Oe7UdCpxcZEjcd7B7eL9tB/mighty-morphing/audio/public/in_the_wild/release_in_the_wild/release_in_the_wild/10365.wav,unknown,in_the_wild,,,,,wav,,cc-by-sa-4.0,,,,https://huggingface.co/datasets/mueller91/In-The-Wild
/__modal/volumes/vo-Oe7UdCpxcZEjcd7B7eL9tB/mighty-morphing/audio/public/in_the_wild/release_in_the_wild/release_in_the_wild/10366.wav,unknown,in_the_wild,,,,,wav,,cc-by-sa-4.0,,,,https://huggingface.co/datasets/mueller91/In-The-Wild
/__modal/volumes/vo-Oe7UdCpxcZEjcd7B7eL9tB/mighty-morphing/audio/public/in_the_wild/release_in_the_wild/release_in_the_wild/10367.wav,unknown,in_the_wild,,,,,wav,,cc-by-sa-4.0,,,,https://huggingface.co/datasets/mueller91/In-The-Wild
/__modal/volumes/vo-Oe7UdCpxcZEjcd7B7eL9tB/mighty-morphing/audio/public/in_the_wild/release_in_the_wild/release_in_the_wild/10368.wav,unknown,in_the_wild,,,,,wav,,cc-by-sa-4.0,,,,https://huggingface.co/datasets/mueller91/In-The-Wild
/__modal/volumes/vo-Oe7UdCpxcZEjcd7B7eL9tB/mighty-morphing/audio/public/in_the_wild/release_in_the_wild/release_in_the_wild/10369.wav,unknown,in_the_wild,,,,,wav,,cc-by-sa-4.0,,,,https://huggingface.co/datasets/mueller91/In-The-Wild
/__modal/volumes/vo-Oe7UdCpxcZEjcd7B7eL9tB/mighty-morphing/audio/public/in_the_wild/release_in_the_wild/release_in_the_wild/1037.wav,unknown,in_the_wild,,,,,wav,,cc-by-sa-4.0,,,,https://huggingface.co/datasets/mueller91/In-The-Wild
/__modal/volumes/vo-Oe7UdCpxcZEjcd7B7eL9tB/mighty-morphing/audio/public/in_the_wild/release_in_the_wild/release_in_the_wild/10370.wav,unknown,in_the_wild,,,,,wav,,cc-by-sa-4.0,,,,https://huggingface.co/datasets/mueller91/In-The-Wild
/__modal/volumes/vo-Oe7UdCpxcZEjcd7B7eL9tB/mighty-morphing/audio/public/in_the_wild/release_in_the_wild/release_in_the_wild/10371.wav,unknown,in_the_wild,,,,,wav,,cc-by-sa-4.0,,,,https://huggingface.co/datasets/mueller91/In-The-Wild
/__modal/volumes/vo-Oe7UdCpxcZEjcd7B7eL9tB/mighty-morphing/audio/public/in_the_wild/release_in_the_wild/release_in_the_wild/10372.wav,unknown,in_the_wild,,,,,wav,,cc-by-sa-4.0,,,,https://huggingface.co/datasets/mueller91/In-The-Wild
/__modal/volumes/vo-Oe7UdCpxcZEjcd7B7eL9tB/mighty-morphing/audio/public/in_the_wild/release_in_the_wild/release_in_the_wild/10373.wav,unknown,in_the_wild,,,,,wav,,cc-by-sa-4.0,,,,https://huggingface.co/datasets/mueller91/In-The-Wild
/__modal/volumes/vo-Oe7UdCpxcZEjcd7B7eL9tB/mighty-morphing/audio/public/in_the_wild/release_in_the_wild/release_in_the_wild/10374.wav,unknown,in_the_wild,,,,,wav,,cc-by-sa-4.0,,,,https://huggingface.co/datasets/mueller91/In-The-Wild
/__modal/volumes/vo-Oe7UdCpxcZEjcd7B7eL9tB/mighty-morphing/audio/public/in_the_wild/release_in_the_wild/release_in_the_wild/10375.wav,unknown,in_the_wild,,,,,wav,,cc-by-sa-4.0,,,,https://huggingface.co/datasets/mueller91/In-The-Wild
/__modal/volumes/vo-Oe7UdCpxcZEjcd7B7eL9tB/mighty-morphing/audio/public/in_the_wild/release_in_the_wild/release_in_the_wild/10376.wav,unknown,in_the_wild,,,,,wav,,cc-by-sa-4.0,,,,https://huggingface.co/datasets/mueller91/In-The-Wild
/__modal/volumes/vo-Oe7UdCpxcZEjcd7B7eL9tB/mighty-morphing/audio/public/in_the_wild/release_in_the_wild/release_in_the_wild/10377.wav,unknown,in_the_wild,,,,,wav,,cc-by-sa-4.0,,,,https://huggingface.co/datasets/mueller91/In-The-Wild
/__modal/volumes/vo-Oe7UdCpxcZEjcd7B7eL9tB/mighty-morphing/audio/public/in_the_wild/release_in_the_wild/release_in_the_wild/10378.wav,unknown,in_the_wild,,,,,wav,,cc-by-sa-4.0,,,,https://huggingface.co/datasets/mueller91/In-The-Wild
/__modal/volumes/vo-Oe7UdCpxcZEjcd7B7eL9tB/mighty-morphing/audio/public/in_the_wild/release_in_the_wild/release_in_the_wild/10379.wav,unknown,in_the_wild,,,,,wav,,cc-by-sa-4.0,,,,https://huggingface.co/datasets/mueller91/In-The-Wild
/__modal/volumes/vo-Oe7UdCpxcZEjcd7B7eL9tB/mighty-morphing/audio/public/in_the_wild/release_in_the_wild/release_in_the_wild/1038.wav,unknown,in_the_wild,,,,,wav,,cc-by-sa-4.0,,,,https://huggingface.co/datasets/mueller91/In-The-Wild
/__modal/volumes/vo-Oe7UdCpxcZEjcd7B7eL9tB/mighty-morphing/audio/public/in_the_wild/release_in_the_wild/release_in_the_wild/10380.wav,unknown,in_the_wild,,,,,wav,,cc-by-sa-4.0,,,,https://huggingface.co/datasets/mueller91/In-The-Wild
/__modal/volumes/vo-Oe7UdCpxcZEjcd7B7eL9tB/mighty-morphing/audio/public/in_the_wild/release_in_the_wild/release_in_the_wild/10381.wav,unknown,in_the_wild,,,,,wav,,cc-by-sa-4.0,,,,https://huggingface.co/datasets/mueller91/In-The-Wild
/__modal/volumes/vo-Oe7UdCpxcZEjcd7B7eL9tB/mighty-morphing/audio/public/in_the_wild/release_in_the_wild/release_in_the_wild/10382.wav,unknown,in_the_wild,,,,,wav,,cc-by-sa-4.0,,,,https://huggingface.co/datasets/mueller91/In-The-Wild
/__modal/volumes/vo-Oe7UdCpxcZEjcd7B7eL9tB/mighty-morphing/audio/public/in_the_wild/release_in_the_wild/release_in_the_wild/10383.wav,unknown,in_the_wild,,,,,wav,,cc-by-sa-4.0,,,,https://huggingface.co/datasets/mueller91/In-The-Wild
/__modal/volumes/vo-Oe7UdCpxcZEjcd7B7eL9tB/mighty-morphing/audio/public/in_the_wild/release_in_the_wild/release_in_the_wild/10384.wav,unknown,in_the_wild,,,,,wav,,cc-by-sa-4.0,,,,https://huggingface.co/datasets/mueller91/In-The-Wild
/__modal/volumes/vo-Oe7UdCpxcZEjcd7B7eL9tB/mighty-morphing/audio/public/in_the_wild/release_in_the_wild/release_in_the_wild/10385.wav,unknown,in_the_wild,,,,,wav,,cc-by-sa-4.0,,,,https://huggingface.co/datasets/mueller91/In-The-Wild
/__modal/volumes/vo-Oe7UdCpxcZEjcd7B7eL9tB/mighty-morphing/audio/public/in_the_wild/release_in_the_wild/release_in_the_wild/10386.wav,unknown,in_the_wild,,,,,wav,,cc-by-sa-4.0,,,,https://huggingface.co/datasets/mueller91/In-The-Wild
/__modal/volumes/vo-Oe7UdCpxcZEjcd7B7eL9tB/mighty-morphing/audio/public/in_the_wild/release_in_the_wild/release_in_the_wild/10387.wav,unknown,in_the_wild,,,,,wav,,cc-by-sa-4.0,,,,https://huggingface.co/datasets/mueller91/In-The-Wild
/__modal/volumes/vo-Oe7UdCpxcZEjcd7B7eL9tB/mighty-morphing/audio/public/in_the_wild/release_in_the_wild/release_in_the_wild/10388.wav,unknown,in_the_wild,,,,,wav,,cc-by-sa-4.0,,,,https://huggingface.co/datasets/mueller91/In-The-Wild
/__modal/volumes/vo-Oe7UdCpxcZEjcd7B7eL9tB/mighty-morphing/audio/public/in_the_wild/release_in_the_wild/release_in_the_wild/10389.wav,unknown,in_the_wild,,,,,wav,,cc-by-sa-4.0,,,,https://huggingface.co/datasets/mueller91/In-The-Wild
/__modal/volumes/vo-Oe7UdCpxcZEjcd7B7eL9tB/mighty-morphing/audio/public/in_the_wild/release_in_the_wild/release_in_the_wild/1039.wav,unknown,in_the_wild,,,,,wav,,cc-by-sa-4.0,,,,https://huggingface.co/datasets/mueller91/In-The-Wild
/__modal/volumes/vo-Oe7UdCpxcZEjcd7B7eL9tB/mighty-morphing/audio/public/in_the_wild/release_in_the_wild/release_in_the_wild/10390.wav,unknown,in_the_wild,,,,,wav,,cc-by-sa-4.0,,,,https://huggingface.co/datasets/mueller91/In-The-Wild
/__modal/volumes/vo-Oe7UdCpxcZEjcd7B7eL9tB/mighty-morphing/audio/public/in_the_wild/release_in_the_wild/release_in_the_wild/10391.wav,unknown,in_the_wild,,,,,wav,,cc-by-sa-4.0,,,,https://huggingface.co/datasets/mueller91/In-The-Wild
/__modal/volumes/vo-Oe7UdCpxcZEjcd7B7eL9tB/mighty-morphing/audio/public/in_the_wild/release_in_the_wild/release_in_the_wild/10392.wav,unknown,in_the_wild,,,,,wav,,cc-by-sa-4.0,,,,https://huggingface.co/datasets/mueller91/In-The-Wild
/__modal/volumes/vo-Oe7UdCpxcZEjcd7B7eL9tB/mighty-morphing/audio/public/in_the_wild/release_in_the_wild/release_in_the_wild/10393.wav,unknown,in_the_wild,,,,,wav,,cc-by-sa-4.0,,,,https://huggingface.co/datasets/mueller91/In-The-Wild
/__modal/volumes/vo-Oe7UdCpxcZEjcd7B7eL9tB/mighty-morphing/audio/public/in_the_wild/release_in_the_wild/release_in_the_wild/10394.wav,unknown,in_the_wild,,,,,wav,,cc-by-sa-4.0,,,,https://huggingface.co/datasets/mueller91/In-The-Wild
/__modal/volumes/vo-Oe7UdCpxcZEjcd7B7eL9tB/mighty-morphing/audio/public/in_the_wild/release_in_the_wild/release_in_the_wild/10395.wav,unknown,in_the_wild,,,,,wav,,cc-by-sa-4.0,,,,https://huggingface.co/datasets/mueller91/In-The-Wild
/__modal/volumes/vo-Oe7UdCpxcZEjcd7B7eL9tB/mighty-morphing/audio/public/in_the_wild/release_in_the_wild/release_in_the_wild/10396.wav,unknown,in_the_wild,,,,,wav,,cc-by-sa-4.0,,,,https://huggingface.co/datasets/mueller91/In-The-Wild
/__modal/volumes/vo-Oe7UdCpxcZEjcd7B7eL9tB/mighty-morphing/audio/public/in_the_wild/release_in_the_wild/release_in_the_wild/10397.wav,unknown,in_the_wild,,,,,wav,,cc-by-sa-4.0,,,,https://huggingface.co/datasets/mueller91/In-The-Wild
/__modal/volumes/vo-Oe7UdCpxcZEjcd7B7eL9tB/mighty-morphing/audio/public/in_the_wild/release_in_the_wild/release_in_the_wild/10398.wav,unknown,in_the_wild,,,,,wav,,cc-by-sa-4.0,,,,https://huggingface.co/datasets/mueller91/In-The-Wild
/__modal/volumes/vo-Oe7UdCpxcZEjcd7B7eL9tB/mighty-morphing/audio/public/in_the_wild/release_in_the_wild/release_in_the_wild/10399.wav,unknown,in_the_wild,,,,,wav,,cc-by-sa-4.0,,,,https://huggingface.co/datasets/mueller91/In-The-Wild
/__modal/volumes/vo-Oe7UdCpxcZEjcd7B7eL9tB/mighty-morphing/audio/public/in_the_wild/release_in_the_wild/release_in_the_wild/104.wav,unknown,in_the_wild,,,,,wav,,cc-by-sa-4.0,,,,https://huggingface.co/datasets/mueller91/In-The-Wild
/__modal/volumes/vo-Oe7UdCpxcZEjcd7B7eL9tB/mighty-morphing/audio/public/in_the_wild/release_in_the_wild/release_in_the_wild/1040.wav,unknown,in_the_wild,,,,,wav,,cc-by-sa-4.0,,,,https://huggingface.co/datasets/mueller91/In-The-Wild
/__modal/volumes/vo-Oe7UdCpxcZEjcd7B7eL9tB/mighty-morphing/audio/public/in_the_wild/release_in_the_wild/release_in_the_wild/10400.wav,unknown,in_the_wild,,,,,wav,,cc-by-sa-4.0,,,,https://huggingface.co/datasets/mueller91/In-The-Wild
/__modal/volumes/vo-Oe7UdCpxcZEjcd7B7eL9tB/mighty-morphing/audio/public/in_the_wild/release_in_the_wild/release_in_the_wild/10401.wav,unknown,in_the_wild,,,,,wav,,cc-by-sa-4.0,,,,https://huggingface.co/datasets/mueller91/In-The-Wild
/__modal/volumes/vo-Oe7UdCpxcZEjcd7B7eL9tB/mighty-morphing/audio/public/in_the_wild/release_in_the_wild/release_in_the_wild/10402.wav,unknown,in_the_wild,,,,,wav,,cc-by-sa-4.0,,,,https://huggingface.co/datasets/mueller91/In-The-Wild
/__modal/volumes/vo-Oe7UdCpxcZEjcd7B7eL9tB/mighty-morphing/audio/public/in_the_wild/release_in_the_wild/release_in_the_wild/10403.wav,unknown,in_the_wild,,,,,wav,,cc-by-sa-4.0,,,,https://huggingface.co/datasets/mueller91/In-The-Wild
/__modal/volumes/vo-Oe7UdCpxcZEjcd7B7eL9tB/mighty-morphing/audio/public/in_the_wild/release_in_the_wild/release_in_the_wild/10404.wav,unknown,in_the_wild,,,,,wav,,cc-by-sa-4.0,,,,https://huggingface.co/datasets/mueller91/In-The-Wild
/__modal/volumes/vo-Oe7UdCpxcZEjcd7B7eL9tB/mighty-morphing/audio/public/in_the_wild/release_in_the_wild/release_in_the_wild/10405.wav,unknown,in_the_wild,,,,,wav,,cc-by-sa-4.0,,,,https://huggingface.co/datasets/mueller91/In-The-Wild
/__modal/volumes/vo-Oe7UdCpxcZEjcd7B7eL9tB/mighty-morphing/audio/public/in_the_wild/release_in_the_wild/release_in_the_wild/10406.wav,unknown,in_the_wild,,,,,wav,,cc-by-sa-4.0,,,,https://huggingface.co/datasets/mueller91/In-The-Wild
/__modal/volumes/vo-Oe7UdCpxcZEjcd7B7eL9tB/mighty-morphing/audio/public/in_the_wild/release_in_the_wild/release_in_the_wild/10407.wav,unknown,in_the_wild,,,,,wav,,cc-by-sa-4.0,,,,https://huggingface.co/datasets/mueller91/In-The-Wild
/__modal/volumes/vo-Oe7UdCpxcZEjcd7B7eL9tB/mighty-morphing/audio/public/in_the_wild/release_in_the_wild/release_in_the_wild/10408.wav,unknown,in_the_wild,,,,,wav,,cc-by-sa-4.0,,,,https://huggingface.co/datasets/mueller91/In-The-Wild
/__modal/volumes/vo-Oe7UdCpxcZEjcd7B7eL9tB/mighty-morphing/audio/public/in_the_wild/release_in_the_wild/release_in_the_wild/10409.wav,unknown,in_the_wild,,,,,wav,,cc-by-sa-4.0,,,,https://huggingface.co/datasets/mueller91/In-The-Wild
/__modal/volumes/vo-Oe7UdCpxcZEjcd7B7eL9tB/mighty-morphing/audio/public/in_the_wild/release_in_the_wild/release_in_the_wild/1041.wav,unknown,in_the_wild,,,,,wav,,cc-by-sa-4.0,,,,https://huggingface.co/datasets/mueller91/In-The-Wild
/__modal/volumes/vo-Oe7UdCpxcZEjcd7B7eL9tB/mighty-morphing/audio/public/in_the_wild/release_in_the_wild/release_in_the_wild/10410.wav,unknown,in_the_wild,,,,,wav,,cc-by-sa-4.0,,,,https://huggingface.co/datasets/mueller91/In-The-Wild
/__modal/volumes/vo-Oe7UdCpxcZEjcd7B7eL9tB/mighty-morphing/audio/public/in_the_wild/release_in_the_wild/release_in_the_wild/10411.wav,unknown,in_the_wild,,,,,wav,,cc-by-sa-4.0,,,,https://huggingface.co/datasets/mueller91/In-The-Wild
/__modal/volumes/vo-Oe7UdCpxcZEjcd7B7eL9tB/mighty-morphing/audio/public/in_the_wild/release_in_the_wild/release_in_the_wild/10412.wav,unknown,in_the_wild,,,,,wav,,cc-by-sa-4.0,,,,https://huggingface.co/datasets/mueller91/In-The-Wild
/__modal/volumes/vo-Oe7UdCpxcZEjcd7B7eL9tB/mighty-morphing/audio/public/in_the_wild/release_in_the_wild/release_in_the_wild/10413.wav,unknown,in_the_wild,,,,,wav,,cc-by-sa-4.0,,,,https://huggingface.co/datasets/mueller91/In-The-Wild
/__modal/volumes/vo-Oe7UdCpxcZEjcd7B7eL9tB/mighty-morphing/audio/public/in_the_wild/release_in_the_wild/release_in_the_wild/10414.wav,unknown,in_the_wild,,,,,wav,,cc-by-sa-4.0,,,,https://huggingface.co/datasets/mueller91/In-The-Wild
/__modal/volumes/vo-Oe7UdCpxcZEjcd7B7eL9tB/mighty-morphing/audio/public/in_the_wild/release_in_the_wild/release_in_the_wild/10415.wav,unknown,in_the_wild,,,,,wav,,cc-by-sa-4.0,,,,https://huggingface.co/datasets/mueller91/In-The-Wild
/__modal/volumes/vo-Oe7UdCpxcZEjcd7B7eL9tB/mighty-morphing/audio/public/in_the_wild/release_in_the_wild/release_in_the_wild/10416.wav,unknown,in_the_wild,,,,,wav,,cc-by-sa-4.0,,,,https://huggingface.co/datasets/mueller91/In-The-Wild
/__modal/volumes/vo-Oe7UdCpxcZEjcd7B7eL9tB/mighty-morphing/audio/public/in_the_wild/release_in_the_wild/release_in_the_wild/10417.wav,unknown,in_the_wild,,,,,wav,,cc-by-sa-4.0,,,,https://huggingface.co/datasets/mueller91/In-The-Wild
/__modal/volumes/vo-Oe7UdCpxcZEjcd7B7eL9tB/mighty-morphing/audio/public/in_the_wild/release_in_the_wild/release_in_the_wild/10418.wav,unknown,in_the_wild,,,,,wav,,cc-by-sa-4.0,,,,https://huggingface.co/datasets/mueller91/In-The-Wild
/__modal/volumes/vo-Oe7UdCpxcZEjcd7B7eL9tB/mighty-morphing/audio/public/in_the_wild/release_in_the_wild/release_in_the_wild/10419.wav,unknown,in_the_wild,,,,,wav,,cc-by-sa-4.0,,,,https://huggingface.co/datasets/mueller91/In-The-Wild
/__modal/volumes/vo-Oe7UdCpxcZEjcd7B7eL9tB/mighty-morphing/audio/public/in_the_wild/release_in_the_wild/release_in_the_wild/1042.wav,unknown,in_the_wild,,,,,wav,,cc-by-sa-4.0,,,,https://huggingface.co/datasets/mueller91/In-The-Wild
/__modal/volumes/vo-Oe7UdCpxcZEjcd7B7eL9tB/mighty-morphing/audio/public/in_the_wild/release_in_the_wild/release_in_the_wild/10420.wav,unknown,in_the_wild,,,,,wav,,cc-by-sa-4.0,,,,https://huggingface.co/datasets/mueller91/In-The-Wild
/__modal/volumes/vo-Oe7UdCpxcZEjcd7B7eL9tB/mighty-morphing/audio/public/in_the_wild/release_in_the_wild/release_in_the_wild/10421.wav,unknown,in_the_wild,,,,,wav,,cc-by-sa-4.0,,,,https://huggingface.co/datasets/mueller91/In-The-Wild
/__modal/volumes/vo-Oe7UdCpxcZEjcd7B7eL9tB/mighty-morphing/audio/public/in_the_wild/release_in_the_wild/release_in_the_wild/10422.wav,unknown,in_the_wild,,,,,wav,,cc-by-sa-4.0,,,,https://huggingface.co/datasets/mueller91/In-The-Wild
/__modal/volumes/vo-Oe7UdCpxcZEjcd7B7eL9tB/mighty-morphing/audio/public/in_the_wild/release_in_the_wild/release_in_the_wild/10423.wav,unknown,in_the_wild,,,,,wav,,cc-by-sa-4.0,,,,https://huggingface.co/datasets/mueller91/In-The-Wild
/__modal/volumes/vo-Oe7UdCpxcZEjcd7B7eL9tB/mighty-morphing/audio/public/in_the_wild/release_in_the_wild/release_in_the_wild/10424.wav,unknown,in_the_wild,,,,,wav,,cc-by-sa-4.0,,,,https://huggingface.co/datasets/mueller91/In-The-Wild
/__modal/volumes/vo-Oe7UdCpxcZEjcd7B7eL9tB/mighty-morphing/audio/public/in_the_wild/release_in_the_wild/release_in_the_wild/10425.wav,unknown,in_the_wild,,,,,wav,,cc-by-sa-4.0,,,,https://huggingface.co/datasets/mueller91/In-The-Wild
/__modal/volumes/vo-Oe7UdCpxcZEjcd7B7eL9tB/mighty-morphing/audio/public/in_the_wild/release_in_the_wild/release_in_the_wild/10426.wav,unknown,in_the_wild,,,,,wav,,cc-by-sa-4.0,,,,https://huggingface.co/datasets/mueller91/In-The-Wild
/__modal/volumes/vo-Oe7UdCpxcZEjcd7B7eL9tB/mighty-morphing/audio/public/in_the_wild/release_in_the_wild/release_in_the_wild/10427.wav,unknown,in_the_wild,,,,,wav,,cc-by-sa-4.0,,,,https://huggingface.co/datasets/mueller91/In-The-Wild
/__modal/volumes/vo-Oe7UdCpxcZEjcd7B7eL9tB/mighty-morphing/audio/public/in_the_wild/release_in_the_wild/release_in_the_wild/10428.wav,unknown,in_the_wild,,,,,wav,,cc-by-sa-4.0,,,,https://huggingface.co/datasets/mueller91/In-The-Wild
/__modal/volumes/vo-Oe7UdCpxcZEjcd7B7eL9tB/mighty-morphing/audio/public/in_the_wild/release_in_the_wild/release_in_the_wild/10429.wav,unknown,in_the_wild,,,,,wav,,cc-by-sa-4.0,,,,https://huggingface.co/datasets/mueller91/In-The-Wild
/__modal/volumes/vo-Oe7UdCpxcZEjcd7B7eL9tB/mighty-morphing/audio/public/in_the_wild/release_in_the_wild/release_in_the_wild/1043.wav,unknown,in_the_wild,,,,,wav,,cc-by-sa-4.0,,,,https://huggingface.co/datasets/mueller91/In-The-Wild
/__modal/volumes/vo-Oe7UdCpxcZEjcd7B7eL9tB/mighty-morphing/audio/public/in_the_wild/release_in_the_wild/release_in_the_wild/10430.wav,unknown,in_the_wild,,,,,wav,,cc-by-sa-4.0,,,,https://huggingface.co/datasets/mueller91/In-The-Wild
/__modal/volumes/vo-Oe7UdCpxcZEjcd7B7eL9tB/mighty-morphing/audio/public/in_the_wild/release_in_the_wild/release_in_the_wild/10431.wav,unknown,in_the_wild,,,,,wav,,cc-by-sa-4.0,,,,https://huggingface.co/datasets/mueller91/In-The-Wild
/__modal/volumes/vo-Oe7UdCpxcZEjcd7B7eL9tB/mighty-morphing/audio/public/in_the_wild/release_in_the_wild/release_in_the_wild/10432.wav,unknown,in_the_wild,,,,,wav,,cc-by-sa-4.0,,,,https://huggingface.co/datasets/mueller91/In-The-Wild
/__modal/volumes/vo-Oe7UdCpxcZEjcd7B7eL9tB/mighty-morphing/audio/public/in_the_wild/release_in_the_wild/release_in_the_wild/10433.wav,unknown,in_the_wild,,,,,wav,,cc-by-sa-4.0,,,,https://huggingface.co/datasets/mueller91/In-The-Wild
/__modal/volumes/vo-Oe7UdCpxcZEjcd7B7eL9tB/mighty-morphing/audio/public/in_the_wild/release_in_the_wild/release_in_the_wild/10434.wav,unknown,in_the_wild,,,,,wav,,cc-by-sa-4.0,,,,https://huggingface.co/datasets/mueller91/In-The-Wild
/__modal/volumes/vo-Oe7UdCpxcZEjcd7B7eL9tB/mighty-morphing/audio/public/in_the_wild/release_in_the_wild/release_in_the_wild/10435.wav,unknown,in_the_wild,,,,,wav,,cc-by-sa-4.0,,,,https://huggingface.co/datasets/mueller91/In-The-Wild
/__modal/volumes/vo-Oe7UdCpxcZEjcd7B7eL9tB/mighty-morphing/audio/public/in_the_wild/release_in_the_wild/release_in_the_wild/10436.wav,unknown,in_the_wild,,,,,wav,,cc-by-sa-4.0,,,,https://huggingface.co/datasets/mueller91/In-The-Wild
/__modal/volumes/vo-Oe7UdCpxcZEjcd7B7eL9tB/mighty-morphing/audio/public/in_the_wild/release_in_the_wild/release_in_the_wild/10437.wav,unknown,in_the_wild,,,,,wav,,cc-by-sa-4.0,,,,https://huggingface.co/datasets/mueller91/In-The-Wild
/__modal/volumes/vo-Oe7UdCpxcZEjcd7B7eL9tB/mighty-morphing/audio/public/in_the_wild/release_in_the_wild/release_in_the_wild/10438.wav,unknown,in_the_wild,,,,,wav,,cc-by-sa-4.0,,,,https://huggingface.co/datasets/mueller91/In-The-Wild
/__modal/volumes/vo-Oe7UdCpxcZEjcd7B7eL9tB/mighty-morphing/audio/public/in_the_wild/release_in_the_wild/release_in_the_wild/10439.wav,unknown,in_the_wild,,,,,wav,,cc-by-sa-4.0,,,,https://huggingface.co/datasets/mueller91/In-The-Wild
/__modal/volumes/vo-Oe7UdCpxcZEjcd7B7eL9tB/mighty-morphing/audio/public/in_the_wild/release_in_the_wild/release_in_the_wild/1044.wav,unknown,in_the_wild,,,,,wav,,cc-by-sa-4.0,,,,https://huggingface.co/datasets/mueller91/In-The-Wild
/__modal/volumes/vo-Oe7UdCpxcZEjcd7B7eL9tB/mighty-morphing/audio/public/in_the_wild/release_in_the_wild/release_in_the_wild/10440.wav,unknown,in_the_wild,,,,,wav,,cc-by-sa-4.0,,,,https://huggingface.co/datasets/mueller91/In-The-Wild
/__modal/volumes/vo-Oe7UdCpxcZEjcd7B7eL9tB/mighty-morphing/audio/public/in_the_wild/release_in_the_wild/release_in_the_wild/10441.wav,unknown,in_the_wild,,,,,wav,,cc-by-sa-4.0,,,,https://huggingface.co/datasets/mueller91/In-The-Wild
/__modal/volumes/vo-Oe7UdCpxcZEjcd7B7eL9tB/mighty-morphing/audio/public/in_the_wild/release_in_the_wild/release_in_the_wild/10442.wav,unknown,in_the_wild,,,,,wav,,cc-by-sa-4.0,,,,https://huggingface.co/datasets/mueller91/In-The-Wild
/__modal/volumes/vo-Oe7UdCpxcZEjcd7B7eL9tB/mighty-morphing/audio/public/in_the_wild/release_in_the_wild/release_in_the_wild/10443.wav,unknown,in_the_wild,,,,,wav,,cc-by-sa-4.0,,,,https://huggingface.co/datasets/mueller91/In-The-Wild
/__modal/volumes/vo-Oe7UdCpxcZEjcd7B7eL9tB/mighty-morphing/audio/public/in_the_wild/release_in_the_wild/release_in_the_wild/10444.wav,unknown,in_the_wild,,,,,wav,,cc-by-sa-4.0,,,,https://huggingface.co/datasets/mueller91/In-The-Wild
/__modal/volumes/vo-Oe7UdCpxcZEjcd7B7eL9tB/mighty-morphing/audio/public/in_the_wild/release_in_the_wild/release_in_the_wild/10445.wav,unknown,in_the_wild,,,,,wav,,cc-by-sa-4.0,,,,https://huggingface.co/datasets/mueller91/In-The-Wild
/__modal/volumes/vo-Oe7UdCpxcZEjcd7B7eL9tB/mighty-morphing/audio/public/in_the_wild/release_in_the_wild/release_in_the_wild/10446.wav,unknown,in_the_wild,,,,,wav,,cc-by-sa-4.0,,,,https://huggingface.co/datasets/mueller91/In-The-Wild
