file,source,label,dataset,speaker_id,language,generator_id,attack_type,codec,sample_rate,license,split,source_url,duration_s,speaker_cosine_vs_real_01,citadel_action,citadel_risk,citadel_latency_ms,sig_spectral_anomaly,sig_steganalysis,sig_ultrasonic_injection,sig_wavlm_paralinguistic,sig_deepfake_detection,sig_waveform_integrity,sig_rmt_divergence,sig_asr_prefix_attack,rms_mean,rms_std,silence_ratio,centroid_mean,centroid_std,flatness_mean,flatness_std,hf_ratio_mean,zcr_mean,pitch_mean,pitch_std,pitch_cv
/data/mighty-morphing/audio/public/in_the_wild/release_in_the_wild/release_in_the_wild/0.wav,unknown_public_web,synthetic,in_the_wild,Alec Guinness,en,unknown_public_web,in_the_wild_tts,wav,,cc-by-sa-4.0,eval,https://huggingface.co/datasets/mueller91/In-The-Wild,1.819,0,,,,,,,,,,,,0.095892,0.092885,0.255556,293.686,87.917,0.052513,0.050094,0.000807,0.040572,127.133,52.231,0.410834
/data/mighty-morphing/audio/public/in_the_wild/release_in_the_wild/release_in_the_wild/1.wav,unknown_public_web,synthetic,in_the_wild,Alec Guinness,en,unknown_public_web,in_the_wild_tts,wav,,cc-by-sa-4.0,eval,https://huggingface.co/datasets/mueller91/In-The-Wild,11.096,0,,,,,,,,,,,,0.064497,0.046139,0.104693,716.833,1432.151,0.101243,0.103572,0.081467,0.102458,101.763,61.27,0.602085
/data/mighty-morphing/audio/public/in_the_wild/release_in_the_wild/release_in_the_wild/2.wav,unknown_public_web,synthetic,in_the_wild,Barack Obama,en,unknown_public_web,in_the_wild_tts,wav,,cc-by-sa-4.0,eval,https://huggingface.co/datasets/mueller91/In-The-Wild,8.098,0,,,,,,,,,,,,0.08393,0.087428,0.235149,724.879,1077.438,0.12551,0.138797,0.053072,0.09667,173.942,42.088,0.241966
/data/mighty-morphing/audio/public/in_the_wild/release_in_the_wild/release_in_the_wild/3.wav,unknown_public_web,synthetic,in_the_wild,Alec Guinness,en,unknown_public_web,in_the_wild_tts,wav,,cc-by-sa-4.0,eval,https://huggingface.co/datasets/mueller91/In-The-Wild,10.431,0,,,,,,,,,,,,0.061633,0.049455,0.146974,407.699,534.336,0.096574,0.077956,0.01168,0.060102,134.755,40.842,0.303084
/data/mighty-morphing/audio/public/in_the_wild/release_in_the_wild/release_in_the_wild/4.wav,in_the_wild,real,in_the_wild,Christopher Hitchens,en,,authentic_public_web,wav,,cc-by-sa-4.0,eval,https://huggingface.co/datasets/mueller91/In-The-Wild,0.991,0,,,,,,,,,,,,0.06531,0.083668,0.226804,798.692,572.845,0.26323,0.174569,0.02239,0.11123,160.626,108.134,0.673206
/data/mighty-morphing/audio/public/in_the_wild/release_in_the_wild/release_in_the_wild/5.wav,in_the_wild,real,in_the_wild,Ayn Rand,en,,authentic_public_web,wav,,cc-by-sa-4.0,eval,https://huggingface.co/datasets/mueller91/In-The-Wild,3.96,0,,,,,,,,,,,,0.191392,0.149132,0.040609,631.679,642.364,0.120701,0.095289,0.012302,0.087837,168.205,64.524,0.383606
/data/mighty-morphing/audio/public/in_the_wild/release_in_the_wild/release_in_the_wild/6.wav,unknown_public_web,synthetic,in_the_wild,Barack Obama,en,unknown_public_web,in_the_wild_tts,wav,,cc-by-sa-4.0,eval,https://huggingface.co/datasets/mueller91/In-The-Wild,4.619,0,,,,,,,,,,,,0.052126,0.064506,0.356522,1039.63,1404.283,0.150162,0.156147,0.109879,0.139353,175.61,54.291,0.309157
/data/mighty-morphing/audio/public/in_the_wild/release_in_the_wild/release_in_the_wild/7.wav,in_the_wild,real,in_the_wild,Donald Trump,en,,authentic_public_web,wav,,cc-by-sa-4.0,eval,https://huggingface.co/datasets/mueller91/In-The-Wild,2.188,0,,,,,,,,,,,,0.100384,0.079878,0.013825,603.228,694.472,0.174799,0.123926,0.011364,0.090243,140.09,20.712,0.147847
/data/mighty-morphing/audio/public/in_the_wild/release_in_the_wild/release_in_the_wild/8.wav,in_the_wild,real,in_the_wild,Donald Trump,en,,authentic_public_web,wav,,cc-by-sa-4.0,eval,https://huggingface.co/datasets/mueller91/In-The-Wild,5.146,0,,,,,,,,,,,,0.115151,0.069707,0.009747,636.103,914.386,0.183685,0.099812,0.031895,0.087923,165.433,34.728,0.209925
/data/mighty-morphing/audio/public/in_the_wild/release_in_the_wild/release_in_the_wild/9.wav,in_the_wild,real,in_the_wild,Alec Guinness,en,,authentic_public_web,wav,,cc-by-sa-4.0,eval,https://huggingface.co/datasets/mueller91/In-The-Wild,7.937,0,,,,,,,,,,,,0.070931,0.063166,0.164141,393.588,364.131,0.152142,0.091074,0.010449,0.0638,112.643,54.002,0.479409
/data/mighty-morphing/audio/public/in_the_wild/release_in_the_wild/release_in_the_wild/10.wav,unknown_public_web,synthetic,in_the_wild,Bernie Sanders,en,unknown_public_web,in_the_wild_tts,wav,,cc-by-sa-4.0,eval,https://huggingface.co/datasets/mueller91/In-The-Wild,8.299,0,,,,,,,,,,,,0.076984,0.087945,0.283816,759.16,1506.037,0.098708,0.123061,0.088516,0.101355,130.829,53.794,0.411173
/data/mighty-morphing/audio/public/in_the_wild/release_in_the_wild/release_in_the_wild/11.wav,in_the_wild,real,in_the_wild,Christopher Hitchens,en,,authentic_public_web,wav,,cc-by-sa-4.0,eval,https://huggingface.co/datasets/mueller91/In-The-Wild,4.138,0,,,,,,,,,,,,0.121929,0.069166,0.131068,1100.998,1570.888,0.219965,0.116359,0.116667,0.150292,149.64,65.818,0.439845
/data/mighty-morphing/audio/public/in_the_wild/release_in_the_wild/release_in_the_wild/12.wav,in_the_wild,real,in_the_wild,Calvin Coolidge,en,,authentic_public_web,wav,,cc-by-sa-4.0,eval,https://huggingface.co/datasets/mueller91/In-The-Wild,3.896,0,,,,,,,,,,,,0.144537,0.127613,0.0,853.599,407.126,0.087085,0.034072,0.000299,0.11312,223.009,87.723,0.393363
/data/mighty-morphing/audio/public/in_the_wild/release_in_the_wild/release_in_the_wild/13.wav,unknown_public_web,synthetic,in_the_wild,Alec Guinness,en,unknown_public_web,in_the_wild_tts,wav,,cc-by-sa-4.0,eval,https://huggingface.co/datasets/mueller91/In-The-Wild,1.906,0,,,,,,,,,,,,0.11155,0.101176,0.031746,1386.692,2103.698,0.153054,0.127775,0.199379,0.193859,134.824,86.157,0.639033
/data/mighty-morphing/audio/public/in_the_wild/release_in_the_wild/release_in_the_wild/14.wav,in_the_wild,real,in_the_wild,Barack Obama,en,,authentic_public_web,wav,,cc-by-sa-4.0,eval,https://huggingface.co/datasets/mueller91/In-The-Wild,1.598,0,,,,,,,,,,,,0.073161,0.115369,0.613924,1371.787,1038.108,0.421342,0.202386,0.109793,0.206584,248.161,87.364,0.352043
/data/mighty-morphing/audio/public/in_the_wild/release_in_the_wild/release_in_the_wild/15.wav,unknown_public_web,synthetic,in_the_wild,Bernie Sanders,en,unknown_public_web,in_the_wild_tts,wav,,cc-by-sa-4.0,eval,https://huggingface.co/datasets/mueller91/In-The-Wild,6.705,0,,,,,,,,,,,,0.076959,0.076918,0.237668,997.542,1673.749,0.144795,0.151864,0.120657,0.132049,128.695,55.459,0.430934
/data/mighty-morphing/audio/public/in_the_wild/release_in_the_wild/release_in_the_wild/16.wav,unknown_public_web,synthetic,in_the_wild,Winston Churchill,en,unknown_public_web,in_the_wild_tts,wav,,cc-by-sa-4.0,eval,https://huggingface.co/datasets/mueller91/In-The-Wild,3.143,0,,,,,,,,,,,,0.087167,0.096853,0.288462,366.24,133.782,0.027051,0.01074,5e-06,0.050372,154.1,81.35,0.527905
/data/mighty-morphing/audio/public/in_the_wild/release_in_the_wild/release_in_the_wild/17.wav,unknown_public_web,synthetic,in_the_wild,Winston Churchill,en,unknown_public_web,in_the_wild_tts,wav,,cc-by-sa-4.0,eval,https://huggingface.co/datasets/mueller91/In-The-Wild,3.122,0,,,,,,,,,,,,0.097381,0.082484,0.277419,435.664,216.72,0.033721,0.013691,1e-05,0.063293,144.839,34.101,0.235438
/data/mighty-morphing/audio/public/in_the_wild/release_in_the_wild/release_in_the_wild/18.wav,in_the_wild,real,in_the_wild,Donald Trump,en,,authentic_public_web,wav,,cc-by-sa-4.0,eval,https://huggingface.co/datasets/mueller91/In-The-Wild,1.739,0,,,,,,,,,,,,0.121565,0.099757,0.0,668.467,978.89,0.265583,0.14338,0.032494,0.103518,131.325,40.537,0.308681
/data/mighty-morphing/audio/public/in_the_wild/release_in_the_wild/release_in_the_wild/19.wav,unknown_public_web,synthetic,in_the_wild,Bob Ross,en,unknown_public_web,in_the_wild_tts,wav,,cc-by-sa-4.0,eval,https://huggingface.co/datasets/mueller91/In-The-Wild,7.584,0,,,,,,,,,,,,0.067396,0.066094,0.242063,738.18,1343.193,0.082983,0.080693,0.075626,0.109775,120.071,82.721,0.688937
/data/mighty-morphing/audio/public/in_the_wild/release_in_the_wild/release_in_the_wild/20.wav,in_the_wild,real,in_the_wild,Donald Trump,en,,authentic_public_web,wav,,cc-by-sa-4.0,eval,https://huggingface.co/datasets/mueller91/In-The-Wild,1.523,0,,,,,,,,,,,,0.090087,0.082731,0.006667,2237.946,1653.838,0.356997,0.132647,0.239613,0.293672,182.331,64.085,0.351478
/data/mighty-morphing/audio/public/in_the_wild/release_in_the_wild/release_in_the_wild/21.wav,unknown_public_web,synthetic,in_the_wild,Richard Nixon,en,unknown_public_web,in_the_wild_tts,wav,,cc-by-sa-4.0,eval,https://huggingface.co/datasets/mueller91/In-The-Wild,7.302,0,,,,,,,,,,,,0.081571,0.082519,0.260989,516.327,609.375,0.06734,0.082142,0.012665,0.06902,154.064,47.567,0.308746
/data/mighty-morphing/audio/public/in_the_wild/release_in_the_wild/release_in_the_wild/22.wav,in_the_wild,real,in_the_wild,2Pac,en,,authentic_public_web,wav,,cc-by-sa-4.0,eval,https://huggingface.co/datasets/mueller91/In-The-Wild,2.345,0,,,,,,,,,,,,0.077001,0.097982,0.214592,1048.777,1309.272,0.205648,0.117677,0.071917,0.138193,253.737,95.192,0.37516
/data/mighty-morphing/audio/public/in_the_wild/release_in_the_wild/release_in_the_wild/23.wav,in_the_wild,real,in_the_wild,Donald Trump,en,,authentic_public_web,wav,,cc-by-sa-4.0,eval,https://huggingface.co/datasets/mueller91/In-The-Wild,1.56,0,,,,,,,,,,,,0.126639,0.10242,0.0,1093.717,1221.266,0.206423,0.134491,0.05254,0.150125,159.293,27.783,0.174412
/data/mighty-morphing/audio/public/in_the_wild/release_in_the_wild/release_in_the_wild/24.wav,unknown_public_web,synthetic,in_the_wild,Ronald Reagan,en,unknown_public_web,in_the_wild_tts,wav,,cc-by-sa-4.0,eval,https://huggingface.co/datasets/mueller91/In-The-Wild,2.408,0,,,,,,,,,,,,0.109737,0.125653,0.32636,1178.178,1536.703,0.130498,0.17006,0.110978,0.150295,162.25,65.41,0.403142
/data/mighty-morphing/audio/public/in_the_wild/release_in_the_wild/release_in_the_wild/25.wav,unknown_public_web,synthetic,in_the_wild,Ayn Rand,en,unknown_public_web,in_the_wild_tts,wav,,cc-by-sa-4.0,eval,https://huggingface.co/datasets/mueller91/In-The-Wild,14.073,0,,,,,,,,,,,,0.054847,0.056039,0.314591,802.462,565.984,0.066928,0.061094,0.003069,0.107327,189.878,101.051,0.532187
/data/mighty-morphing/audio/public/in_the_wild/release_in_the_wild/release_in_the_wild/26.wav,in_the_wild,real,in_the_wild,JFK,en,,authentic_public_web,wav,,cc-by-sa-4.0,eval,https://huggingface.co/datasets/mueller91/In-The-Wild,3.386,0,,,,,,,,,,,,0.050117,0.063939,0.391691,907.969,735.879,0.251719,0.117988,0.040181,0.126755,176.197,34.779,0.197387
/data/mighty-morphing/audio/public/in_the_wild/release_in_the_wild/release_in_the_wild/27.wav,in_the_wild,real,in_the_wild,Arnold Schwarzenegger,en,,authentic_public_web,wav,,cc-by-sa-4.0,eval,https://huggingface.co/datasets/mueller91/In-The-Wild,2.009,0,,,,,,,,,,,,0.080256,0.085265,0.316583,1490.735,1684.357,0.30988,0.153764,0.16911,0.197587,164.425,47.844,0.290976
/data/mighty-morphing/audio/public/in_the_wild/release_in_the_wild/release_in_the_wild/28.wav,in_the_wild,real,in_the_wild,Nick Offerman,en,,authentic_public_web,wav,,cc-by-sa-4.0,eval,https://huggingface.co/datasets/mueller91/In-The-Wild,1.119,0,,,,,,,,,,,,0.074561,0.059687,0.0,1373.445,777.143,0.543502,0.086179,0.101972,0.220904,138.365,48.773,0.352499
/data/mighty-morphing/audio/public/in_the_wild/release_in_the_wild/release_in_the_wild/29.wav,in_the_wild,real,in_the_wild,Bill Clinton,en,,authentic_public_web,wav,,cc-by-sa-4.0,eval,https://huggingface.co/datasets/mueller91/In-The-Wild,3.325,0,,,,,,,,,,,,0.184974,0.145437,0.145015,403.727,155.193,0.094878,0.057225,0.001872,0.052946,210.231,46.415,0.220778
/data/mighty-morphing/audio/public/in_the_wild/release_in_the_wild/release_in_the_wild/30.wav,in_the_wild,real,in_the_wild,Martin Luther King,en,,authentic_public_web,wav,,cc-by-sa-4.0,eval,https://huggingface.co/datasets/mueller91/In-The-Wild,1.384,0,,,,,,,,,,,,0.164914,0.150793,0.147059,822.881,426.019,0.24573,0.11035,0.010199,0.117026,193.058,58.325,0.302113
/data/mighty-morphing/audio/public/in_the_wild/release_in_the_wild/release_in_the_wild/31.wav,unknown_public_web,synthetic,in_the_wild,Bill Burr,en,unknown_public_web,in_the_wild_tts,wav,,cc-by-sa-4.0,eval,https://huggingface.co/datasets/mueller91/In-The-Wild,14.635,0,,,,,,,,,,,,0.092053,0.089873,0.270862,1220.698,1482.896,0.194375,0.123948,0.1129,0.158889,237.324,39.264,0.165443
/data/mighty-morphing/audio/public/in_the_wild/release_in_the_wild/release_in_the_wild/32.wav,unknown_public_web,synthetic,in_the_wild,Ronald Reagan,en,unknown_public_web,in_the_wild_tts,wav,,cc-by-sa-4.0,eval,https://huggingface.co/datasets/mueller91/In-The-Wild,5.252,0,,,,,,,,,,,,0.130158,0.111322,0.135755,463.838,542.397,0.045481,0.085076,0.010596,0.061816,186.772,109.825,0.588014
/data/mighty-morphing/audio/public/in_the_wild/release_in_the_wild/release_in_the_wild/33.wav,in_the_wild,real,in_the_wild,Bill Clinton,en,,authentic_public_web,wav,,cc-by-sa-4.0,eval,https://huggingface.co/datasets/mueller91/In-The-Wild,4.503,0,,,,,,,,,,,,0.160376,0.123487,0.122768,350.446,107.96,0.077033,0.04819,0.000275,0.044691,197.141,40.253,0.204182
/data/mighty-morphing/audio/public/in_the_wild/release_in_the_wild/release_in_the_wild/34.wav,unknown_public_web,synthetic,in_the_wild,Alec Guinness,en,unknown_public_web,in_the_wild_tts,wav,,cc-by-sa-4.0,eval,https://huggingface.co/datasets/mueller91/In-The-Wild,5.232,0,,,,,,,,,,,,0.128728,0.11346,0.143954,482.641,796.264,0.093436,0.114109,0.02612,0.070346,121.367,37.659,0.310291
/data/mighty-morphing/audio/public/in_the_wild/release_in_the_wild/release_in_the_wild/35.wav,unknown_public_web,synthetic,in_the_wild,Ayn Rand,en,unknown_public_web,in_the_wild_tts,wav,,cc-by-sa-4.0,eval,https://huggingface.co/datasets/mueller91/In-The-Wild,5.804,0,,,,,,,,,,,,0.101302,0.098632,0.288927,638.373,863.638,0.083848,0.097601,0.011681,0.086866,151.199,48.3,0.319445
/data/mighty-morphing/audio/public/in_the_wild/release_in_the_wild/release_in_the_wild/36.wav,in_the_wild,real,in_the_wild,Christopher Hitchens,en,,authentic_public_web,wav,,cc-by-sa-4.0,eval,https://huggingface.co/datasets/mueller91/In-The-Wild,1.932,0,,,,,,,,,,,,0.101602,0.09051,0.062827,1453.14,1886.349,0.280498,0.149175,0.183873,0.18706,144.854,94.348,0.651332
/data/mighty-morphing/audio/public/in_the_wild/release_in_the_wild/release_in_the_wild/37.wav,in_the_wild,real,in_the_wild,Ronald Reagan,en,,authentic_public_web,wav,,cc-by-sa-4.0,eval,https://huggingface.co/datasets/mueller91/In-The-Wild,3.039,0,,,,,,,,,,,,0.152567,0.089272,0.003311,357.628,116.959,0.164328,0.06482,0.002783,0.053105,130.158,20.378,0.156562
/data/mighty-morphing/audio/public/in_the_wild/release_in_the_wild/release_in_the_wild/38.wav,in_the_wild,real,in_the_wild,Barack Obama,en,,authentic_public_web,wav,,cc-by-sa-4.0,eval,https://huggingface.co/datasets/mueller91/In-The-Wild,1.512,0,,,,,,,,,,,,0.0844,0.087673,0.33557,489.105,345.886,0.144223,0.117657,0.01017,0.072087,149.021,64.022,0.429618
/data/mighty-morphing/audio/public/in_the_wild/release_in_the_wild/release_in_the_wild/39.wav,in_the_wild,real,in_the_wild,Christopher Hitchens,en,,authentic_public_web,wav,,cc-by-sa-4.0,eval,https://huggingface.co/datasets/mueller91/In-The-Wild,1.055,0,,,,,,,,,,,,0.104775,0.112388,0.153846,873.407,432.124,0.335443,0.13996,0.029467,0.133169,142.071,102.921,0.724431
/data/mighty-morphing/audio/public/in_the_wild/release_in_the_wild/release_in_the_wild/40.wav,unknown_public_web,synthetic,in_the_wild,Christopher Hitchens,en,unknown_public_web,in_the_wild_tts,wav,,cc-by-sa-4.0,eval,https://huggingface.co/datasets/mueller91/In-The-Wild,1.336,0,,,,,,,,,,,,0.06945,0.091393,0.44697,299.258,119.046,0.134553,0.083336,0.000963,0.050067,121.807,39.928,0.327794
/data/mighty-morphing/audio/public/in_the_wild/release_in_the_wild/release_in_the_wild/41.wav,unknown_public_web,synthetic,in_the_wild,Donald Trump,en,unknown_public_web,in_the_wild_tts,wav,,cc-by-sa-4.0,eval,https://huggingface.co/datasets/mueller91/In-The-Wild,4.639,0,,,,,,,,,,,,0.11719,0.086626,0.112554,518.981,371.476,0.051188,0.059021,0.004965,0.070167,188.853,55.949,0.296258
/data/mighty-morphing/audio/public/in_the_wild/release_in_the_wild/release_in_the_wild/42.wav,unknown_public_web,synthetic,in_the_wild,Bernie Sanders,en,unknown_public_web,in_the_wild_tts,wav,,cc-by-sa-4.0,eval,https://huggingface.co/datasets/mueller91/In-The-Wild,2.86,0,,,,,,,,,,,,0.075721,0.091439,0.302817,1155.163,1809.164,0.14981,0.150915,0.140328,0.151071,156.931,96.36,0.614029
/data/mighty-morphing/audio/public/in_the_wild/release_in_the_wild/release_in_the_wild/43.wav,unknown_public_web,synthetic,in_the_wild,Ayn Rand,en,unknown_public_web,in_the_wild_tts,wav,,cc-by-sa-4.0,eval,https://huggingface.co/datasets/mueller91/In-The-Wild,3.14,0,,,,,,,,,,,,0.051068,0.058729,0.375,1141.184,876.957,0.184114,0.136077,0.018417,0.150611,211.312,120.998,0.572602
/data/mighty-morphing/audio/public/in_the_wild/release_in_the_wild/release_in_the_wild/44.wav,in_the_wild,real,in_the_wild,Bernie Sanders,en,,authentic_public_web,wav,,cc-by-sa-4.0,eval,https://huggingface.co/datasets/mueller91/In-The-Wild,4.027,0,,,,,,,,,,,,0.098466,0.083324,0.177057,741.481,471.046,0.154617,0.096952,0.010249,0.098631,179.065,82.074,0.45835
/data/mighty-morphing/audio/public/in_the_wild/release_in_the_wild/release_in_the_wild/45.wav,in_the_wild,real,in_the_wild,Mark Zuckerberg,en,,authentic_public_web,wav,,cc-by-sa-4.0,eval,https://huggingface.co/datasets/mueller91/In-The-Wild,13.754,0,,,,,,,,,,,,0.067633,0.056837,0.202476,985.068,1275.081,0.194275,0.154335,0.067778,0.128263,175.384,79.501,0.453298
/data/mighty-morphing/audio/public/in_the_wild/release_in_the_wild/release_in_the_wild/46.wav,in_the_wild,real,in_the_wild,Alec Guinness,en,,authentic_public_web,wav,,cc-by-sa-4.0,eval,https://huggingface.co/datasets/mueller91/In-The-Wild,4.574,0,,,,,,,,,,,,0.061033,0.052283,0.197802,383.055,228.458,0.14782,0.070813,0.004536,0.059211,106.529,53.752,0.504581
/data/mighty-morphing/audio/public/in_the_wild/release_in_the_wild/release_in_the_wild/47.wav,unknown_public_web,synthetic,in_the_wild,Alec Guinness,en,unknown_public_web,in_the_wild_tts,wav,,cc-by-sa-4.0,eval,https://huggingface.co/datasets/mueller91/In-The-Wild,5.965,0,,,,,,,,,,,,0.09386,0.081417,0.070588,791.558,1543.402,0.113195,0.12222,0.0957,0.113838,114.439,77.529,0.677469
/data/mighty-morphing/audio/public/in_the_wild/release_in_the_wild/release_in_the_wild/48.wav,in_the_wild,real,in_the_wild,Richard Nixon,en,,authentic_public_web,wav,,cc-by-sa-4.0,eval,https://huggingface.co/datasets/mueller91/In-The-Wild,1.485,0,,,,,,,,,,,,0.043692,0.082483,0.544218,618.56,654.48,0.205197,0.086649,0.023311,0.105606,198.933,134.243,0.674814
/data/mighty-morphing/audio/public/in_the_wild/release_in_the_wild/release_in_the_wild/49.wav,in_the_wild,real,in_the_wild,Barack Obama,en,,authentic_public_web,wav,,cc-by-sa-4.0,eval,https://huggingface.co/datasets/mueller91/In-The-Wild,3.768,0,,,,,,,,,,,,0.135235,0.106563,0.197333,602.668,434.397,0.128633,0.081688,0.011011,0.083282,187.723,49.853,0.265567
/data/mighty-morphing/audio/public/in_the_wild/release_in_the_wild/release_in_the_wild/50.wav,unknown_public_web,synthetic,in_the_wild,George W. Bush,en,unknown_public_web,in_the_wild_tts,wav,,cc-by-sa-4.0,eval,https://huggingface.co/datasets/mueller91/In-The-Wild,2.298,0,,,,,,,,,,,,0.085879,0.056926,0.02193,757.115,1067.64,0.140564,0.148224,0.04034,0.103942,152.257,49.818,0.327198
/data/mighty-morphing/audio/public/in_the_wild/release_in_the_wild/release_in_the_wild/51.wav,in_the_wild,real,in_the_wild,Dave Chappelle,en,,authentic_public_web,wav,,cc-by-sa-4.0,eval,https://huggingface.co/datasets/mueller91/In-The-Wild,2.951,0,,,,,,,,,,,,0.037527,0.039753,0.34471,1448.411,1256.707,0.36458,0.117385,0.144946,0.197335,143.853,69.796,0.48519
/data/mighty-morphing/audio/public/in_the_wild/release_in_the_wild/release_in_the_wild/52.wav,in_the_wild,real,in_the_wild,Bernie Sanders,en,,authentic_public_web,wav,,cc-by-sa-4.0,eval,https://huggingface.co/datasets/mueller91/In-The-Wild,7.833,0,,,,,,,,,,,,0.118531,0.097977,0.15749,699.874,654.123,0.166058,0.104873,0.01966,0.095925,203.879,74.27,0.364285
/data/mighty-morphing/audio/public/in_the_wild/release_in_the_wild/release_in_the_wild/53.wav,in_the_wild,real,in_the_wild,Boris Johnson,en,,authentic_public_web,wav,,cc-by-sa-4.0,eval,https://huggingface.co/datasets/mueller91/In-The-Wild,1.48,0,,,,,,,,,,,,0.067921,0.087546,0.431507,360.644,301.102,0.185903,0.096965,0.002404,0.057644,177.153,131.463,0.742087
/data/mighty-morphing/audio/public/in_the_wild/release_in_the_wild/release_in_the_wild/54.wav,in_the_wild,real,in_the_wild,Martin Luther King,en,,authentic_public_web,wav,,cc-by-sa-4.0,eval,https://huggingface.co/datasets/mueller91/In-The-Wild,1.291,0,,,,,,,,,,,,0.180795,0.13486,0.0,1160.164,956.203,0.285602,0.184522,0.038734,0.158262,139.572,68.044,0.487517
/data/mighty-morphing/audio/public/in_the_wild/release_in_the_wild/release_in_the_wild/55.wav,in_the_wild,real,in_the_wild,Bill Clinton,en,,authentic_public_web,wav,,cc-by-sa-4.0,eval,https://huggingface.co/datasets/mueller91/In-The-Wild,1.521,0,,,,,,,,,,,,0.162289,0.154222,0.166667,495.557,554.04,0.187385,0.104946,0.022597,0.069504,199.755,42.97,0.215115
/data/mighty-morphing/audio/public/in_the_wild/release_in_the_wild/release_in_the_wild/56.wav,in_the_wild,real,in_the_wild,JFK,en,,authentic_public_web,wav,,cc-by-sa-4.0,eval,https://huggingface.co/datasets/mueller91/In-The-Wild,2.192,0,,,,,,,,,,,,0.091392,0.093955,0.285714,754.897,692.91,0.18216,0.075145,0.033708,0.104765,201.928,34.965,0.173158
/data/mighty-morphing/audio/public/in_the_wild/release_in_the_wild/release_in_the_wild/57.wav,unknown_public_web,synthetic,in_the_wild,Alan Watts,en,unknown_public_web,in_the_wild_tts,wav,,cc-by-sa-4.0,eval,https://huggingface.co/datasets/mueller91/In-The-Wild,2.865,0,,,,,,,,,,,,0.057219,0.082591,0.354386,1119.741,1304.985,0.108894,0.09888,0.091403,0.148926,162.006,88.55,0.546584
/data/mighty-morphing/audio/public/in_the_wild/release_in_the_wild/release_in_the_wild/58.wav,in_the_wild,real,in_the_wild,Mark Zuckerberg,en,,authentic_public_web,wav,,cc-by-sa-4.0,eval,https://huggingface.co/datasets/mueller91/In-The-Wild,2.281,0,,,,,,,,,,,,0.115712,0.123746,0.318584,1301.22,1275.178,0.337186,0.182823,0.116764,0.177144,279.11,47.367,0.169708
/data/mighty-morphing/audio/public/in_the_wild/release_in_the_wild/release_in_the_wild/59.wav,unknown_public_web,synthetic,in_the_wild,Louis C.K.,en,unknown_public_web,in_the_wild_tts,wav,,cc-by-sa-4.0,eval,https://huggingface.co/datasets/mueller91/In-The-Wild,11.574,0,,,,,,,,,,,,0.090901,0.06563,0.129004,431.589,164.746,0.081317,0.069503,0.002616,0.057527,216.659,79.11,0.365134
/data/mighty-morphing/audio/public/in_the_wild/release_in_the_wild/release_in_the_wild/60.wav,unknown_public_web,synthetic,in_the_wild,The Notorious B.I.G.,en,unknown_public_web,in_the_wild_tts,wav,,cc-by-sa-4.0,eval,https://huggingface.co/datasets/mueller91/In-The-Wild,1.93,0,,,,,,,,,,,,0.185296,0.108445,0.031414,431.765,181.424,0.073485,0.05511,0.000711,0.061707,225.168,22.522,0.100025
/data/mighty-morphing/audio/public/in_the_wild/release_in_the_wild/release_in_the_wild/61.wav,unknown_public_web,synthetic,in_the_wild,Alec Guinness,en,unknown_public_web,in_the_wild_tts,wav,,cc-by-sa-4.0,eval,https://huggingface.co/datasets/mueller91/In-The-Wild,7.042,0,,,,,,,,,,,,0.084146,0.062128,0.133903,726.193,1331.662,0.104607,0.105831,0.066928,0.098277,104.963,42.705,0.406858
/data/mighty-morphing/audio/public/in_the_wild/release_in_the_wild/release_in_the_wild/62.wav,unknown_public_web,synthetic,in_the_wild,Ronald Reagan,en,unknown_public_web,in_the_wild_tts,wav,,cc-by-sa-4.0,eval,https://huggingface.co/datasets/mueller91/In-The-Wild,3.038,0,,,,,,,,,,,,0.107339,0.092923,0.241722,435.264,105.537,0.019978,0.029586,0.000106,0.056672,211.889,133.869,0.631789
/data/mighty-morphing/audio/public/in_the_wild/release_in_the_wild/release_in_the_wild/63.wav,unknown_public_web,synthetic,in_the_wild,Ayn Rand,en,unknown_public_web,in_the_wild_tts,wav,,cc-by-sa-4.0,eval,https://huggingface.co/datasets/mueller91/In-The-Wild,4.849,0,,,,,,,,,,,,0.055364,0.06393,0.320911,1375.174,1420.64,0.20316,0.184267,0.100401,0.180842,217.92,122.564,0.562427
/data/mighty-morphing/audio/public/in_the_wild/release_in_the_wild/release_in_the_wild/64.wav,in_the_wild,real,in_the_wild,Ayn Rand,en,,authentic_public_web,wav,,cc-by-sa-4.0,eval,https://huggingface.co/datasets/mueller91/In-The-Wild,4.328,0,,,,,,,,,,,,0.183658,0.142262,0.071926,742.534,917.653,0.111483,0.10236,0.030537,0.101719,155.054,70.0,0.451452
/data/mighty-morphing/audio/public/in_the_wild/release_in_the_wild/release_in_the_wild/65.wav,unknown_public_web,synthetic,in_the_wild,Mark Zuckerberg,en,unknown_public_web,in_the_wild_tts,wav,,cc-by-sa-4.0,eval,https://huggingface.co/datasets/mueller91/In-The-Wild,7.876,0,,,,,,,,,,,,0.08581,0.072841,0.180662,888.852,1315.364,0.10326,0.145154,0.063641,0.113066,173.234,61.917,0.357419
/data/mighty-morphing/audio/public/in_the_wild/release_in_the_wild/release_in_the_wild/66.wav,in_the_wild,real,in_the_wild,Barack Obama,en,,authentic_public_web,wav,,cc-by-sa-4.0,eval,https://huggingface.co/datasets/mueller91/In-The-Wild,1.51,0,,,,,,,,,,,,0.107414,0.046533,0.0,852.389,537.513,0.464941,0.101034,0.036655,0.151771,203.354,112.187,0.551684
/data/mighty-morphing/audio/public/in_the_wild/release_in_the_wild/release_in_the_wild/67.wav,in_the_wild,real,in_the_wild,Bernie Sanders,en,,authentic_public_web,wav,,cc-by-sa-4.0,eval,https://huggingface.co/datasets/mueller91/In-The-Wild,3.761,0,,,,,,,,,,,,0.097347,0.079733,0.184492,923.731,1008.321,0.222183,0.112192,0.049481,0.124643,206.3,50.495,0.244763
/data/mighty-morphing/audio/public/in_the_wild/release_in_the_wild/release_in_the_wild/68.wav,unknown_public_web,synthetic,in_the_wild,Bernie Sanders,en,unknown_public_web,in_the_wild_tts,wav,,cc-by-sa-4.0,eval,https://huggingface.co/datasets/mueller91/In-The-Wild,1.745,0,,,,,,,,,,,,0.088234,0.092214,0.242775,900.166,1416.964,0.133893,0.170683,0.102117,0.117392,124.132,46.753,0.37664
/data/mighty-morphing/audio/public/in_the_wild/release_in_the_wild/release_in_the_wild/69.wav,unknown_public_web,synthetic,in_the_wild,Bernie Sanders,en,unknown_public_web,in_the_wild_tts,wav,,cc-by-sa-4.0,eval,https://huggingface.co/datasets/mueller91/In-The-Wild,5.116,0,,,,,,,,,,,,0.094325,0.09465,0.258824,1503.416,2124.618,0.177179,0.182887,0.211779,0.193406,132.764,60.085,0.45257
/data/mighty-morphing/audio/public/in_the_wild/release_in_the_wild/release_in_the_wild/70.wav,in_the_wild,real,in_the_wild,Alan Watts,en,,authentic_public_web,wav,,cc-by-sa-4.0,eval,https://huggingface.co/datasets/mueller91/In-The-Wild,1.935,0,,,,,,,,,,,,0.09118,0.115598,0.458333,808.606,1126.805,0.133122,0.102782,0.079702,0.111138,166.79,100.153,0.60047
/data/mighty-morphing/audio/public/in_the_wild/release_in_the_wild/release_in_the_wild/71.wav,in_the_wild,real,in_the_wild,Jimmy Carter,en,,authentic_public_web,wav,,cc-by-sa-4.0,eval,https://huggingface.co/datasets/mueller91/In-The-Wild,3.173,0,,,,,,,,,,,,0.125714,0.118709,0.234921,880.271,971.418,0.210875,0.139214,0.051865,0.124788,198.189,54.812,0.276562
/data/mighty-morphing/audio/public/in_the_wild/release_in_the_wild/release_in_the_wild/72.wav,in_the_wild,real,in_the_wild,Barack Obama,en,,authentic_public_web,wav,,cc-by-sa-4.0,eval,https://huggingface.co/datasets/mueller91/In-The-Wild,6.698,0,,,,,,,,,,,,0.082483,0.094895,0.290419,1169.837,1563.871,0.221655,0.160393,0.112848,0.146784,192.118,54.288,0.282573
/data/mighty-morphing/audio/public/in_the_wild/release_in_the_wild/release_in_the_wild/73.wav,in_the_wild,real,in_the_wild,Bill Clinton,en,,authentic_public_web,wav,,cc-by-sa-4.0,eval,https://huggingface.co/datasets/mueller91/In-The-Wild,1.176,0,,,,,,,,,,,,0.082596,0.13873,0.387931,328.622,108.48,0.126675,0.089266,0.000946,0.047118,189.083,58.008,0.306787
/data/mighty-morphing/audio/public/in_the_wild/release_in_the_wild/release_in_the_wild/74.wav,in_the_wild,real,in_the_wild,Christopher Hitchens,en,,authentic_public_web,wav,,cc-by-sa-4.0,eval,https://huggingface.co/datasets/mueller91/In-The-Wild,1.82,0,,,,,,,,,,,,0.072729,0.064775,0.105556,947.894,846.162,0.256452,0.125608,0.024673,0.131054,253.059,142.652,0.563711
/data/mighty-morphing/audio/public/in_the_wild/release_in_the_wild/release_in_the_wild/75.wav,in_the_wild,real,in_the_wild,Winston Churchill,en,,authentic_public_web,wav,,cc-by-sa-4.0,eval,https://huggingface.co/datasets/mueller91/In-The-Wild,1.906,0,,,,,,,,,,,,0.083637,0.099133,0.132275,475.071,238.713,0.23929,0.098159,0.007492,0.080934,152.724,88.891,0.582041
/data/mighty-morphing/audio/public/in_the_wild/release_in_the_wild/release_in_the_wild/76.wav,unknown_public_web,synthetic,in_the_wild,Bill Clinton,en,unknown_public_web,in_the_wild_tts,wav,,cc-by-sa-4.0,eval,https://huggingface.co/datasets/mueller91/In-The-Wild,2.881,0,,,,,,,,,,,,0.099802,0.082188,0.185315,1167.609,1616.953,0.17065,0.195554,0.133309,0.153367,176.669,50.21,0.284201
/data/mighty-morphing/audio/public/in_the_wild/release_in_the_wild/release_in_the_wild/77.wav,in_the_wild,real,in_the_wild,Alec Guinness,en,,authentic_public_web,wav,,cc-by-sa-4.0,eval,https://huggingface.co/datasets/mueller91/In-The-Wild,1.227,0,,,,,,,,,,,,0.053683,0.052509,0.190083,1242.371,1404.387,0.380123,0.091621,0.154935,0.191247,160.427,90.5,0.564124
/data/mighty-morphing/audio/public/in_the_wild/release_in_the_wild/release_in_the_wild/78.wav,in_the_wild,real,in_the_wild,Dwight Eisenhower,en,,authentic_public_web,wav,,cc-by-sa-4.0,eval,https://huggingface.co/datasets/mueller91/In-The-Wild,1.822,0,,,,,,,,,,,,0.098526,0.134657,0.005556,499.375,182.995,0.091256,0.045585,0.001138,0.078273,214.796,67.649,0.314946
/data/mighty-morphing/audio/public/in_the_wild/release_in_the_wild/release_in_the_wild/79.wav,unknown_public_web,synthetic,in_the_wild,2Pac,en,unknown_public_web,in_the_wild_tts,wav,,cc-by-sa-4.0,eval,https://huggingface.co/datasets/mueller91/In-The-Wild,2.35,0,,,,,,,,,,,,0.113112,0.107809,0.180258,627.923,656.472,0.164409,0.083735,0.016973,0.084831,240.477,38.509,0.160138
/data/mighty-morphing/audio/public/in_the_wild/release_in_the_wild/release_in_the_wild/80.wav,in_the_wild,real,in_the_wild,Donald Trump,en,,authentic_public_web,wav,,cc-by-sa-4.0,eval,https://huggingface.co/datasets/mueller91/In-The-Wild,5.366,0,,,,,,,,,,,,0.095476,0.098478,0.171963,662.733,779.139,0.149799,0.11801,0.024195,0.09029,188.263,41.537,0.220634
/data/mighty-morphing/audio/public/in_the_wild/release_in_the_wild/release_in_the_wild/81.wav,unknown_public_web,synthetic,in_the_wild,Bernie Sanders,en,unknown_public_web,in_the_wild_tts,wav,,cc-by-sa-4.0,eval,https://huggingface.co/datasets/mueller91/In-The-Wild,1.918,0,,,,,,,,,,,,0.089712,0.09418,0.284211,1341.366,2151.055,0.130265,0.147286,0.179307,0.167329,156.468,92.27,0.589701
/data/mighty-morphing/audio/public/in_the_wild/release_in_the_wild/release_in_the_wild/82.wav,in_the_wild,real,in_the_wild,Alec Guinness,en,,authentic_public_web,wav,,cc-by-sa-4.0,eval,https://huggingface.co/datasets/mueller91/In-The-Wild,9.57,0,,,,,,,,,,,,0.104996,0.06772,0.034555,1238.242,859.532,0.396485,0.0873,0.062013,0.178086,229.018,111.652,0.487525
/data/mighty-morphing/audio/public/in_the_wild/release_in_the_wild/release_in_the_wild/83.wav,in_the_wild,real,in_the_wild,Bill Clinton,en,,authentic_public_web,wav,,cc-by-sa-4.0,eval,https://huggingface.co/datasets/mueller91/In-The-Wild,2.511,0,,,,,,,,,,,,0.137267,0.102416,0.100402,393.878,360.203,0.146855,0.093816,0.013105,0.053776,166.148,17.58,0.105811
/data/mighty-morphing/audio/public/in_the_wild/release_in_the_wild/release_in_the_wild/84.wav,in_the_wild,real,in_the_wild,Bernie Sanders,en,,authentic_public_web,wav,,cc-by-sa-4.0,eval,https://huggingface.co/datasets/mueller91/In-The-Wild,2.666,0,,,,,,,,,,,,0.151663,0.150516,0.09434,1079.688,1210.544,0.271824,0.14344,0.092447,0.156248,217.021,70.05,0.322782
/data/mighty-morphing/audio/public/in_the_wild/release_in_the_wild/release_in_the_wild/85.wav,in_the_wild,real,in_the_wild,Bernie Sanders,en,,authentic_public_web,wav,,cc-by-sa-4.0,eval,https://huggingface.co/datasets/mueller91/In-The-Wild,7.641,0,,,,,,,,,,,,0.118608,0.092443,0.164042,630.726,389.261,0.140251,0.076163,0.005865,0.087208,208.566,68.942,0.330551
/data/mighty-morphing/audio/public/in_the_wild/release_in_the_wild/release_in_the_wild/86.wav,in_the_wild,real,in_the_wild,Alec Guinness,en,,authentic_public_web,wav,,cc-by-sa-4.0,eval,https://huggingface.co/datasets/mueller91/In-The-Wild,1.599,0,,,,,,,,,,,,0.10524,0.099443,0.322785,795.294,1199.617,0.183011,0.156935,0.0576,0.112806,108.872,53.939,0.495432
/data/mighty-morphing/audio/public/in_the_wild/release_in_the_wild/release_in_the_wild/87.wav,in_the_wild,real,in_the_wild,Alec Guinness,en,,authentic_public_web,wav,,cc-by-sa-4.0,eval,https://huggingface.co/datasets/mueller91/In-The-Wild,2.894,0,,,,,,,,,,,,0.073357,0.054014,0.174216,403.937,208.038,0.129887,0.037001,0.000529,0.056822,80.394,12.152,0.151155
/data/mighty-morphing/audio/public/in_the_wild/release_in_the_wild/release_in_the_wild/88.wav,in_the_wild,real,in_the_wild,Ronald Reagan,en,,authentic_public_web,wav,,cc-by-sa-4.0,eval,https://huggingface.co/datasets/mueller91/In-The-Wild,2.311,0,,,,,,,,,,,,0.102155,0.098606,0.231441,365.533,368.382,0.093429,0.114376,0.009653,0.054179,150.052,72.815,0.485262
/data/mighty-morphing/audio/public/in_the_wild/release_in_the_wild/release_in_the_wild/89.wav,in_the_wild,real,in_the_wild,Barack Obama,en,,authentic_public_web,wav,,cc-by-sa-4.0,eval,https://huggingface.co/datasets/mueller91/In-The-Wild,4.107,0,,,,,,,,,,,,0.12591,0.127021,0.212714,839.937,993.163,0.16514,0.134398,0.051143,0.11281,187.706,60.303,0.321265
/data/mighty-morphing/audio/public/in_the_wild/release_in_the_wild/release_in_the_wild/90.wav,in_the_wild,real,in_the_wild,Donald Trump,en,,authentic_public_web,wav,,cc-by-sa-4.0,eval,https://huggingface.co/datasets/mueller91/In-The-Wild,3.169,0,,,,,,,,,,,,0.119797,0.086237,0.142857,1341.361,1385.598,0.276695,0.133851,0.096397,0.179534,192.482,28.08,0.145882
/data/mighty-morphing/audio/public/in_the_wild/release_in_the_wild/release_in_the_wild/91.wav,unknown_public_web,synthetic,in_the_wild,Bill Clinton,en,unknown_public_web,in_the_wild_tts,wav,,cc-by-sa-4.0,eval,https://huggingface.co/datasets/mueller91/In-The-Wild,2.8,0,,,,,,,,,,,,0.166786,0.125793,0.136691,556.948,696.617,0.073533,0.101897,0.018195,0.076213,197.559,21.716,0.109923
/data/mighty-morphing/audio/public/in_the_wild/release_in_the_wild/release_in_the_wild/92.wav,unknown_public_web,synthetic,in_the_wild,Mitch Hedberg,en,unknown_public_web,in_the_wild_tts,wav,,cc-by-sa-4.0,eval,https://huggingface.co/datasets/mueller91/In-The-Wild,2.536,0,,,,,,,,,,,,0.143682,0.093647,0.186508,810.314,1214.613,0.090672,0.057176,0.049518,0.102635,195.666,16.08,0.082179
/data/mighty-morphing/audio/public/in_the_wild/release_in_the_wild/release_in_the_wild/93.wav,in_the_wild,real,in_the_wild,Ayn Rand,en,,authentic_public_web,wav,,cc-by-sa-4.0,eval,https://huggingface.co/datasets/mueller91/In-The-Wild,2.148,0,,,,,,,,,,,,0.166369,0.149889,0.0,341.493,199.344,0.082444,0.059311,0.000306,0.049108,256.041,145.753,0.569255
/data/mighty-morphing/audio/public/in_the_wild/release_in_the_wild/release_in_the_wild/94.wav,in_the_wild,real,in_the_wild,Barack Obama,en,,authentic_public_web,wav,,cc-by-sa-4.0,eval,https://huggingface.co/datasets/mueller91/In-The-Wild,3.23,0,,,,,,,,,,,,0.119307,0.123073,0.196262,1309.257,1646.202,0.2084,0.162615,0.164835,0.174029,170.786,78.844,0.461652
/data/mighty-morphing/audio/public/in_the_wild/release_in_the_wild/release_in_the_wild/95.wav,in_the_wild,real,in_the_wild,Bill Clinton,en,,authentic_public_web,wav,,cc-by-sa-4.0,eval,https://huggingface.co/datasets/mueller91/In-The-Wild,3.371,0,,,,,,,,,,,,0.214086,0.155568,0.146269,372.541,103.23,0.093277,0.051989,0.000662,0.047171,199.74,35.784,0.179153
/data/mighty-morphing/audio/public/in_the_wild/release_in_the_wild/release_in_the_wild/96.wav,in_the_wild,real,in_the_wild,Alec Guinness,en,,authentic_public_web,wav,,cc-by-sa-4.0,eval,https://huggingface.co/datasets/mueller91/In-The-Wild,1.28,0,,,,,,,,,,,,0.08482,0.07318,0.087302,1700.764,1732.571,0.311037,0.120567,0.223101,0.226542,158.626,126.887,0.799911
/data/mighty-morphing/audio/public/in_the_wild/release_in_the_wild/release_in_the_wild/97.wav,in_the_wild,real,in_the_wild,Barack Obama,en,,authentic_public_web,wav,,cc-by-sa-4.0,eval,https://huggingface.co/datasets/mueller91/In-The-Wild,5.092,0,,,,,,,,,,,,0.104397,0.093744,0.224852,656.224,814.675,0.147506,0.107152,0.02779,0.08887,187.211,66.434,0.354859
/data/mighty-morphing/audio/public/in_the_wild/release_in_the_wild/release_in_the_wild/98.wav,in_the_wild,real,in_the_wild,Bernie Sanders,en,,authentic_public_web,wav,,cc-by-sa-4.0,eval,https://huggingface.co/datasets/mueller91/In-The-Wild,13.758,0,,,,,,,,,,,,0.079132,0.04679,0.031295,1804.663,415.313,0.492133,0.114964,0.065,0.245982,261.364,87.334,0.334146
/data/mighty-morphing/audio/public/in_the_wild/release_in_the_wild/release_in_the_wild/99.wav,in_the_wild,real,in_the_wild,Bill Burr,en,,authentic_public_web,wav,,cc-by-sa-4.0,eval,https://huggingface.co/datasets/mueller91/In-The-Wild,1.984,0,,,,,,,,,,,,0.134401,0.125861,0.403061,467.231,251.668,0.153588,0.065939,0.004325,0.063485,153.956,75.411,0.489822
/data/mighty-morphing/audio/public/in_the_wild/release_in_the_wild/release_in_the_wild/100.wav,in_the_wild,real,in_the_wild,Alexandria Ocasio-Cortez,en,,authentic_public_web,wav,,cc-by-sa-4.0,eval,https://huggingface.co/datasets/mueller91/In-The-Wild,2.884,0,,,,,,,,,,,,0.11365,0.077025,0.0,677.122,338.346,0.172019,0.116036,0.009951,0.091977,210.484,56.164,0.266831
/data/mighty-morphing/audio/public/in_the_wild/release_in_the_wild/release_in_the_wild/101.wav,unknown_public_web,synthetic,in_the_wild,Christopher Hitchens,en,unknown_public_web,in_the_wild_tts,wav,,cc-by-sa-4.0,eval,https://huggingface.co/datasets/mueller91/In-The-Wild,1.91,0,,,,,,,,,,,,0.129661,0.112481,0.216931,559.92,1243.173,0.08521,0.134488,0.050931,0.07148,125.042,43.049,0.344272
/data/mighty-morphing/audio/public/in_the_wild/release_in_the_wild/release_in_the_wild/102.wav,in_the_wild,real,in_the_wild,Milton Friedman,en,,authentic_public_web,wav,,cc-by-sa-4.0,eval,https://huggingface.co/datasets/mueller91/In-The-Wild,4.773,0,,,,,,,,,,,,0.132547,0.128558,0.155789,397.746,160.614,0.11405,0.105875,0.003548,0.053402,205.135,43.656,0.212813
/data/mighty-morphing/audio/public/in_the_wild/release_in_the_wild/release_in_the_wild/103.wav,unknown_public_web,synthetic,in_the_wild,Bernie Sanders,en,unknown_public_web,in_the_wild_tts,wav,,cc-by-sa-4.0,eval,https://huggingface.co/datasets/mueller91/In-The-Wild,7.609,0,,,,,,,,,,,,0.08106,0.077843,0.213439,899.253,1474.127,0.134378,0.159338,0.090718,0.118618,133.386,32.86,0.246349
/data/mighty-morphing/audio/public/in_the_wild/release_in_the_wild/release_in_the_wild/104.wav,in_the_wild,real,in_the_wild,Bernie Sanders,en,,authentic_public_web,wav,,cc-by-sa-4.0,eval,https://huggingface.co/datasets/mueller91/In-The-Wild,3.441,0,,,,,,,,,,,,0.124558,0.103044,0.178363,559.102,620.025,0.160128,0.115647,0.018789,0.075188,180.905,101.167,0.559227
/data/mighty-morphing/audio/public/in_the_wild/release_in_the_wild/release_in_the_wild/105.wav,in_the_wild,real,in_the_wild,Christopher Hitchens,en,,authentic_public_web,wav,,cc-by-sa-4.0,eval,https://huggingface.co/datasets/mueller91/In-The-Wild,2.903,0,,,,,,,,,,,,0.1163,0.097471,0.236111,1054.185,1378.866,0.281881,0.125689,0.097082,0.144787,164.494,74.873,0.45517
/data/mighty-morphing/audio/public/in_the_wild/release_in_the_wild/release_in_the_wild/106.wav,in_the_wild,real,in_the_wild,FDR,en,,authentic_public_web,wav,,cc-by-sa-4.0,eval,https://huggingface.co/datasets/mueller91/In-The-Wild,5.052,0,,,,,,,,,,,,0.187197,0.115888,0.0,1056.913,322.787,0.027905,0.00695,1e-06,0.146145,229.828,82.336,0.358253
/data/mighty-morphing/audio/public/in_the_wild/release_in_the_wild/release_in_the_wild/107.wav,unknown_public_web,synthetic,in_the_wild,Alec Guinness,en,unknown_public_web,in_the_wild_tts,wav,,cc-by-sa-4.0,eval,https://huggingface.co/datasets/mueller91/In-The-Wild,5.363,0,,,,,,,,,,,,0.062116,0.0482,0.138577,919.95,1560.939,0.133631,0.120306,0.1007,0.131532,119.297,91.566,0.767549
/data/mighty-morphing/audio/public/in_the_wild/release_in_the_wild/release_in_the_wild/108.wav,in_the_wild,real,in_the_wild,Donald Trump,en,,authentic_public_web,wav,,cc-by-sa-4.0,eval,https://huggingface.co/datasets/mueller91/In-The-Wild,1.723,0,,,,,,,,,,,,0.096969,0.125386,0.329412,771.385,887.692,0.213163,0.158259,0.02955,0.102233,126.651,23.421,0.184922
/data/mighty-morphing/audio/public/in_the_wild/release_in_the_wild/release_in_the_wild/109.wav,in_the_wild,real,in_the_wild,Arnold Schwarzenegger,en,,authentic_public_web,wav,,cc-by-sa-4.0,eval,https://huggingface.co/datasets/mueller91/In-The-Wild,1.972,0,,,,,,,,,,,,0.114546,0.099538,0.123077,629.785,239.705,0.213345,0.0779,0.003905,0.085035,184.551,54.319,0.294328
/data/mighty-morphing/audio/public/in_the_wild/release_in_the_wild/release_in_the_wild/110.wav,unknown_public_web,synthetic,in_the_wild,Milton Friedman,en,unknown_public_web,in_the_wild_tts,wav,,cc-by-sa-4.0,eval,https://huggingface.co/datasets/mueller91/In-The-Wild,3.397,0,,,,,,,,,,,,0.127629,0.107056,0.221893,462.999,152.534,0.020795,0.00708,2e-06,0.062053,176.045,31.277,0.177667
/data/mighty-morphing/audio/public/in_the_wild/release_in_the_wild/release_in_the_wild/111.wav,in_the_wild,real,in_the_wild,Barack Obama,en,,authentic_public_web,wav,,cc-by-sa-4.0,eval,https://huggingface.co/datasets/mueller91/In-The-Wild,2.628,0,,,,,,,,,,,,0.120159,0.122277,0.306513,1050.591,1332.59,0.243267,0.142145,0.068846,0.135768,158.818,81.256,0.511628
/data/mighty-morphing/audio/public/in_the_wild/release_in_the_wild/release_in_the_wild/112.wav,in_the_wild,real,in_the_wild,Barack Obama,en,,authentic_public_web,wav,,cc-by-sa-4.0,eval,https://huggingface.co/datasets/mueller91/In-The-Wild,4.055,0,,,,,,,,,,,,0.063802,0.084734,0.425743,924.35,1251.183,0.243514,0.158726,0.074363,0.119564,184.399,72.534,0.393352
/data/mighty-morphing/audio/public/in_the_wild/release_in_the_wild/release_in_the_wild/113.wav,in_the_wild,real,in_the_wild,Donald Trump,en,,authentic_public_web,wav,,cc-by-sa-4.0,eval,https://huggingface.co/datasets/mueller91/In-The-Wild,15.277,0,,,,,,,,,,,,0.11497,0.08994,0.125164,802.791,498.714,0.174492,0.090557,0.009657,0.107901,221.23,56.029,0.253263
/data/mighty-morphing/audio/public/in_the_wild/release_in_the_wild/release_in_the_wild/114.wav,unknown_public_web,synthetic,in_the_wild,Ayn Rand,en,unknown_public_web,in_the_wild_tts,wav,,cc-by-sa-4.0,eval,https://huggingface.co/datasets/mueller91/In-The-Wild,1.523,0,,,,,,,,,,,,0.092908,0.094639,0.36,705.184,314.781,0.072766,0.094009,0.004432,0.099501,171.301,98.199,0.573251
/data/mighty-morphing/audio/public/in_the_wild/release_in_the_wild/release_in_the_wild/115.wav,in_the_wild,real,in_the_wild,Bill Clinton,en,,authentic_public_web,wav,,cc-by-sa-4.0,eval,https://huggingface.co/datasets/mueller91/In-The-Wild,1.215,0,,,,,,,,,,,,0.133896,0.177166,0.308333,939.532,1364.558,0.163121,0.165343,0.086501,0.113842,239.543,37.556,0.156784
/data/mighty-morphing/audio/public/in_the_wild/release_in_the_wild/release_in_the_wild/116.wav,unknown_public_web,synthetic,in_the_wild,FDR,en,unknown_public_web,in_the_wild_tts,wav,,cc-by-sa-4.0,eval,https://huggingface.co/datasets/mueller91/In-The-Wild,4.979,0,,,,,,,,,,,,0.049632,0.065852,0.471774,1069.547,512.841,0.086968,0.029824,0.006602,0.146072,184.363,47.572,0.258035
/data/mighty-morphing/audio/public/in_the_wild/release_in_the_wild/release_in_the_wild/117.wav,unknown_public_web,synthetic,in_the_wild,Alan Watts,en,unknown_public_web,in_the_wild_tts,wav,,cc-by-sa-4.0,eval,https://huggingface.co/datasets/mueller91/In-The-Wild,1.249,0,,,,,,,,,,,,0.029151,0.05733,0.577236,1169.036,1077.669,0.137052,0.122568,0.077157,0.163503,272.135,139.895,0.514067
/data/mighty-morphing/audio/public/in_the_wild/release_in_the_wild/release_in_the_wild/118.wav,unknown_public_web,synthetic,in_the_wild,Bernie Sanders,en,unknown_public_web,in_the_wild_tts,wav,,cc-by-sa-4.0,eval,https://huggingface.co/datasets/mueller91/In-The-Wild,3.062,0,,,,,,,,,,,,0.076057,0.074701,0.184211,1045.474,1754.595,0.132149,0.163613,0.127634,0.138799,140.29,52.694,0.375607
/data/mighty-morphing/audio/public/in_the_wild/release_in_the_wild/release_in_the_wild/119.wav,in_the_wild,real,in_the_wild,Barack Obama,en,,authentic_public_web,wav,,cc-by-sa-4.0,eval,https://huggingface.co/datasets/mueller91/In-The-Wild,4.667,0,,,,,,,,,,,,0.098515,0.110986,0.303226,998.079,1368.515,0.184905,0.170922,0.074512,0.129977,183.544,97.809,0.532893
/data/mighty-morphing/audio/public/in_the_wild/release_in_the_wild/release_in_the_wild/120.wav,in_the_wild,real,in_the_wild,Barack Obama,en,,authentic_public_web,wav,,cc-by-sa-4.0,eval,https://huggingface.co/datasets/mueller91/In-The-Wild,2.234,0,,,,,,,,,,,,0.052333,0.091818,0.538462,408.424,178.066,0.143582,0.067912,0.000828,0.057276,175.217,74.943,0.427715
/data/mighty-morphing/audio/public/in_the_wild/release_in_the_wild/release_in_the_wild/121.wav,in_the_wild,real,in_the_wild,Ayn Rand,en,,authentic_public_web,wav,,cc-by-sa-4.0,eval,https://huggingface.co/datasets/mueller91/In-The-Wild,1.267,0,,,,,,,,,,,,0.18334,0.186679,0.0,299.157,155.048,0.061891,0.051854,8.7e-05,0.038584,260.223,113.762,0.437171
/data/mighty-morphing/audio/public/in_the_wild/release_in_the_wild/release_in_the_wild/122.wav,unknown_public_web,synthetic,in_the_wild,FDR,en,unknown_public_web,in_the_wild_tts,wav,,cc-by-sa-4.0,eval,https://huggingface.co/datasets/mueller91/In-The-Wild,2.709,0,,,,,,,,,,,,0.124773,0.116637,0.249071,1005.502,540.084,0.47646,0.120524,0.061764,0.170541,231.553,117.846,0.508935
/data/mighty-morphing/audio/public/in_the_wild/release_in_the_wild/release_in_the_wild/123.wav,in_the_wild,real,in_the_wild,Donald Trump,en,,authentic_public_web,wav,,cc-by-sa-4.0,eval,https://huggingface.co/datasets/mueller91/In-The-Wild,1.869,0,,,,,,,,,,,,0.07123,0.077636,0.259459,744.51,685.074,0.191559,0.135287,0.023419,0.100334,185.361,43.316,0.233683
/data/mighty-morphing/audio/public/in_the_wild/release_in_the_wild/release_in_the_wild/124.wav,in_the_wild,real,in_the_wild,Barack Obama,en,,authentic_public_web,wav,,cc-by-sa-4.0,eval,https://huggingface.co/datasets/mueller91/In-The-Wild,2.889,0,,,,,,,,,,,,0.081263,0.10907,0.372822,1083.483,1351.42,0.214015,0.178036,0.110577,0.149743,178.349,57.522,0.322525
/data/mighty-morphing/audio/public/in_the_wild/release_in_the_wild/release_in_the_wild/125.wav,in_the_wild,real,in_the_wild,Donald Trump,en,,authentic_public_web,wav,,cc-by-sa-4.0,eval,https://huggingface.co/datasets/mueller91/In-The-Wild,1.39,0,,,,,,,,,,,,0.116684,0.115667,0.0,378.121,146.917,0.126933,0.051261,0.000427,0.049618,140.477,12.885,0.09172
/data/mighty-morphing/audio/public/in_the_wild/release_in_the_wild/release_in_the_wild/126.wav,unknown_public_web,synthetic,in_the_wild,Mitch Hedberg,en,unknown_public_web,in_the_wild_tts,wav,,cc-by-sa-4.0,eval,https://huggingface.co/datasets/mueller91/In-The-Wild,11.881,0,,,,,,,,,,,,0.098638,0.067284,0.109612,682.316,646.291,0.10901,0.067805,0.015836,0.098316,208.786,31.292,0.149877
/data/mighty-morphing/audio/public/in_the_wild/release_in_the_wild/release_in_the_wild/127.wav,unknown_public_web,synthetic,in_the_wild,George W. Bush,en,unknown_public_web,in_the_wild_tts,wav,,cc-by-sa-4.0,eval,https://huggingface.co/datasets/mueller91/In-The-Wild,5.235,0,,,,,,,,,,,,0.084677,0.071096,0.143678,652.703,602.167,0.079231,0.099279,0.009796,0.090728,158.772,57.416,0.361625
/data/mighty-morphing/audio/public/in_the_wild/release_in_the_wild/release_in_the_wild/128.wav,unknown_public_web,synthetic,in_the_wild,Alan Watts,en,unknown_public_web,in_the_wild_tts,wav,,cc-by-sa-4.0,eval,https://huggingface.co/datasets/mueller91/In-The-Wild,4.469,0,,,,,,,,,,,,0.058787,0.06611,0.247191,779.191,915.277,0.117916,0.105892,0.054392,0.110189,190.693,90.504,0.474603
/data/mighty-morphing/audio/public/in_the_wild/release_in_the_wild/release_in_the_wild/129.wav,in_the_wild,real,in_the_wild,Milton Friedman,en,,authentic_public_web,wav,,cc-by-sa-4.0,eval,https://huggingface.co/datasets/mueller91/In-The-Wild,6.199,0,,,,,,,,,,,,0.138548,0.132855,0.203883,564.694,766.759,0.141866,0.131256,0.026868,0.07636,186.124,50.277,0.270126
/data/mighty-morphing/audio/public/in_the_wild/release_in_the_wild/release_in_the_wild/130.wav,in_the_wild,real,in_the_wild,Bernie Sanders,en,,authentic_public_web,wav,,cc-by-sa-4.0,eval,https://huggingface.co/datasets/mueller91/In-The-Wild,1.583,0,,,,,,,,,,,,0.096479,0.128909,0.448718,631.963,219.594,0.203636,0.063289,0.00269,0.083625,199.451,53.512,0.268298
/data/mighty-morphing/audio/public/in_the_wild/release_in_the_wild/release_in_the_wild/131.wav,in_the_wild,real,in_the_wild,Bill Clinton,en,,authentic_public_web,wav,,cc-by-sa-4.0,eval,https://huggingface.co/datasets/mueller91/In-The-Wild,2.803,0,,,,,,,,,,,,0.140635,0.114353,0.18705,390.718,121.074,0.087335,0.060223,0.000804,0.049613,175.468,49.152,0.280121
/data/mighty-morphing/audio/public/in_the_wild/release_in_the_wild/release_in_the_wild/132.wav,unknown_public_web,synthetic,in_the_wild,JFK,en,unknown_public_web,in_the_wild_tts,wav,,cc-by-sa-4.0,eval,https://huggingface.co/datasets/mueller91/In-The-Wild,3.882,0,,,,,,,,,,,,0.120367,0.120435,0.290155,535.782,212.333,0.03816,0.025674,0.000203,0.067489,204.172,41.046,0.201038
/data/mighty-morphing/audio/public/in_the_wild/release_in_the_wild/release_in_the_wild/133.wav,in_the_wild,real,in_the_wild,Barack Obama,en,,authentic_public_web,wav,,cc-by-sa-4.0,eval,https://huggingface.co/datasets/mueller91/In-The-Wild,1.196,0,,,,,,,,,,,,0.075923,0.107485,0.584746,570.42,501.027,0.353479,0.168201,0.025723,0.098102,126.107,13.239,0.104979
/data/mighty-morphing/audio/public/in_the_wild/release_in_the_wild/release_in_the_wild/134.wav,in_the_wild,real,in_the_wild,Donald Trump,en,,authentic_public_web,wav,,cc-by-sa-4.0,eval,https://huggingface.co/datasets/mueller91/In-The-Wild,9.074,0,,,,,,,,,,,,0.089875,0.087546,0.187845,1138.394,1530.114,0.2188,0.170219,0.114993,0.149195,181.206,76.162,0.420307
/data/mighty-morphing/audio/public/in_the_wild/release_in_the_wild/release_in_the_wild/135.wav,unknown_public_web,synthetic,in_the_wild,Bernie Sanders,en,unknown_public_web,in_the_wild_tts,wav,,cc-by-sa-4.0,eval,https://huggingface.co/datasets/mueller91/In-The-Wild,1.433,0,,,,,,,,,,,,0.111787,0.121953,0.276596,1051.434,1646.675,0.125671,0.157027,0.122353,0.142637,144.227,69.976,0.485179
/data/mighty-morphing/audio/public/in_the_wild/release_in_the_wild/release_in_the_wild/136.wav,unknown_public_web,synthetic,in_the_wild,Alec Guinness,en,unknown_public_web,in_the_wild_tts,wav,,cc-by-sa-4.0,eval,https://huggingface.co/datasets/mueller91/In-The-Wild,7.228,0,,,,,,,,,,,,0.059921,0.044386,0.142857,367.189,655.37,0.071638,0.056252,0.01532,0.054752,98.399,34.488,0.350487
/data/mighty-morphing/audio/public/in_the_wild/release_in_the_wild/release_in_the_wild/137.wav,in_the_wild,real,in_the_wild,Bill Clinton,en,,authentic_public_web,wav,,cc-by-sa-4.0,eval,https://huggingface.co/datasets/mueller91/In-The-Wild,2.7,0,,,,,,,,,,,,0.145192,0.113046,0.16791,383.076,220.717,0.128981,0.088756,0.00787,0.052516,185.346,21.606,0.116569
/data/mighty-morphing/audio/public/in_the_wild/release_in_the_wild/release_in_the_wild/138.wav,unknown_public_web,synthetic,in_the_wild,Donald Trump,en,unknown_public_web,in_the_wild_tts,wav,,cc-by-sa-4.0,eval,https://huggingface.co/datasets/mueller91/In-The-Wild,23.304,0,,,,,,,,,,,,0.061902,0.06164,0.179553,719.832,717.421,0.076993,0.081258,0.022495,0.096861,191.28,60.183,0.314631
/data/mighty-morphing/audio/public/in_the_wild/release_in_the_wild/release_in_the_wild/139.wav,unknown_public_web,synthetic,in_the_wild,Bernie Sanders,en,unknown_public_web,in_the_wild_tts,wav,,cc-by-sa-4.0,eval,https://huggingface.co/datasets/mueller91/In-The-Wild,8.281,0,,,,,,,,,,,,0.071695,0.068316,0.216707,766.931,1335.685,0.121458,0.153421,0.070228,0.101987,130.312,55.419,0.425281
/data/mighty-morphing/audio/public/in_the_wild/release_in_the_wild/release_in_the_wild/140.wav,in_the_wild,real,in_the_wild,Alec Guinness,en,,authentic_public_web,wav,,cc-by-sa-4.0,eval,https://huggingface.co/datasets/mueller91/In-The-Wild,4.236,0,,,,,,,,,,,,0.079623,0.061552,0.123223,673.174,1065.832,0.184459,0.122921,0.059647,0.094333,111.387,70.094,0.629288
/data/mighty-morphing/audio/public/in_the_wild/release_in_the_wild/release_in_the_wild/141.wav,in_the_wild,real,in_the_wild,Mark Zuckerberg,en,,authentic_public_web,wav,,cc-by-sa-4.0,eval,https://huggingface.co/datasets/mueller91/In-The-Wild,3.649,0,,,,,,,,,,,,0.103882,0.100107,0.220386,1075.875,1254.004,0.282614,0.187572,0.086858,0.144429,209.001,57.515,0.27519
/data/mighty-morphing/audio/public/in_the_wild/release_in_the_wild/release_in_the_wild/142.wav,in_the_wild,real,in_the_wild,Mark Zuckerberg,en,,authentic_public_web,wav,,cc-by-sa-4.0,eval,https://huggingface.co/datasets/mueller91/In-The-Wild,5.429,0,,,,,,,,,,,,0.129252,0.101242,0.162662,1047.963,1335.865,0.231225,0.158134,0.080978,0.137959,236.391,67.358,0.284942
/data/mighty-morphing/audio/public/in_the_wild/release_in_the_wild/release_in_the_wild/143.wav,in_the_wild,real,in_the_wild,Ayn Rand,en,,authentic_public_web,wav,,cc-by-sa-4.0,eval,https://huggingface.co/datasets/mueller91/In-The-Wild,4.627,0,,,,,,,,,,,,0.196691,0.138857,0.013015,523.942,284.33,0.087011,0.054232,0.002594,0.077225,148.502,54.444,0.36662
/data/mighty-morphing/audio/public/in_the_wild/release_in_the_wild/release_in_the_wild/144.wav,unknown_public_web,synthetic,in_the_wild,Queen Elizabeth II,en,unknown_public_web,in_the_wild_tts,wav,,cc-by-sa-4.0,eval,https://huggingface.co/datasets/mueller91/In-The-Wild,1.847,0,,,,,,,,,,,,0.12458,0.128304,0.234973,583.496,423.08,0.04263,0.057109,0.006388,0.073629,249.497,68.841,0.275918
/data/mighty-morphing/audio/public/in_the_wild/release_in_the_wild/release_in_the_wild/145.wav,in_the_wild,real,in_the_wild,Barack Obama,en,,authentic_public_web,wav,,cc-by-sa-4.0,eval,https://huggingface.co/datasets/mueller91/In-The-Wild,1.91,0,,,,,,,,,,,,0.075795,0.100809,0.444444,706.683,719.137,0.172954,0.144969,0.021515,0.094484,150.591,76.145,0.505637
/data/mighty-morphing/audio/public/in_the_wild/release_in_the_wild/release_in_the_wild/146.wav,unknown_public_web,synthetic,in_the_wild,The Notorious B.I.G.,en,unknown_public_web,in_the_wild_tts,wav,,cc-by-sa-4.0,eval,https://huggingface.co/datasets/mueller91/In-The-Wild,1.059,0,,,,,,,,,,,,0.159806,0.123186,0.086538,460.391,122.668,0.088663,0.039617,0.001076,0.062021,233.959,55.802,0.238514
/data/mighty-morphing/audio/public/in_the_wild/release_in_the_wild/release_in_the_wild/147.wav,in_the_wild,real,in_the_wild,Alec Guinness,en,,authentic_public_web,wav,,cc-by-sa-4.0,eval,https://huggingface.co/datasets/mueller91/In-The-Wild,1.7,0,,,,,,,,,,,,0.084813,0.070294,0.083333,547.263,157.258,0.239575,0.052147,0.00395,0.087604,155.663,104.678,0.672464
/data/mighty-morphing/audio/public/in_the_wild/release_in_the_wild/release_in_the_wild/148.wav,unknown_public_web,synthetic,in_the_wild,Jerry Seinfeld,en,unknown_public_web,in_the_wild_tts,wav,,cc-by-sa-4.0,eval,https://huggingface.co/datasets/mueller91/In-The-Wild,4.032,0,,,,,,,,,,,,0.084864,0.071586,0.261845,807.734,801.984,0.250504,0.077372,0.040944,0.118142,157.947,28.57,0.180885
/data/mighty-morphing/audio/public/in_the_wild/release_in_the_wild/release_in_the_wild/149.wav,in_the_wild,real,in_the_wild,Martin Luther King,en,,authentic_public_web,wav,,cc-by-sa-4.0,eval,https://huggingface.co/datasets/mueller91/In-The-Wild,0.881,0,,,,,,,,,,,,0.14784,0.126783,0.0,1411.84,1396.873,0.265364,0.153899,0.067855,0.187433,202.094,81.028,0.400943
/data/mighty-morphing/audio/public/in_the_wild/release_in_the_wild/release_in_the_wild/150.wav,unknown_public_web,synthetic,in_the_wild,Queen Elizabeth II,en,unknown_public_web,in_the_wild_tts,wav,,cc-by-sa-4.0,eval,https://huggingface.co/datasets/mueller91/In-The-Wild,3.283,0,,,,,,,,,,,,0.12143,0.116295,0.214724,498.772,218.602,0.052483,0.061453,0.007205,0.070601,223.259,50.321,0.225394
/data/mighty-morphing/audio/public/in_the_wild/release_in_the_wild/release_in_the_wild/151.wav,in_the_wild,real,in_the_wild,Martin Luther King,en,,authentic_public_web,wav,,cc-by-sa-4.0,eval,https://huggingface.co/datasets/mueller91/In-The-Wild,2.69,0,,,,,,,,,,,,0.134173,0.112306,0.003745,1255.001,942.228,0.287572,0.133487,0.037337,0.166326,202.134,75.125,0.371661
/data/mighty-morphing/audio/public/in_the_wild/release_in_the_wild/release_in_the_wild/152.wav,in_the_wild,real,in_the_wild,Christopher Hitchens,en,,authentic_public_web,wav,,cc-by-sa-4.0,eval,https://huggingface.co/datasets/mueller91/In-The-Wild,1.884,0,,,,,,,,,,,,0.050967,0.082357,0.333333,804.681,690.804,0.208447,0.122184,0.01295,0.109924,169.665,119.939,0.706915
/data/mighty-morphing/audio/public/in_the_wild/release_in_the_wild/release_in_the_wild/153.wav,unknown_public_web,synthetic,in_the_wild,2Pac,en,unknown_public_web,in_the_wild_tts,wav,,cc-by-sa-4.0,eval,https://huggingface.co/datasets/mueller91/In-The-Wild,1.027,0,,,,,,,,,,,,0.115963,0.068672,0.0,663.779,165.269,0.16557,0.054995,0.004321,0.083864,244.166,28.265,0.115762
/data/mighty-morphing/audio/public/in_the_wild/release_in_the_wild/release_in_the_wild/154.wav,in_the_wild,real,in_the_wild,Winston Churchill,en,,authentic_public_web,wav,,cc-by-sa-4.0,eval,https://huggingface.co/datasets/mueller91/In-The-Wild,1.959,0,,,,,,,,,,,,0.110756,0.106589,0.335052,531.392,218.43,0.162916,0.067302,0.001293,0.07483,153.437,62.459,0.407064
/data/mighty-morphing/audio/public/in_the_wild/release_in_the_wild/release_in_the_wild/155.wav,unknown_public_web,synthetic,in_the_wild,Alec Guinness,en,unknown_public_web,in_the_wild_tts,wav,,cc-by-sa-4.0,eval,https://huggingface.co/datasets/mueller91/In-The-Wild,7.925,0,,,,,,,,,,,,0.091174,0.070563,0.046776,452.656,959.09,0.094015,0.076226,0.036416,0.074969,107.207,72.887,0.679877
/data/mighty-morphing/audio/public/in_the_wild/release_in_the_wild/release_in_the_wild/156.wav,in_the_wild,real,in_the_wild,Martin Luther King,en,,authentic_public_web,wav,,cc-by-sa-4.0,eval,https://huggingface.co/datasets/mueller91/In-The-Wild,3.088,0,,,,,,,,,,,,0.131816,0.09707,0.0,611.591,228.098,0.136353,0.061046,0.001725,0.085666,177.513,55.315,0.311608
/data/mighty-morphing/audio/public/in_the_wild/release_in_the_wild/release_in_the_wild/157.wav,in_the_wild,real,in_the_wild,Bill Clinton,en,,authentic_public_web,wav,,cc-by-sa-4.0,eval,https://huggingface.co/datasets/mueller91/In-The-Wild,3.749,0,,,,,,,,,,,,0.137935,0.118357,0.107239,548.659,470.29,0.149552,0.141299,0.026976,0.075188,173.916,14.448,0.083076
/data/mighty-morphing/audio/public/in_the_wild/release_in_the_wild/release_in_the_wild/158.wav,in_the_wild,real,in_the_wild,Donald Trump,en,,authentic_public_web,wav,,cc-by-sa-4.0,eval,https://huggingface.co/datasets/mueller91/In-The-Wild,11.58,0,,,,,,,,,,,,0.066398,0.06741,0.180796,994.344,1171.523,0.214302,0.138025,0.061513,0.132171,176.83,46.582,0.263431
/data/mighty-morphing/audio/public/in_the_wild/release_in_the_wild/release_in_the_wild/159.wav,unknown_public_web,synthetic,in_the_wild,Bernie Sanders,en,unknown_public_web,in_the_wild_tts,wav,,cc-by-sa-4.0,eval,https://huggingface.co/datasets/mueller91/In-The-Wild,4.555,0,,,,,,,,,,,,0.097468,0.10335,0.270925,749.438,1353.841,0.107881,0.136839,0.064781,0.101296,131.564,41.739,0.317252
/data/mighty-morphing/audio/public/in_the_wild/release_in_the_wild/release_in_the_wild/160.wav,in_the_wild,real,in_the_wild,Martin Luther King,en,,authentic_public_web,wav,,cc-by-sa-4.0,eval,https://huggingface.co/datasets/mueller91/In-The-Wild,1.583,0,,,,,,,,,,,,0.166638,0.093099,0.0,866.255,806.512,0.23172,0.118341,0.028607,0.121715,147.296,80.26,0.544886
/data/mighty-morphing/audio/public/in_the_wild/release_in_the_wild/release_in_the_wild/161.wav,in_the_wild,real,in_the_wild,Donald Trump,en,,authentic_public_web,wav,,cc-by-sa-4.0,eval,https://huggingface.co/datasets/mueller91/In-The-Wild,1.984,0,,,,,,,,,,,,0.052474,0.074173,0.367347,1175.768,1355.624,0.235993,0.174898,0.088934,0.153987,196.262,49.367,0.251535
/data/mighty-morphing/audio/public/in_the_wild/release_in_the_wild/release_in_the_wild/162.wav,in_the_wild,real,in_the_wild,Donald Trump,en,,authentic_public_web,wav,,cc-by-sa-4.0,eval,https://huggingface.co/datasets/mueller91/In-The-Wild,3.735,0,,,,,,,,,,,,0.078408,0.078463,0.263441,815.813,991.458,0.198417,0.136392,0.050342,0.112285,235.164,43.553,0.185203
/data/mighty-morphing/audio/public/in_the_wild/release_in_the_wild/release_in_the_wild/163.wav,unknown_public_web,synthetic,in_the_wild,Alec Guinness,en,unknown_public_web,in_the_wild_tts,wav,,cc-by-sa-4.0,eval,https://huggingface.co/datasets/mueller91/In-The-Wild,2.409,0,,,,,,,,,,,,0.099648,0.093712,0.238494,323.526,119.863,0.066714,0.037105,0.000301,0.048411,127.508,55.729,0.437062
/data/mighty-morphing/audio/public/in_the_wild/release_in_the_wild/release_in_the_wild/164.wav,in_the_wild,real,in_the_wild,Barack Obama,en,,authentic_public_web,wav,,cc-by-sa-4.0,eval,https://huggingface.co/datasets/mueller91/In-The-Wild,2.137,0,,,,,,,,,,,,0.094215,0.108475,0.320755,644.837,711.22,0.241775,0.14755,0.038853,0.092187,155.504,61.366,0.394627
/data/mighty-morphing/audio/public/in_the_wild/release_in_the_wild/release_in_the_wild/165.wav,unknown_public_web,synthetic,in_the_wild,George W. Bush,en,unknown_public_web,in_the_wild_tts,wav,,cc-by-sa-4.0,eval,https://huggingface.co/datasets/mueller91/In-The-Wild,8.659,0,,,,,,,,,,,,0.079132,0.050529,0.040509,720.627,882.983,0.12114,0.124503,0.025512,0.10068,160.015,33.267,0.207897
/data/mighty-morphing/audio/public/in_the_wild/release_in_the_wild/release_in_the_wild/166.wav,in_the_wild,real,in_the_wild,Alec Guinness,en,,authentic_public_web,wav,,cc-by-sa-4.0,eval,https://huggingface.co/datasets/mueller91/In-The-Wild,1.701,0,,,,,,,,,,,,0.083504,0.063114,0.011905,1428.818,1756.676,0.295736,0.1069,0.157745,0.188131,219.879,151.615,0.689538
/data/mighty-morphing/audio/public/in_the_wild/release_in_the_wild/release_in_the_wild/167.wav,in_the_wild,real,in_the_wild,Ayn Rand,en,,authentic_public_web,wav,,cc-by-sa-4.0,eval,https://huggingface.co/datasets/mueller91/In-The-Wild,5.03,0,,,,,,,,,,,,0.179642,0.148907,0.03992,489.972,273.82,0.085904,0.062476,0.001565,0.069852,154.485,65.421,0.423476
/data/mighty-morphing/audio/public/in_the_wild/release_in_the_wild/release_in_the_wild/168.wav,in_the_wild,real,in_the_wild,Alec Guinness,en,,authentic_public_web,wav,,cc-by-sa-4.0,eval,https://huggingface.co/datasets/mueller91/In-The-Wild,6.977,0,,,,,,,,,,,,0.060944,0.059405,0.199713,613.231,983.421,0.148779,0.120016,0.043916,0.08859,104.18,54.8,0.526018
/data/mighty-morphing/audio/public/in_the_wild/release_in_the_wild/release_in_the_wild/169.wav,in_the_wild,real,in_the_wild,Ayn Rand,en,,authentic_public_web,wav,,cc-by-sa-4.0,eval,https://huggingface.co/datasets/mueller91/In-The-Wild,2.641,0,,,,,,,,,,,,0.262821,0.196919,0.0,394.069,294.751,0.046117,0.036363,0.000123,0.05561,198.065,70.439,0.355638
/data/mighty-morphing/audio/public/in_the_wild/release_in_the_wild/release_in_the_wild/170.wav,unknown_public_web,synthetic,in_the_wild,Tucker Carlson,en,unknown_public_web,in_the_wild_tts,wav,,cc-by-sa-4.0,eval,https://huggingface.co/datasets/mueller91/In-The-Wild,3.017,0,,,,,,,,,,,,0.091249,0.078234,0.196667,918.734,1335.182,0.132471,0.146286,0.082224,0.129259,195.966,78.195,0.399021
/data/mighty-morphing/audio/public/in_the_wild/release_in_the_wild/release_in_the_wild/171.wav,in_the_wild,real,in_the_wild,Donald Trump,en,,authentic_public_web,wav,,cc-by-sa-4.0,eval,https://huggingface.co/datasets/mueller91/In-The-Wild,3.933,0,,,,,,,,,,,,0.093153,0.092282,0.214834,675.697,781.352,0.149703,0.130345,0.025045,0.086969,162.866,23.371,0.143499
/data/mighty-morphing/audio/public/in_the_wild/release_in_the_wild/release_in_the_wild/172.wav,unknown_public_web,synthetic,in_the_wild,Ayn Rand,en,unknown_public_web,in_the_wild_tts,wav,,cc-by-sa-4.0,eval,https://huggingface.co/datasets/mueller91/In-The-Wild,6.247,0,,,,,,,,,,,,0.077286,0.082949,0.287319,828.414,855.52,0.106062,0.104593,0.018572,0.115239,212.249,104.258,0.491206
/data/mighty-morphing/audio/public/in_the_wild/release_in_the_wild/release_in_the_wild/173.wav,in_the_wild,real,in_the_wild,Christopher Hitchens,en,,authentic_public_web,wav,,cc-by-sa-4.0,eval,https://huggingface.co/datasets/mueller91/In-The-Wild,1.314,0,,,,,,,,,,,,0.134028,0.144174,0.023256,425.372,541.452,0.224631,0.16607,0.015811,0.068117,167.007,141.401,0.846678
/data/mighty-morphing/audio/public/in_the_wild/release_in_the_wild/release_in_the_wild/174.wav,unknown_public_web,synthetic,in_the_wild,Alec Guinness,en,unknown_public_web,in_the_wild_tts,wav,,cc-by-sa-4.0,eval,https://huggingface.co/datasets/mueller91/In-The-Wild,14.885,0,,,,,,,,,,,,0.062966,0.051726,0.151311,432.542,708.71,0.083951,0.093716,0.018013,0.062382,140.364,60.366,0.430066
/data/mighty-morphing/audio/public/in_the_wild/release_in_the_wild/release_in_the_wild/175.wav,unknown_public_web,synthetic,in_the_wild,Nelson Mandela,en,unknown_public_web,in_the_wild_tts,wav,,cc-by-sa-4.0,eval,https://huggingface.co/datasets/mueller91/In-The-Wild,1.045,0,,,,,,,,,,,,0.07916,0.111636,0.446602,642.564,271.09,0.212333,0.093934,0.006536,0.089066,183.666,58.024,0.31592
/data/mighty-morphing/audio/public/in_the_wild/release_in_the_wild/release_in_the_wild/176.wav,in_the_wild,real,in_the_wild,Barack Obama,en,,authentic_public_web,wav,,cc-by-sa-4.0,eval,https://huggingface.co/datasets/mueller91/In-The-Wild,1.479,0,,,,,,,,,,,,0.091774,0.109945,0.493151,603.237,463.494,0.254102,0.126455,0.014755,0.08954,149.334,45.271,0.303151
/data/mighty-morphing/audio/public/in_the_wild/release_in_the_wild/release_in_the_wild/177.wav,in_the_wild,real,in_the_wild,JFK,en,,authentic_public_web,wav,,cc-by-sa-4.0,eval,https://huggingface.co/datasets/mueller91/In-The-Wild,1.958,0,,,,,,,,,,,,0.099219,0.1008,0.324742,1193.706,1043.406,0.205539,0.072585,0.076502,0.152445,189.462,40.241,0.212393
/data/mighty-morphing/audio/public/in_the_wild/release_in_the_wild/release_in_the_wild/178.wav,in_the_wild,real,in_the_wild,Ronald Reagan,en,,authentic_public_web,wav,,cc-by-sa-4.0,eval,https://huggingface.co/datasets/mueller91/In-The-Wild,5.46,0,,,,,,,,,,,,0.144863,0.099876,0.001838,870.385,1244.622,0.227783,0.146416,0.066008,0.118107,150.593,61.272,0.406871
/data/mighty-morphing/audio/public/in_the_wild/release_in_the_wild/release_in_the_wild/179.wav,unknown_public_web,synthetic,in_the_wild,Ayn Rand,en,unknown_public_web,in_the_wild_tts,wav,,cc-by-sa-4.0,eval,https://huggingface.co/datasets/mueller91/In-The-Wild,7.351,0,,,,,,,,,,,,0.08012,0.081978,0.291951,386.304,381.515,0.063377,0.075147,0.005342,0.057007,136.237,54.956,0.403383
/data/mighty-morphing/audio/public/in_the_wild/release_in_the_wild/release_in_the_wild/180.wav,in_the_wild,real,in_the_wild,Donald Trump,en,,authentic_public_web,wav,,cc-by-sa-4.0,eval,https://huggingface.co/datasets/mueller91/In-The-Wild,4.246,0,,,,,,,,,,,,0.088899,0.074654,0.148936,895.085,848.927,0.203263,0.11097,0.036684,0.117393,182.07,46.785,0.256964
/data/mighty-morphing/audio/public/in_the_wild/release_in_the_wild/release_in_the_wild/181.wav,in_the_wild,real,in_the_wild,Christopher Hitchens,en,,authentic_public_web,wav,,cc-by-sa-4.0,eval,https://huggingface.co/datasets/mueller91/In-The-Wild,4.218,0,,,,,,,,,,,,0.048352,0.078046,0.388095,977.772,997.154,0.260868,0.161629,0.046235,0.13734,191.274,133.724,0.699126
/data/mighty-morphing/audio/public/in_the_wild/release_in_the_wild/release_in_the_wild/182.wav,unknown_public_web,synthetic,in_the_wild,Ayn Rand,en,unknown_public_web,in_the_wild_tts,wav,,cc-by-sa-4.0,eval,https://huggingface.co/datasets/mueller91/In-The-Wild,15.072,0,,,,,,,,,,,,0.054176,0.059414,0.387375,886.126,637.2,0.0797,0.078255,0.009894,0.119324,194.505,106.441,0.547241
/data/mighty-morphing/audio/public/in_the_wild/release_in_the_wild/release_in_the_wild/183.wav,in_the_wild,real,in_the_wild,Bernie Sanders,en,,authentic_public_web,wav,,cc-by-sa-4.0,eval,https://huggingface.co/datasets/mueller91/In-The-Wild,2.455,0,,,,,,,,,,,,0.10133,0.09925,0.270492,880.997,979.886,0.232963,0.12906,0.041843,0.121713,186.933,52.882,0.282893
/data/mighty-morphing/audio/public/in_the_wild/release_in_the_wild/release_in_the_wild/184.wav,unknown_public_web,synthetic,in_the_wild,Barack Obama,en,unknown_public_web,in_the_wild_tts,wav,,cc-by-sa-4.0,eval,https://huggingface.co/datasets/mueller91/In-The-Wild,1.532,0,,,,,,,,,,,,0.066686,0.083847,0.324503,1177.441,1444.553,0.183439,0.171661,0.11017,0.158636,181.802,48.353,0.265964
/data/mighty-morphing/audio/public/in_the_wild/release_in_the_wild/release_in_the_wild/185.wav,in_the_wild,real,in_the_wild,Winston Churchill,en,,authentic_public_web,wav,,cc-by-sa-4.0,eval,https://huggingface.co/datasets/mueller91/In-The-Wild,4.897,0,,,,,,,,,,,,0.088977,0.080284,0.07377,482.039,216.165,0.239592,0.096264,0.005867,0.074476,127.859,32.882,0.257176
/data/mighty-morphing/audio/public/in_the_wild/release_in_the_wild/release_in_the_wild/186.wav,unknown_public_web,synthetic,in_the_wild,Alec Guinness,en,unknown_public_web,in_the_wild_tts,wav,,cc-by-sa-4.0,eval,https://huggingface.co/datasets/mueller91/In-The-Wild,2.457,0,,,,,,,,,,,,0.05676,0.069642,0.409836,637.233,1096.271,0.090377,0.113133,0.052861,0.084023,137.14,65.877,0.480366
/data/mighty-morphing/audio/public/in_the_wild/release_in_the_wild/release_in_the_wild/187.wav,in_the_wild,real,in_the_wild,Bernie Sanders,en,,authentic_public_web,wav,,cc-by-sa-4.0,eval,https://huggingface.co/datasets/mueller91/In-The-Wild,1.267,0,,,,,,,,,,,,0.072101,0.100292,0.392,1243.234,1706.822,0.264177,0.19961,0.136566,0.165475,201.384,110.551,0.548959
/data/mighty-morphing/audio/public/in_the_wild/release_in_the_wild/release_in_the_wild/188.wav,unknown_public_web,synthetic,in_the_wild,Milton Friedman,en,unknown_public_web,in_the_wild_tts,wav,,cc-by-sa-4.0,eval,https://huggingface.co/datasets/mueller91/In-The-Wild,7.979,0,,,,,,,,,,,,0.085762,0.092084,0.311558,371.493,150.27,0.018354,0.028173,0.000669,0.050547,184.543,45.76,0.247965
/data/mighty-morphing/audio/public/in_the_wild/release_in_the_wild/release_in_the_wild/189.wav,in_the_wild,real,in_the_wild,Bernie Sanders,en,,authentic_public_web,wav,,cc-by-sa-4.0,eval,https://huggingface.co/datasets/mueller91/In-The-Wild,1.315,0,,,,,,,,,,,,0.087596,0.114973,0.438462,950.156,909.979,0.304779,0.128689,0.06085,0.13501,233.643,102.452,0.438501
/data/mighty-morphing/audio/public/in_the_wild/release_in_the_wild/release_in_the_wild/190.wav,unknown_public_web,synthetic,in_the_wild,Barack Obama,en,unknown_public_web,in_the_wild_tts,wav,,cc-by-sa-4.0,eval,https://huggingface.co/datasets/mueller91/In-The-Wild,4.53,0,,,,,,,,,,,,0.083387,0.082204,0.172949,848.234,1194.282,0.119085,0.132699,0.066603,0.11155,159.649,41.319,0.258812
/data/mighty-morphing/audio/public/in_the_wild/release_in_the_wild/release_in_the_wild/191.wav,unknown_public_web,synthetic,in_the_wild,Mark Zuckerberg,en,unknown_public_web,in_the_wild_tts,wav,,cc-by-sa-4.0,eval,https://huggingface.co/datasets/mueller91/In-The-Wild,4.817,0,,,,,,,,,,,,0.068857,0.07164,0.266667,705.687,911.158,0.068981,0.096181,0.033018,0.091398,186.853,44.761,0.239552
/data/mighty-morphing/audio/public/in_the_wild/release_in_the_wild/release_in_the_wild/192.wav,in_the_wild,real,in_the_wild,Winston Churchill,en,,authentic_public_web,wav,,cc-by-sa-4.0,eval,https://huggingface.co/datasets/mueller91/In-The-Wild,2.06,0,,,,,,,,,,,,0.087903,0.085309,0.264706,526.908,275.383,0.217906,0.095249,0.003898,0.084795,146.908,42.145,0.286879
/data/mighty-morphing/audio/public/in_the_wild/release_in_the_wild/release_in_the_wild/193.wav,unknown_public_web,synthetic,in_the_wild,The Notorious B.I.G.,en,unknown_public_web,in_the_wild_tts,wav,,cc-by-sa-4.0,eval,https://huggingface.co/datasets/mueller91/In-The-Wild,1.576,0,,,,,,,,,,,,0.14987,0.111771,0.205128,446.334,183.967,0.06829,0.046396,0.000406,0.056577,229.873,10.82,0.047071
/data/mighty-morphing/audio/public/in_the_wild/release_in_the_wild/release_in_the_wild/194.wav,in_the_wild,real,in_the_wild,Bernie Sanders,en,,authentic_public_web,wav,,cc-by-sa-4.0,eval,https://huggingface.co/datasets/mueller91/In-The-Wild,5.52,0,,,,,,,,,,,,0.082701,0.084541,0.243636,1183.121,1499.54,0.267603,0.121699,0.107257,0.156687,185.166,56.338,0.304257
/data/mighty-morphing/audio/public/in_the_wild/release_in_the_wild/release_in_the_wild/195.wav,in_the_wild,real,in_the_wild,Barack Obama,en,,authentic_public_web,wav,,cc-by-sa-4.0,eval,https://huggingface.co/datasets/mueller91/In-The-Wild,0.832,0,,,,,,,,,,,,0.079548,0.100134,0.0,319.811,170.426,0.21967,0.05958,0.001487,0.054078,131.522,38.89,0.29569
/data/mighty-morphing/audio/public/in_the_wild/release_in_the_wild/release_in_the_wild/196.wav,in_the_wild,real,in_the_wild,Bernie Sanders,en,,authentic_public_web,wav,,cc-by-sa-4.0,eval,https://huggingface.co/datasets/mueller91/In-The-Wild,6.554,0,,,,,,,,,,,,0.150351,0.139024,0.064319,647.932,497.47,0.22849,0.094815,0.014533,0.096515,221.146,70.387,0.318282
/data/mighty-morphing/audio/public/in_the_wild/release_in_the_wild/release_in_the_wild/197.wav,in_the_wild,real,in_the_wild,Barack Obama,en,,authentic_public_web,wav,,cc-by-sa-4.0,eval,https://huggingface.co/datasets/mueller91/In-The-Wild,5.029,0,,,,,,,,,,,,0.094578,0.081775,0.223553,561.388,702.068,0.166535,0.088439,0.020865,0.090603,127.269,50.622,0.397754
/data/mighty-morphing/audio/public/in_the_wild/release_in_the_wild/release_in_the_wild/198.wav,in_the_wild,real,in_the_wild,Bernie Sanders,en,,authentic_public_web,wav,,cc-by-sa-4.0,eval,https://huggingface.co/datasets/mueller91/In-The-Wild,1.249,0,,,,,,,,,,,,0.103475,0.099599,0.154472,585.772,412.012,0.25351,0.119092,0.015782,0.094424,182.977,66.355,0.362643
/data/mighty-morphing/audio/public/in_the_wild/release_in_the_wild/release_in_the_wild/199.wav,in_the_wild,real,in_the_wild,Barack Obama,en,,authentic_public_web,wav,,cc-by-sa-4.0,eval,https://huggingface.co/datasets/mueller91/In-The-Wild,1.994,0,,,,,,,,,,,,0.086908,0.112776,0.329949,646.034,872.021,0.180939,0.149631,0.034084,0.091753,177.812,64.604,0.363329
/data/mighty-morphing/audio/public/in_the_wild/release_in_the_wild/release_in_the_wild/200.wav,in_the_wild,real,in_the_wild,Donald Trump,en,,authentic_public_web,wav,,cc-by-sa-4.0,eval,https://huggingface.co/datasets/mueller91/In-The-Wild,3.128,0,,,,,,,,,,,,0.100723,0.096792,0.212219,780.349,746.417,0.171846,0.12647,0.018465,0.103414,207.56,32.163,0.15496
/data/mighty-morphing/audio/public/in_the_wild/release_in_the_wild/release_in_the_wild/201.wav,in_the_wild,real,in_the_wild,Donald Trump,en,,authentic_public_web,wav,,cc-by-sa-4.0,eval,https://huggingface.co/datasets/mueller91/In-The-Wild,3.144,0,,,,,,,,,,,,0.111202,0.096144,0.211538,979.529,1139.416,0.164828,0.135532,0.062025,0.125066,178.126,15.759,0.08847
/data/mighty-morphing/audio/public/in_the_wild/release_in_the_wild/release_in_the_wild/202.wav,in_the_wild,real,in_the_wild,Ayn Rand,en,,authentic_public_web,wav,,cc-by-sa-4.0,eval,https://huggingface.co/datasets/mueller91/In-The-Wild,1.592,0,,,,,,,,,,,,0.17814,0.159535,0.0,428.007,198.616,0.105163,0.063157,0.001584,0.062951,258.075,124.683,0.483129
/data/mighty-morphing/audio/public/in_the_wild/release_in_the_wild/release_in_the_wild/203.wav,in_the_wild,real,in_the_wild,Barack Obama,en,,authentic_public_web,wav,,cc-by-sa-4.0,eval,https://huggingface.co/datasets/mueller91/In-The-Wild,1.746,0,,,,,,,,,,,,0.068742,0.082015,0.306358,1961.919,1873.05,0.328564,0.169747,0.227498,0.255326,218.655,58.068,0.265571
/data/mighty-morphing/audio/public/in_the_wild/release_in_the_wild/release_in_the_wild/204.wav,in_the_wild,real,in_the_wild,Donald Trump,en,,authentic_public_web,wav,,cc-by-sa-4.0,eval,https://huggingface.co/datasets/mueller91/In-The-Wild,2.692,0,,,,,,,,,,,,0.135849,0.083134,0.0,490.871,567.66,0.202872,0.080722,0.015528,0.071262,139.154,14.435,0.103736
/data/mighty-morphing/audio/public/in_the_wild/release_in_the_wild/release_in_the_wild/205.wav,in_the_wild,real,in_the_wild,Donald Trump,en,,authentic_public_web,wav,,cc-by-sa-4.0,eval,https://huggingface.co/datasets/mueller91/In-The-Wild,2.874,0,,,,,,,,,,,,0.104758,0.108642,0.119298,603.179,680.79,0.180879,0.137146,0.019244,0.083845,159.251,75.022,0.471091
/data/mighty-morphing/audio/public/in_the_wild/release_in_the_wild/release_in_the_wild/206.wav,in_the_wild,real,in_the_wild,Ayn Rand,en,,authentic_public_web,wav,,cc-by-sa-4.0,eval,https://huggingface.co/datasets/mueller91/In-The-Wild,4.343,0,,,,,,,,,,,,0.209594,0.156408,0.071759,573.945,590.974,0.10369,0.079954,0.007393,0.08161,166.969,59.046,0.353635
/data/mighty-morphing/audio/public/in_the_wild/release_in_the_wild/release_in_the_wild/207.wav,unknown_public_web,synthetic,in_the_wild,Jerry Seinfeld,en,unknown_public_web,in_the_wild_tts,wav,,cc-by-sa-4.0,eval,https://huggingface.co/datasets/mueller91/In-The-Wild,1.315,0,,,,,,,,,,,,0.057147,0.075192,0.461538,826.349,1198.259,0.181801,0.098584,0.077723,0.118361,173.714,60.189,0.346485
/data/mighty-morphing/audio/public/in_the_wild/release_in_the_wild/release_in_the_wild/208.wav,in_the_wild,real,in_the_wild,Bernie Sanders,en,,authentic_public_web,wav,,cc-by-sa-4.0,eval,https://huggingface.co/datasets/mueller91/In-The-Wild,2.756,0,,,,,,,,,,,,0.142684,0.139661,0.087591,785.111,572.188,0.24378,0.108894,0.018892,0.115035,213.806,81.812,0.382646
/data/mighty-morphing/audio/public/in_the_wild/release_in_the_wild/release_in_the_wild/209.wav,unknown_public_web,synthetic,in_the_wild,Nelson Mandela,en,unknown_public_web,in_the_wild_tts,wav,,cc-by-sa-4.0,eval,https://huggingface.co/datasets/mueller91/In-The-Wild,2.594,0,,,,,,,,,,,,0.080253,0.09143,0.233463,627.828,379.364,0.192832,0.132112,0.012419,0.089715,191.694,68.013,0.354798
/data/mighty-morphing/audio/public/in_the_wild/release_in_the_wild/release_in_the_wild/210.wav,in_the_wild,real,in_the_wild,Alec Guinness,en,,authentic_public_web,wav,,cc-by-sa-4.0,eval,https://huggingface.co/datasets/mueller91/In-The-Wild,2.467,0,,,,,,,,,,,,0.073164,0.068178,0.020408,680.818,861.536,0.254536,0.157206,0.030679,0.100251,178.847,156.335,0.874123
/data/mighty-morphing/audio/public/in_the_wild/release_in_the_wild/release_in_the_wild/211.wav,unknown_public_web,synthetic,in_the_wild,Ronald Reagan,en,unknown_public_web,in_the_wild_tts,wav,,cc-by-sa-4.0,eval,https://huggingface.co/datasets/mueller91/In-The-Wild,4.552,0,,,,,,,,,,,,0.108962,0.109237,0.324503,397.649,324.358,0.054467,0.094593,0.00705,0.052325,145.833,65.866,0.451655
/data/mighty-morphing/audio/public/in_the_wild/release_in_the_wild/release_in_the_wild/212.wav,in_the_wild,real,in_the_wild,Ronald Reagan,en,,authentic_public_web,wav,,cc-by-sa-4.0,eval,https://huggingface.co/datasets/mueller91/In-The-Wild,6.451,0,,,,,,,,,,,,0.109044,0.083018,0.0,980.917,1340.963,0.332327,0.144457,0.089117,0.139182,110.19,63.639,0.57754
/data/mighty-morphing/audio/public/in_the_wild/release_in_the_wild/release_in_the_wild/213.wav,in_the_wild,real,in_the_wild,FDR,en,,authentic_public_web,wav,,cc-by-sa-4.0,eval,https://huggingface.co/datasets/mueller91/In-The-Wild,2.258,0,,,,,,,,,,,,0.221194,0.150383,0.0,1053.186,323.6,0.026445,0.010253,1e-06,0.152658,241.659,58.837,0.243473
/data/mighty-morphing/audio/public/in_the_wild/release_in_the_wild/release_in_the_wild/214.wav,unknown_public_web,synthetic,in_the_wild,George W. Bush,en,unknown_public_web,in_the_wild_tts,wav,,cc-by-sa-4.0,eval,https://huggingface.co/datasets/mueller91/In-The-Wild,2.089,0,,,,,,,,,,,,0.076907,0.06627,0.173913,915.355,784.909,0.112907,0.100542,0.018019,0.124584,185.81,62.303,0.335303
/data/mighty-morphing/audio/public/in_the_wild/release_in_the_wild/release_in_the_wild/215.wav,unknown_public_web,synthetic,in_the_wild,Alec Guinness,en,unknown_public_web,in_the_wild_tts,wav,,cc-by-sa-4.0,eval,https://huggingface.co/datasets/mueller91/In-The-Wild,7.961,0,,,,,,,,,,,,0.061816,0.060406,0.27204,629.498,1102.429,0.111525,0.12829,0.051734,0.087467,127.123,38.3,0.30128
/data/mighty-morphing/audio/public/in_the_wild/release_in_the_wild/release_in_the_wild/216.wav,in_the_wild,real,in_the_wild,Mark Zuckerberg,en,,authentic_public_web,wav,,cc-by-sa-4.0,eval,https://huggingface.co/datasets/mueller91/In-The-Wild,2.198,0,,,,,,,,,,,,0.130579,0.113472,0.224771,927.836,1083.356,0.206658,0.130132,0.058575,0.121836,212.377,80.501,0.379047
/data/mighty-morphing/audio/public/in_the_wild/release_in_the_wild/release_in_the_wild/217.wav,in_the_wild,real,in_the_wild,Richard Nixon,en,,authentic_public_web,wav,,cc-by-sa-4.0,eval,https://huggingface.co/datasets/mueller91/In-The-Wild,1.785,0,,,,,,,,,,,,0.117716,0.146784,0.378531,473.343,498.213,0.127733,0.075711,0.005409,0.070372,173.783,57.993,0.333708
/data/mighty-morphing/audio/public/in_the_wild/release_in_the_wild/release_in_the_wild/218.wav,in_the_wild,real,in_the_wild,Donald Trump,en,,authentic_public_web,wav,,cc-by-sa-4.0,eval,https://huggingface.co/datasets/mueller91/In-The-Wild,2.008,0,,,,,,,,,,,,0.134029,0.123729,0.0,353.356,137.407,0.144752,0.086543,0.001042,0.050281,146.869,18.335,0.124838
/data/mighty-morphing/audio/public/in_the_wild/release_in_the_wild/release_in_the_wild/219.wav,in_the_wild,real,in_the_wild,Donald Trump,en,,authentic_public_web,wav,,cc-by-sa-4.0,eval,https://huggingface.co/datasets/mueller91/In-The-Wild,6.091,0,,,,,,,,,,,,0.142059,0.093699,0.001647,562.007,617.185,0.146086,0.095258,0.014072,0.081129,140.983,17.897,0.126945
/data/mighty-morphing/audio/public/in_the_wild/release_in_the_wild/release_in_the_wild/220.wav,in_the_wild,real,in_the_wild,Ronald Reagan,en,,authentic_public_web,wav,,cc-by-sa-4.0,eval,https://huggingface.co/datasets/mueller91/In-The-Wild,3.093,0,,,,,,,,,,,,0.136297,0.11097,0.104235,315.369,231.202,0.0884,0.086981,0.003883,0.048576,120.093,45.751,0.380964
/data/mighty-morphing/audio/public/in_the_wild/release_in_the_wild/release_in_the_wild/221.wav,in_the_wild,real,in_the_wild,Richard Nixon,en,,authentic_public_web,wav,,cc-by-sa-4.0,eval,https://huggingface.co/datasets/mueller91/In-The-Wild,5.032,0,,,,,,,,,,,,0.105255,0.113356,0.151697,626.94,703.782,0.100881,0.062526,0.020107,0.089238,184.76,101.664,0.550248
/data/mighty-morphing/audio/public/in_the_wild/release_in_the_wild/release_in_the_wild/222.wav,in_the_wild,real,in_the_wild,Donald Trump,en,,authentic_public_web,wav,,cc-by-sa-4.0,eval,https://huggingface.co/datasets/mueller91/In-The-Wild,4.909,0,,,,,,,,,,,,0.123125,0.100774,0.145194,651.376,420.213,0.153164,0.089702,0.007259,0.086947,219.518,37.699,0.171734
/data/mighty-morphing/audio/public/in_the_wild/release_in_the_wild/release_in_the_wild/223.wav,in_the_wild,real,in_the_wild,Barack Obama,en,,authentic_public_web,wav,,cc-by-sa-4.0,eval,https://huggingface.co/datasets/mueller91/In-The-Wild,10.506,0,,,,,,,,,,,,0.0624,0.055596,0.149666,789.26,1009.207,0.206681,0.129127,0.044318,0.105778,176.836,36.79,0.208044
/data/mighty-morphing/audio/public/in_the_wild/release_in_the_wild/release_in_the_wild/224.wav,unknown_public_web,synthetic,in_the_wild,John Cleese,en,unknown_public_web,in_the_wild_tts,wav,,cc-by-sa-4.0,eval,https://huggingface.co/datasets/mueller91/In-The-Wild,14.416,0,,,,,,,,,,,,0.072515,0.06135,0.167361,485.381,521.327,0.074011,0.080252,0.00589,0.067436,150.195,51.827,0.345064
/data/mighty-morphing/audio/public/in_the_wild/release_in_the_wild/release_in_the_wild/225.wav,unknown_public_web,synthetic,in_the_wild,Bill Clinton,en,unknown_public_web,in_the_wild_tts,wav,,cc-by-sa-4.0,eval,https://huggingface.co/datasets/mueller91/In-The-Wild,2.615,0,,,,,,,,,,,,0.091253,0.086155,0.176923,1272.993,1626.931,0.172793,0.184467,0.148363,0.168305,197.527,61.274,0.310208
/data/mighty-morphing/audio/public/in_the_wild/release_in_the_wild/release_in_the_wild/226.wav,unknown_public_web,synthetic,in_the_wild,Nelson Mandela,en,unknown_public_web,in_the_wild_tts,wav,,cc-by-sa-4.0,eval,https://huggingface.co/datasets/mueller91/In-The-Wild,2.183,0,,,,,,,,,,,,0.111803,0.098399,0.208333,642.143,744.935,0.158642,0.120646,0.030762,0.085571,174.855,24.118,0.13793
/data/mighty-morphing/audio/public/in_the_wild/release_in_the_wild/release_in_the_wild/227.wav,in_the_wild,real,in_the_wild,Barack Obama,en,,authentic_public_web,wav,,cc-by-sa-4.0,eval,https://huggingface.co/datasets/mueller91/In-The-Wild,4.152,0,,,,,,,,,,,,0.084199,0.077351,0.200969,751.702,648.391,0.187151,0.102606,0.019507,0.108331,182.358,37.552,0.205924
/data/mighty-morphing/audio/public/in_the_wild/release_in_the_wild/release_in_the_wild/228.wav,in_the_wild,real,in_the_wild,Alec Guinness,en,,authentic_public_web,wav,,cc-by-sa-4.0,eval,https://huggingface.co/datasets/mueller91/In-The-Wild,3.462,0,,,,,,,,,,,,0.125445,0.104139,0.090116,449.206,277.358,0.103738,0.063985,0.004253,0.061578,130.316,81.677,0.626759
/data/mighty-morphing/audio/public/in_the_wild/release_in_the_wild/release_in_the_wild/229.wav,unknown_public_web,synthetic,in_the_wild,The Notorious B.I.G.,en,unknown_public_web,in_the_wild_tts,wav,,cc-by-sa-4.0,eval,https://huggingface.co/datasets/mueller91/In-The-Wild,1.831,0,,,,,,,,,,,,0.110105,0.104248,0.149171,525.337,259.8,0.194352,0.100371,0.011993,0.077116,265.912,31.88,0.119888
/data/mighty-morphing/audio/public/in_the_wild/release_in_the_wild/release_in_the_wild/230.wav,in_the_wild,real,in_the_wild,Christopher Hitchens,en,,authentic_public_web,wav,,cc-by-sa-4.0,eval,https://huggingface.co/datasets/mueller91/In-The-Wild,3.915,0,,,,,,,,,,,,0.082674,0.094891,0.269231,834.226,823.856,0.202052,0.139774,0.040426,0.112544,216.547,123.381,0.569767
/data/mighty-morphing/audio/public/in_the_wild/release_in_the_wild/release_in_the_wild/231.wav,unknown_public_web,synthetic,in_the_wild,Frank Sinatra,en,unknown_public_web,in_the_wild_tts,wav,,cc-by-sa-4.0,eval,https://huggingface.co/datasets/mueller91/In-The-Wild,6.466,0,,,,,,,,,,,,0.093439,0.078654,0.106977,1055.809,1338.688,0.183405,0.127883,0.079332,0.144412,175.107,17.246,0.098486
/data/mighty-morphing/audio/public/in_the_wild/release_in_the_wild/release_in_the_wild/232.wav,in_the_wild,real,in_the_wild,Alexandria Ocasio-Cortez,en,,authentic_public_web,wav,,cc-by-sa-4.0,eval,https://huggingface.co/datasets/mueller91/In-The-Wild,1.114,0,,,,,,,,,,,,0.088168,0.09135,0.348624,1022.192,735.57,0.18576,0.126164,0.022288,0.121889,225.968,34.689,0.153514
/data/mighty-morphing/audio/public/in_the_wild/release_in_the_wild/release_in_the_wild/233.wav,in_the_wild,real,in_the_wild,Louis Farrakhan,en,,authentic_public_web,wav,,cc-by-sa-4.0,eval,https://huggingface.co/datasets/mueller91/In-The-Wild,2.344,0,,,,,,,,,,,,0.10529,0.130479,0.327586,781.871,829.303,0.191245,0.131454,0.041539,0.103222,202.781,77.962,0.384463
/data/mighty-morphing/audio/public/in_the_wild/release_in_the_wild/release_in_the_wild/234.wav,in_the_wild,real,in_the_wild,Winston Churchill,en,,authentic_public_web,wav,,cc-by-sa-4.0,eval,https://huggingface.co/datasets/mueller91/In-The-Wild,3.93,0,,,,,,,,,,,,0.086315,0.085457,0.26087,611.951,324.326,0.183025,0.05785,0.001332,0.083259,153.731,73.005,0.47489
/data/mighty-morphing/audio/public/in_the_wild/release_in_the_wild/release_in_the_wild/235.wav,in_the_wild,real,in_the_wild,Christopher Hitchens,en,,authentic_public_web,wav,,cc-by-sa-4.0,eval,https://huggingface.co/datasets/mueller91/In-The-Wild,3.966,0,,,,,,,,,,,,0.106651,0.084286,0.113924,956.684,1346.227,0.240569,0.139222,0.080367,0.135231,135.339,90.951,0.672021
/data/mighty-morphing/audio/public/in_the_wild/release_in_the_wild/release_in_the_wild/236.wav,unknown_public_web,synthetic,in_the_wild,Alec Guinness,en,unknown_public_web,in_the_wild_tts,wav,,cc-by-sa-4.0,eval,https://huggingface.co/datasets/mueller91/In-The-Wild,1.483,0,,,,,,,,,,,,0.07878,0.062611,0.054795,664.895,1277.248,0.082664,0.112192,0.085471,0.088643,115.732,31.173,0.269353
/data/mighty-morphing/audio/public/in_the_wild/release_in_the_wild/release_in_the_wild/237.wav,in_the_wild,real,in_the_wild,Christopher Hitchens,en,,authentic_public_web,wav,,cc-by-sa-4.0,eval,https://huggingface.co/datasets/mueller91/In-The-Wild,4.08,0,,,,,,,,,,,,0.06816,0.082323,0.241379,1108.402,1202.255,0.213883,0.179187,0.072388,0.147471,197.963,136.765,0.690861
/data/mighty-morphing/audio/public/in_the_wild/release_in_the_wild/release_in_the_wild/238.wav,in_the_wild,real,in_the_wild,Bill Clinton,en,,authentic_public_web,wav,,cc-by-sa-4.0,eval,https://huggingface.co/datasets/mueller91/In-The-Wild,4.607,0,,,,,,,,,,,,0.172668,0.135516,0.104575,400.674,209.255,0.096727,0.067633,0.004041,0.051639,206.893,41.007,0.198203
/data/mighty-morphing/audio/public/in_the_wild/release_in_the_wild/release_in_the_wild/239.wav,in_the_wild,real,in_the_wild,Louis Farrakhan,en,,authentic_public_web,wav,,cc-by-sa-4.0,eval,https://huggingface.co/datasets/mueller91/In-The-Wild,3.162,0,,,,,,,,,,,,0.107954,0.091955,0.242038,818.664,1071.974,0.146896,0.117691,0.050658,0.109735,203.898,70.857,0.347512
/data/mighty-morphing/audio/public/in_the_wild/release_in_the_wild/release_in_the_wild/240.wav,in_the_wild,real,in_the_wild,JFK,en,,authentic_public_web,wav,,cc-by-sa-4.0,eval,https://huggingface.co/datasets/mueller91/In-The-Wild,2.131,0,,,,,,,,,,,,0.114782,0.133757,0.350711,652.088,346.85,0.196251,0.109258,0.011312,0.094891,209.571,55.598,0.265292
/data/mighty-morphing/audio/public/in_the_wild/release_in_the_wild/release_in_the_wild/241.wav,in_the_wild,real,in_the_wild,Ronald Reagan,en,,authentic_public_web,wav,,cc-by-sa-4.0,eval,https://huggingface.co/datasets/mueller91/In-The-Wild,1.921,0,,,,,,,,,,,,0.089633,0.074646,0.0,643.499,1032.692,0.184583,0.138132,0.047341,0.090022,153.868,113.695,0.738917
/data/mighty-morphing/audio/public/in_the_wild/release_in_the_wild/release_in_the_wild/242.wav,in_the_wild,real,in_the_wild,Ayn Rand,en,,authentic_public_web,wav,,cc-by-sa-4.0,eval,https://huggingface.co/datasets/mueller91/In-The-Wild,1.664,0,,,,,,,,,,,,0.158142,0.139794,0.0,543.985,613.442,0.111918,0.067421,0.004244,0.08247,173.693,86.437,0.497643
/data/mighty-morphing/audio/public/in_the_wild/release_in_the_wild/release_in_the_wild/243.wav,in_the_wild,real,in_the_wild,Donald Trump,en,,authentic_public_web,wav,,cc-by-sa-4.0,eval,https://huggingface.co/datasets/mueller91/In-The-Wild,2.917,0,,,,,,,,,,,,0.121074,0.098937,0.0,471.756,241.897,0.152044,0.071526,0.001305,0.070055,142.431,16.19,0.113671
/data/mighty-morphing/audio/public/in_the_wild/release_in_the_wild/release_in_the_wild/244.wav,in_the_wild,real,in_the_wild,Barack Obama,en,,authentic_public_web,wav,,cc-by-sa-4.0,eval,https://huggingface.co/datasets/mueller91/In-The-Wild,4.87,0,,,,,,,,,,,,0.074757,0.078662,0.206186,969.704,1189.178,0.234512,0.142652,0.058298,0.134137,194.702,47.252,0.242689
/data/mighty-morphing/audio/public/in_the_wild/release_in_the_wild/release_in_the_wild/245.wav,in_the_wild,real,in_the_wild,Ronald Reagan,en,,authentic_public_web,wav,,cc-by-sa-4.0,eval,https://huggingface.co/datasets/mueller91/In-The-Wild,5.102,0,,,,,,,,,,,,0.145471,0.109344,0.001969,1051.236,1536.624,0.242299,0.144849,0.112485,0.138399,156.47,77.661,0.496331
/data/mighty-morphing/audio/public/in_the_wild/release_in_the_wild/release_in_the_wild/246.wav,unknown_public_web,synthetic,in_the_wild,Martin Luther King,en,unknown_public_web,in_the_wild_tts,wav,,cc-by-sa-4.0,eval,https://huggingface.co/datasets/mueller91/In-The-Wild,5.15,0,,,,,,,,,,,,0.144241,0.098081,0.116959,507.16,249.228,0.065243,0.02219,0.001263,0.073186,185.936,22.775,0.122491
/data/mighty-morphing/audio/public/in_the_wild/release_in_the_wild/release_in_the_wild/247.wav,in_the_wild,real,in_the_wild,Norm MacDonald,en,,authentic_public_web,wav,,cc-by-sa-4.0,eval,https://huggingface.co/datasets/mueller91/In-The-Wild,5.705,0,,,,,,,,,,,,0.093616,0.075248,0.15993,759.438,1206.169,0.196797,0.125613,0.068634,0.107146,226.945,155.493,0.685158
/data/mighty-morphing/audio/public/in_the_wild/release_in_the_wild/release_in_the_wild/248.wav,in_the_wild,real,in_the_wild,Christopher Hitchens,en,,authentic_public_web,wav,,cc-by-sa-4.0,eval,https://huggingface.co/datasets/mueller91/In-The-Wild,1.946,0,,,,,,,,,,,,0.082552,0.080604,0.046632,972.0,1397.753,0.29719,0.13866,0.100856,0.13602,153.426,123.473,0.804775
/data/mighty-morphing/audio/public/in_the_wild/release_in_the_wild/release_in_the_wild/249.wav,in_the_wild,real,in_the_wild,Alec Guinness,en,,authentic_public_web,wav,,cc-by-sa-4.0,eval,https://huggingface.co/datasets/mueller91/In-The-Wild,2.519,0,,,,,,,,,,,,0.067894,0.064622,0.208,422.326,710.101,0.165122,0.097985,0.029992,0.062038,98.281,54.565,0.555198
/data/mighty-morphing/audio/public/in_the_wild/release_in_the_wild/release_in_the_wild/250.wav,in_the_wild,real,in_the_wild,Donald Trump,en,,authentic_public_web,wav,,cc-by-sa-4.0,eval,https://huggingface.co/datasets/mueller91/In-The-Wild,4.217,0,,,,,,,,,,,,0.14582,0.078631,0.0,818.405,1046.433,0.182292,0.100237,0.045523,0.114691,152.357,11.39,0.074757
/data/mighty-morphing/audio/public/in_the_wild/release_in_the_wild/release_in_the_wild/251.wav,unknown_public_web,synthetic,in_the_wild,Barack Obama,en,unknown_public_web,in_the_wild_tts,wav,,cc-by-sa-4.0,eval,https://huggingface.co/datasets/mueller91/In-The-Wild,5.216,0,,,,,,,,,,,,0.056055,0.061385,0.363462,796.542,1043.843,0.132912,0.165627,0.049492,0.106405,180.043,37.392,0.207682
/data/mighty-morphing/audio/public/in_the_wild/release_in_the_wild/release_in_the_wild/252.wav,in_the_wild,real,in_the_wild,Queen Elizabeth II,en,,authentic_public_web,wav,,cc-by-sa-4.0,eval,https://huggingface.co/datasets/mueller91/In-The-Wild,0.75,0,,,,,,,,,,,,0.055964,0.026439,0.0,596.606,530.437,0.46567,0.079404,0.046879,0.095398,134.183,24.84,0.185117
/data/mighty-morphing/audio/public/in_the_wild/release_in_the_wild/release_in_the_wild/253.wav,unknown_public_web,synthetic,in_the_wild,Alexandria Ocasio-Cortez,en,unknown_public_web,in_the_wild_tts,wav,,cc-by-sa-4.0,eval,https://huggingface.co/datasets/mueller91/In-The-Wild,5.522,0,,,,,,,,,,,,0.075105,0.073735,0.210909,711.074,713.745,0.087217,0.105783,0.020555,0.096193,225.413,44.77,0.198616
/data/mighty-morphing/audio/public/in_the_wild/release_in_the_wild/release_in_the_wild/254.wav,in_the_wild,real,in_the_wild,Bernie Sanders,en,,authentic_public_web,wav,,cc-by-sa-4.0,eval,https://huggingface.co/datasets/mueller91/In-The-Wild,2.572,0,,,,,,,,,,,,0.069636,0.087397,0.317647,1569.366,2019.335,0.257342,0.198498,0.206306,0.199867,183.65,107.792,0.586946
/data/mighty-morphing/audio/public/in_the_wild/release_in_the_wild/release_in_the_wild/255.wav,in_the_wild,real,in_the_wild,Alec Guinness,en,,authentic_public_web,wav,,cc-by-sa-4.0,eval,https://huggingface.co/datasets/mueller91/In-The-Wild,3.217,0,,,,,,,,,,,,0.056304,0.051777,0.115625,468.222,316.853,0.188283,0.083863,0.00685,0.071079,108.179,90.841,0.839723
/data/mighty-morphing/audio/public/in_the_wild/release_in_the_wild/release_in_the_wild/256.wav,in_the_wild,real,in_the_wild,Winston Churchill,en,,authentic_public_web,wav,,cc-by-sa-4.0,eval,https://huggingface.co/datasets/mueller91/In-The-Wild,1.548,0,,,,,,,,,,,,0.07156,0.096568,0.339869,840.947,248.272,0.319292,0.131497,0.016174,0.133338,212.576,136.523,0.642229
/data/mighty-morphing/audio/public/in_the_wild/release_in_the_wild/release_in_the_wild/257.wav,unknown_public_web,synthetic,in_the_wild,Richard Nixon,en,unknown_public_web,in_the_wild_tts,wav,,cc-by-sa-4.0,eval,https://huggingface.co/datasets/mueller91/In-The-Wild,7.379,0,,,,,,,,,,,,0.063487,0.054502,0.127717,720.913,813.1,0.096576,0.090692,0.020979,0.097944,148.713,55.594,0.373835
/data/mighty-morphing/audio/public/in_the_wild/release_in_the_wild/release_in_the_wild/258.wav,in_the_wild,real,in_the_wild,Barack Obama,en,,authentic_public_web,wav,,cc-by-sa-4.0,eval,https://huggingface.co/datasets/mueller91/In-The-Wild,2.557,0,,,,,,,,,,,,0.082983,0.112881,0.326772,1342.447,1638.356,0.241331,0.181815,0.106443,0.175347,258.596,129.377,0.500304
/data/mighty-morphing/audio/public/in_the_wild/release_in_the_wild/release_in_the_wild/259.wav,in_the_wild,real,in_the_wild,Bernie Sanders,en,,authentic_public_web,wav,,cc-by-sa-4.0,eval,https://huggingface.co/datasets/mueller91/In-The-Wild,2.173,0,,,,,,,,,,,,0.118425,0.12762,0.102326,1549.5,1525.608,0.329799,0.168641,0.142414,0.209023,210.784,75.003,0.355827
/data/mighty-morphing/audio/public/in_the_wild/release_in_the_wild/release_in_the_wild/260.wav,in_the_wild,real,in_the_wild,Donald Trump,en,,authentic_public_web,wav,,cc-by-sa-4.0,eval,https://huggingface.co/datasets/mueller91/In-The-Wild,3.852,0,,,,,,,,,,,,0.082357,0.08274,0.195822,1292.896,1107.723,0.255323,0.132131,0.082731,0.159656,240.355,51.387,0.213797
/data/mighty-morphing/audio/public/in_the_wild/release_in_the_wild/release_in_the_wild/261.wav,unknown_public_web,synthetic,in_the_wild,Alec Guinness,en,unknown_public_web,in_the_wild_tts,wav,,cc-by-sa-4.0,eval,https://huggingface.co/datasets/mueller91/In-The-Wild,2.339,0,,,,,,,,,,,,0.075216,0.070212,0.306034,384.633,533.522,0.082252,0.100698,0.019065,0.056432,112.029,42.474,0.379139
/data/mighty-morphing/audio/public/in_the_wild/release_in_the_wild/release_in_the_wild/262.wav,in_the_wild,real,in_the_wild,Arnold Schwarzenegger,en,,authentic_public_web,wav,,cc-by-sa-4.0,eval,https://huggingface.co/datasets/mueller91/In-The-Wild,1.72,0,,,,,,,,,,,,0.107913,0.112736,0.164706,1112.549,1426.607,0.273246,0.140751,0.12212,0.147596,160.799,44.265,0.27528
/data/mighty-morphing/audio/public/in_the_wild/release_in_the_wild/release_in_the_wild/263.wav,in_the_wild,real,in_the_wild,Ayn Rand,en,,authentic_public_web,wav,,cc-by-sa-4.0,eval,https://huggingface.co/datasets/mueller91/In-The-Wild,7.373,0,,,,,,,,,,,,0.187657,0.141336,0.068027,479.441,251.536,0.070358,0.038548,0.000824,0.067732,160.909,68.701,0.426952
/data/mighty-morphing/audio/public/in_the_wild/release_in_the_wild/release_in_the_wild/264.wav,in_the_wild,real,in_the_wild,Gilbert Gottfried,en,,authentic_public_web,wav,,cc-by-sa-4.0,eval,https://huggingface.co/datasets/mueller91/In-The-Wild,19.616,0,,,,,,,,,,,,0.058489,0.060293,0.219898,1284.829,1078.829,0.20184,0.110091,0.054375,0.167223,174.885,69.769,0.398941
/data/mighty-morphing/audio/public/in_the_wild/release_in_the_wild/release_in_the_wild/265.wav,unknown_public_web,synthetic,in_the_wild,Alec Guinness,en,unknown_public_web,in_the_wild_tts,wav,,cc-by-sa-4.0,eval,https://huggingface.co/datasets/mueller91/In-The-Wild,5.971,0,,,,,,,,,,,,0.079231,0.06129,0.136134,493.247,874.042,0.096159,0.107916,0.034373,0.071166,132.81,42.635,0.321023
/data/mighty-morphing/audio/public/in_the_wild/release_in_the_wild/release_in_the_wild/266.wav,in_the_wild,real,in_the_wild,Bernie Sanders,en,,authentic_public_web,wav,,cc-by-sa-4.0,eval,https://huggingface.co/datasets/mueller91/In-The-Wild,3.96,0,,,,,,,,,,,,0.11851,0.103383,0.271574,728.49,839.625,0.183801,0.122929,0.026764,0.096609,216.367,79.3,0.366506
/data/mighty-morphing/audio/public/in_the_wild/release_in_the_wild/release_in_the_wild/267.wav,unknown_public_web,synthetic,in_the_wild,Alec Guinness,en,unknown_public_web,in_the_wild_tts,wav,,cc-by-sa-4.0,eval,https://huggingface.co/datasets/mueller91/In-The-Wild,2.735,0,,,,,,,,,,,,0.121261,0.094933,0.150735,296.046,68.364,0.058153,0.0335,0.000123,0.044631,120.4,39.202,0.325595
/data/mighty-morphing/audio/public/in_the_wild/release_in_the_wild/release_in_the_wild/268.wav,in_the_wild,real,in_the_wild,Donald Trump,en,,authentic_public_web,wav,,cc-by-sa-4.0,eval,https://huggingface.co/datasets/mueller91/In-The-Wild,1.985,0,,,,,,,,,,,,0.103963,0.101294,0.228426,1224.162,1305.916,0.273834,0.133204,0.10237,0.165492,215.33,42.931,0.199375
/data/mighty-morphing/audio/public/in_the_wild/release_in_the_wild/release_in_the_wild/269.wav,unknown_public_web,synthetic,in_the_wild,Ayn Rand,en,unknown_public_web,in_the_wild_tts,wav,,cc-by-sa-4.0,eval,https://huggingface.co/datasets/mueller91/In-The-Wild,4.621,0,,,,,,,,,,,,0.082982,0.078779,0.217391,756.802,735.559,0.089033,0.093639,0.014763,0.104417,192.286,89.664,0.466308
/data/mighty-morphing/audio/public/in_the_wild/release_in_the_wild/release_in_the_wild/270.wav,unknown_public_web,synthetic,in_the_wild,Queen Elizabeth II,en,unknown_public_web,in_the_wild_tts,wav,,cc-by-sa-4.0,eval,https://huggingface.co/datasets/mueller91/In-The-Wild,5.405,0,,,,,,,,,,,,0.125978,0.109633,0.176252,556.464,286.024,0.043043,0.039136,0.00222,0.0801,219.066,42.437,0.193717
/data/mighty-morphing/audio/public/in_the_wild/release_in_the_wild/release_in_the_wild/271.wav,unknown_public_web,synthetic,in_the_wild,Ronald Reagan,en,unknown_public_web,in_the_wild_tts,wav,,cc-by-sa-4.0,eval,https://huggingface.co/datasets/mueller91/In-The-Wild,3.392,0,,,,,,,,,,,,0.100696,0.088649,0.210682,879.305,1443.845,0.114174,0.175098,0.087625,0.117829,154.87,76.456,0.493675
/data/mighty-morphing/audio/public/in_the_wild/release_in_the_wild/release_in_the_wild/272.wav,in_the_wild,real,in_the_wild,Barack Obama,en,,authentic_public_web,wav,,cc-by-sa-4.0,eval,https://huggingface.co/datasets/mueller91/In-The-Wild,6.473,0,,,,,,,,,,,,0.053689,0.06515,0.257364,945.691,1159.817,0.231928,0.143816,0.070135,0.132258,163.87,45.369,0.27686
/data/mighty-morphing/audio/public/in_the_wild/release_in_the_wild/release_in_the_wild/273.wav,unknown_public_web,synthetic,in_the_wild,Mark Zuckerberg,en,unknown_public_web,in_the_wild_tts,wav,,cc-by-sa-4.0,eval,https://huggingface.co/datasets/mueller91/In-The-Wild,6.624,0,,,,,,,,,,,,0.147067,0.08903,0.072727,613.503,916.942,0.093269,0.103866,0.028334,0.082946,189.997,54.036,0.284402
/data/mighty-morphing/audio/public/in_the_wild/release_in_the_wild/release_in_the_wild/274.wav,in_the_wild,real,in_the_wild,Bill Burr,en,,authentic_public_web,wav,,cc-by-sa-4.0,eval,https://huggingface.co/datasets/mueller91/In-The-Wild,1.936,0,,,,,,,,,,,,0.069775,0.083469,0.463542,1008.698,1168.485,0.250167,0.156032,0.074693,0.132612,167.519,81.25,0.485016
/data/mighty-morphing/audio/public/in_the_wild/release_in_the_wild/release_in_the_wild/275.wav,unknown_public_web,synthetic,in_the_wild,Alec Guinness,en,unknown_public_web,in_the_wild_tts,wav,,cc-by-sa-4.0,eval,https://huggingface.co/datasets/mueller91/In-The-Wild,6.68,0,,,,,,,,,,,,0.064871,0.05614,0.177177,340.782,393.575,0.060416,0.069028,0.007705,0.050172,112.753,38.139,0.338257
/data/mighty-morphing/audio/public/in_the_wild/release_in_the_wild/release_in_the_wild/276.wav,in_the_wild,real,in_the_wild,Barack Obama,en,,authentic_public_web,wav,,cc-by-sa-4.0,eval,https://huggingface.co/datasets/mueller91/In-The-Wild,4.674,0,,,,,,,,,,,,0.061416,0.071441,0.298925,989.052,1287.805,0.219812,0.160708,0.069658,0.130309,138.607,41.96,0.302729
/data/mighty-morphing/audio/public/in_the_wild/release_in_the_wild/release_in_the_wild/277.wav,unknown_public_web,synthetic,in_the_wild,Ayn Rand,en,unknown_public_web,in_the_wild_tts,wav,,cc-by-sa-4.0,eval,https://huggingface.co/datasets/mueller91/In-The-Wild,7.312,0,,,,,,,,,,,,0.068689,0.076873,0.293553,1289.106,1390.283,0.207083,0.178254,0.088699,0.172668,196.02,101.405,0.517318
/data/mighty-morphing/audio/public/in_the_wild/release_in_the_wild/release_in_the_wild/278.wav,unknown_public_web,synthetic,in_the_wild,Bill Clinton,en,unknown_public_web,in_the_wild_tts,wav,,cc-by-sa-4.0,eval,https://huggingface.co/datasets/mueller91/In-The-Wild,10.383,0,,,,,,,,,,,,0.120615,0.082867,0.083012,741.361,1037.295,0.088774,0.127071,0.048585,0.097126,184.779,49.548,0.268148
/data/mighty-morphing/audio/public/in_the_wild/release_in_the_wild/release_in_the_wild/279.wav,in_the_wild,real,in_the_wild,Donald Trump,en,,authentic_public_web,wav,,cc-by-sa-4.0,eval,https://huggingface.co/datasets/mueller91/In-The-Wild,5.016,0,,,,,,,,,,,,0.145914,0.099162,0.09,1211.039,1134.408,0.269101,0.10912,0.064651,0.159823,173.693,42.415,0.244194
/data/mighty-morphing/audio/public/in_the_wild/release_in_the_wild/release_in_the_wild/280.wav,in_the_wild,real,in_the_wild,Bernie Sanders,en,,authentic_public_web,wav,,cc-by-sa-4.0,eval,https://huggingface.co/datasets/mueller91/In-The-Wild,2.254,0,,,,,,,,,,,,0.130084,0.131886,0.076233,924.953,1339.921,0.25032,0.143989,0.078431,0.121476,213.684,89.677,0.419669
/data/mighty-morphing/audio/public/in_the_wild/release_in_the_wild/release_in_the_wild/281.wav,in_the_wild,real,in_the_wild,Barack Obama,en,,authentic_public_web,wav,,cc-by-sa-4.0,eval,https://huggingface.co/datasets/mueller91/In-The-Wild,3.206,0,,,,,,,,,,,,0.05642,0.085743,0.46395,1077.615,1255.034,0.239963,0.170828,0.085865,0.146054,195.991,65.729,0.335366
/data/mighty-morphing/audio/public/in_the_wild/release_in_the_wild/release_in_the_wild/282.wav,unknown_public_web,synthetic,in_the_wild,Ayn Rand,en,unknown_public_web,in_the_wild_tts,wav,,cc-by-sa-4.0,eval,https://huggingface.co/datasets/mueller91/In-The-Wild,5.581,0,,,,,,,,,,,,0.077558,0.076929,0.25,588.984,384.331,0.071396,0.066402,0.003672,0.084262,193.308,100.713,0.520998
/data/mighty-morphing/audio/public/in_the_wild/release_in_the_wild/release_in_the_wild/283.wav,unknown_public_web,synthetic,in_the_wild,John Cleese,en,unknown_public_web,in_the_wild_tts,wav,,cc-by-sa-4.0,eval,https://huggingface.co/datasets/mueller91/In-The-Wild,4.272,0,,,,,,,,,,,,0.080943,0.077592,0.216471,452.748,420.318,0.057731,0.058697,0.002613,0.064119,148.237,41.64,0.280898
/data/mighty-morphing/audio/public/in_the_wild/release_in_the_wild/release_in_the_wild/284.wav,in_the_wild,real,in_the_wild,Ayn Rand,en,,authentic_public_web,wav,,cc-by-sa-4.0,eval,https://huggingface.co/datasets/mueller91/In-The-Wild,5.192,0,,,,,,,,,,,,0.199735,0.156074,0.017408,534.955,270.98,0.098583,0.075458,0.005359,0.077381,163.957,45.599,0.278114
/data/mighty-morphing/audio/public/in_the_wild/release_in_the_wild/release_in_the_wild/285.wav,unknown_public_web,synthetic,in_the_wild,Winston Churchill,en,unknown_public_web,in_the_wild_tts,wav,,cc-by-sa-4.0,eval,https://huggingface.co/datasets/mueller91/In-The-Wild,9.799,0,,,,,,,,,,,,0.069844,0.058293,0.235174,512.762,276.529,0.0286,0.009785,9e-06,0.072934,139.391,42.16,0.302455
/data/mighty-morphing/audio/public/in_the_wild/release_in_the_wild/release_in_the_wild/286.wav,in_the_wild,real,in_the_wild,George Carlin,en,,authentic_public_web,wav,,cc-by-sa-4.0,eval,https://huggingface.co/datasets/mueller91/In-The-Wild,1.637,0,,,,,,,,,,,,0.051438,0.065958,0.401235,890.848,1241.526,0.216806,0.182963,0.079368,0.121637,167.782,118.411,0.705744
/data/mighty-morphing/audio/public/in_the_wild/release_in_the_wild/release_in_the_wild/287.wav,unknown_public_web,synthetic,in_the_wild,Bill Clinton,en,unknown_public_web,in_the_wild_tts,wav,,cc-by-sa-4.0,eval,https://huggingface.co/datasets/mueller91/In-The-Wild,2.045,0,,,,,,,,,,,,0.132737,0.108045,0.162562,836.646,1076.588,0.097171,0.127434,0.049094,0.109269,172.912,40.915,0.236622
/data/mighty-morphing/audio/public/in_the_wild/release_in_the_wild/release_in_the_wild/288.wav,in_the_wild,real,in_the_wild,Barack Obama,en,,authentic_public_web,wav,,cc-by-sa-4.0,eval,https://huggingface.co/datasets/mueller91/In-The-Wild,5.037,0,,,,,,,,,,,,0.056804,0.083425,0.501992,910.106,1091.409,0.221813,0.159806,0.060823,0.119117,213.534,70.981,0.332413
/data/mighty-morphing/audio/public/in_the_wild/release_in_the_wild/release_in_the_wild/289.wav,in_the_wild,real,in_the_wild,Ayn Rand,en,,authentic_public_web,wav,,cc-by-sa-4.0,eval,https://huggingface.co/datasets/mueller91/In-The-Wild,1.252,0,,,,,,,,,,,,0.223858,0.173278,0.162602,373.526,139.063,0.044321,0.024877,1.7e-05,0.051754,156.018,59.399,0.380721
/data/mighty-morphing/audio/public/in_the_wild/release_in_the_wild/release_in_the_wild/290.wav,in_the_wild,real,in_the_wild,Donald Trump,en,,authentic_public_web,wav,,cc-by-sa-4.0,eval,https://huggingface.co/datasets/mueller91/In-The-Wild,7.291,0,,,,,,,,,,,,0.069545,0.060812,0.151307,1558.181,1388.04,0.295224,0.142282,0.122015,0.201409,194.973,34.88,0.178899
/data/mighty-morphing/audio/public/in_the_wild/release_in_the_wild/release_in_the_wild/291.wav,in_the_wild,real,in_the_wild,Winston Churchill,en,,authentic_public_web,wav,,cc-by-sa-4.0,eval,https://huggingface.co/datasets/mueller91/In-The-Wild,2.965,0,,,,,,,,,,,,0.091371,0.072297,0.0,604.295,340.155,0.364854,0.113333,0.022753,0.119518,107.952,82.986,0.768728
/data/mighty-morphing/audio/public/in_the_wild/release_in_the_wild/release_in_the_wild/292.wav,unknown_public_web,synthetic,in_the_wild,Bernie Sanders,en,unknown_public_web,in_the_wild_tts,wav,,cc-by-sa-4.0,eval,https://huggingface.co/datasets/mueller91/In-The-Wild,4.024,0,,,,,,,,,,,,0.087097,0.093535,0.29,481.738,897.216,0.084399,0.104651,0.027557,0.066686,121.974,33.716,0.276416
/data/mighty-morphing/audio/public/in_the_wild/release_in_the_wild/release_in_the_wild/293.wav,unknown_public_web,synthetic,in_the_wild,Bernie Sanders,en,unknown_public_web,in_the_wild_tts,wav,,cc-by-sa-4.0,eval,https://huggingface.co/datasets/mueller91/In-The-Wild,4.923,0,,,,,,,,,,,,0.095571,0.091422,0.230612,778.462,1613.099,0.104247,0.117953,0.089293,0.102308,127.078,42.96,0.338061
/data/mighty-morphing/audio/public/in_the_wild/release_in_the_wild/release_in_the_wild/294.wav,unknown_public_web,synthetic,in_the_wild,Bernie Sanders,en,unknown_public_web,in_the_wild_tts,wav,,cc-by-sa-4.0,eval,https://huggingface.co/datasets/mueller91/In-The-Wild,2.112,0,,,,,,,,,,,,0.072057,0.077905,0.239234,419.782,836.486,0.075041,0.104255,0.030666,0.060335,132.167,62.365,0.471864
/data/mighty-morphing/audio/public/in_the_wild/release_in_the_wild/release_in_the_wild/295.wav,unknown_public_web,synthetic,in_the_wild,Dwight Eisenhower,en,unknown_public_web,in_the_wild_tts,wav,,cc-by-sa-4.0,eval,https://huggingface.co/datasets/mueller91/In-The-Wild,3.668,0,,,,,,,,,,,,0.139199,0.128758,0.19726,456.569,118.723,0.029349,0.014643,7.8e-05,0.059082,158.104,47.204,0.298563
/data/mighty-morphing/audio/public/in_the_wild/release_in_the_wild/release_in_the_wild/296.wav,unknown_public_web,synthetic,in_the_wild,Alec Guinness,en,unknown_public_web,in_the_wild_tts,wav,,cc-by-sa-4.0,eval,https://huggingface.co/datasets/mueller91/In-The-Wild,2.038,0,,,,,,,,,,,,0.128128,0.133232,0.232673,1381.209,2136.004,0.147101,0.159519,0.201641,0.186994,134.524,78.132,0.580804
/data/mighty-morphing/audio/public/in_the_wild/release_in_the_wild/release_in_the_wild/297.wav,unknown_public_web,synthetic,in_the_wild,Malcolm X,en,unknown_public_web,in_the_wild_tts,wav,,cc-by-sa-4.0,eval,https://huggingface.co/datasets/mueller91/In-The-Wild,2.779,0,,,,,,,,,,,,0.096716,0.100982,0.235507,494.474,400.084,0.09605,0.119145,0.014021,0.067249,160.135,27.162,0.169621
/data/mighty-morphing/audio/public/in_the_wild/release_in_the_wild/release_in_the_wild/298.wav,in_the_wild,real,in_the_wild,Ayn Rand,en,,authentic_public_web,wav,,cc-by-sa-4.0,eval,https://huggingface.co/datasets/mueller91/In-The-Wild,0.95,0,,,,,,,,,,,,0.126993,0.128194,0.0,393.502,365.216,0.10363,0.056028,0.000138,0.051253,365.961,129.009,0.352521
/data/mighty-morphing/audio/public/in_the_wild/release_in_the_wild/release_in_the_wild/299.wav,in_the_wild,real,in_the_wild,Donald Trump,en,,authentic_public_web,wav,,cc-by-sa-4.0,eval,https://huggingface.co/datasets/mueller91/In-The-Wild,3.069,0,,,,,,,,,,,,0.115672,0.082332,0.0,514.71,614.689,0.122021,0.096582,0.011925,0.071846,140.411,45.81,0.326255
/data/mighty-morphing/audio/public/in_the_wild/release_in_the_wild/release_in_the_wild/300.wav,in_the_wild,real,in_the_wild,Bill Clinton,en,,authentic_public_web,wav,,cc-by-sa-4.0,eval,https://huggingface.co/datasets/mueller91/In-The-Wild,2.283,0,,,,,,,,,,,,0.183624,0.142843,0.190265,355.166,90.006,0.075549,0.059496,0.000744,0.04455,176.958,12.292,0.069466
/data/mighty-morphing/audio/public/in_the_wild/release_in_the_wild/release_in_the_wild/301.wav,in_the_wild,real,in_the_wild,Barack Obama,en,,authentic_public_web,wav,,cc-by-sa-4.0,eval,https://huggingface.co/datasets/mueller91/In-The-Wild,2.935,0,,,,,,,,,,,,0.085199,0.100505,0.280822,961.876,1150.241,0.147842,0.153614,0.058655,0.130168,185.917,78.151,0.420354
/data/mighty-morphing/audio/public/in_the_wild/release_in_the_wild/release_in_the_wild/302.wav,unknown_public_web,synthetic,in_the_wild,Alec Guinness,en,unknown_public_web,in_the_wild_tts,wav,,cc-by-sa-4.0,eval,https://huggingface.co/datasets/mueller91/In-The-Wild,3.094,0,,,,,,,,,,,,0.132813,0.090093,0.107492,341.411,119.077,0.038489,0.024501,3.9e-05,0.046057,124.065,39.974,0.322205
/data/mighty-morphing/audio/public/in_the_wild/release_in_the_wild/release_in_the_wild/303.wav,unknown_public_web,synthetic,in_the_wild,Louis Farrakhan,en,unknown_public_web,in_the_wild_tts,wav,,cc-by-sa-4.0,eval,https://huggingface.co/datasets/mueller91/In-The-Wild,2.248,0,,,,,,,,,,,,0.070947,0.066686,0.255605,1229.038,1300.051,0.213039,0.068175,0.0661,0.164791,238.593,26.791,0.112285
/data/mighty-morphing/audio/public/in_the_wild/release_in_the_wild/release_in_the_wild/304.wav,in_the_wild,real,in_the_wild,Barack Obama,en,,authentic_public_web,wav,,cc-by-sa-4.0,eval,https://huggingface.co/datasets/mueller91/In-The-Wild,3.629,0,,,,,,,,,,,,0.066334,0.061311,0.224377,789.02,798.75,0.208858,0.100458,0.030199,0.108637,180.815,44.975,0.248732
/data/mighty-morphing/audio/public/in_the_wild/release_in_the_wild/release_in_the_wild/305.wav,in_the_wild,real,in_the_wild,Martin Luther King,en,,authentic_public_web,wav,,cc-by-sa-4.0,eval,https://huggingface.co/datasets/mueller91/In-The-Wild,6.191,0,,,,,,,,,,,,0.164336,0.087035,0.0,605.185,170.414,0.113716,0.039602,0.000509,0.081757,201.106,67.341,0.334854
/data/mighty-morphing/audio/public/in_the_wild/release_in_the_wild/release_in_the_wild/306.wav,in_the_wild,real,in_the_wild,George Carlin,en,,authentic_public_web,wav,,cc-by-sa-4.0,eval,https://huggingface.co/datasets/mueller91/In-The-Wild,1.411,0,,,,,,,,,,,,0.062821,0.083126,0.374101,1895.986,2015.637,0.286492,0.184144,0.267193,0.242996,194.282,141.377,0.727692
/data/mighty-morphing/audio/public/in_the_wild/release_in_the_wild/release_in_the_wild/307.wav,unknown_public_web,synthetic,in_the_wild,Ronald Reagan,en,unknown_public_web,in_the_wild_tts,wav,,cc-by-sa-4.0,eval,https://huggingface.co/datasets/mueller91/In-The-Wild,4.343,0,,,,,,,,,,,,0.087507,0.073107,0.185185,1166.858,1515.461,0.128783,0.141103,0.099035,0.154122,151.951,57.831,0.380591
/data/mighty-morphing/audio/public/in_the_wild/release_in_the_wild/release_in_the_wild/308.wav,in_the_wild,real,in_the_wild,Ronald Reagan,en,,authentic_public_web,wav,,cc-by-sa-4.0,eval,https://huggingface.co/datasets/mueller91/In-The-Wild,1.718,0,,,,,,,,,,,,0.1352,0.116317,0.0,788.726,1161.899,0.233155,0.179502,0.065742,0.112828,125.404,40.546,0.323322
/data/mighty-morphing/audio/public/in_the_wild/release_in_the_wild/release_in_the_wild/309.wav,in_the_wild,real,in_the_wild,Bernie Sanders,en,,authentic_public_web,wav,,cc-by-sa-4.0,eval,https://huggingface.co/datasets/mueller91/In-The-Wild,2.948,0,,,,,,,,,,,,0.113271,0.085039,0.174061,695.893,331.942,0.171655,0.095455,0.008006,0.098694,242.258,48.153,0.198769
/data/mighty-morphing/audio/public/in_the_wild/release_in_the_wild/release_in_the_wild/310.wav,unknown_public_web,synthetic,in_the_wild,JFK,en,unknown_public_web,in_the_wild_tts,wav,,cc-by-sa-4.0,eval,https://huggingface.co/datasets/mueller91/In-The-Wild,2.169,0,,,,,,,,,,,,0.054343,0.053954,0.232558,1078.137,492.693,0.082518,0.026374,0.000959,0.146402,176.374,47.467,0.269128
/data/mighty-morphing/audio/public/in_the_wild/release_in_the_wild/release_in_the_wild/311.wav,in_the_wild,real,in_the_wild,Barack Obama,en,,authentic_public_web,wav,,cc-by-sa-4.0,eval,https://huggingface.co/datasets/mueller91/In-The-Wild,1.767,0,,,,,,,,,,,,0.06722,0.102155,0.457143,831.845,1284.238,0.209508,0.131679,0.06457,0.117509,215.12,111.625,0.518899
/data/mighty-morphing/audio/public/in_the_wild/release_in_the_wild/release_in_the_wild/312.wav,unknown_public_web,synthetic,in_the_wild,Christopher Hitchens,en,unknown_public_web,in_the_wild_tts,wav,,cc-by-sa-4.0,eval,https://huggingface.co/datasets/mueller91/In-The-Wild,8.135,0,,,,,,,,,,,,0.070984,0.068726,0.197044,841.944,1581.14,0.11292,0.156476,0.086902,0.107731,146.062,62.475,0.427728
/data/mighty-morphing/audio/public/in_the_wild/release_in_the_wild/release_in_the_wild/313.wav,in_the_wild,real,in_the_wild,Nelson Mandela,en,,authentic_public_web,wav,,cc-by-sa-4.0,eval,https://huggingface.co/datasets/mueller91/In-The-Wild,2.13,0,,,,,,,,,,,,0.093013,0.087398,0.180095,702.364,496.188,0.17015,0.133105,0.011321,0.097086,210.593,36.943,0.175426
/data/mighty-morphing/audio/public/in_the_wild/release_in_the_wild/release_in_the_wild/314.wav,in_the_wild,real,in_the_wild,Christopher Hitchens,en,,authentic_public_web,wav,,cc-by-sa-4.0,eval,https://huggingface.co/datasets/mueller91/In-The-Wild,13.315,0,,,,,,,,,,,,0.06468,0.081872,0.254135,1132.516,1257.957,0.257329,0.169903,0.079961,0.151536,214.895,125.558,0.584275
/data/mighty-morphing/audio/public/in_the_wild/release_in_the_wild/release_in_the_wild/315.wav,in_the_wild,real,in_the_wild,Barack Obama,en,,authentic_public_web,wav,,cc-by-sa-4.0,eval,https://huggingface.co/datasets/mueller91/In-The-Wild,1.249,0,,,,,,,,,,,,0.086286,0.109947,0.471545,527.107,372.543,0.177299,0.16175,0.011286,0.082143,252.125,100.297,0.397806
/data/mighty-morphing/audio/public/in_the_wild/release_in_the_wild/release_in_the_wild/316.wav,in_the_wild,real,in_the_wild,Bernie Sanders,en,,authentic_public_web,wav,,cc-by-sa-4.0,eval,https://huggingface.co/datasets/mueller91/In-The-Wild,3.608,0,,,,,,,,,,,,0.088266,0.083477,0.13649,717.686,837.074,0.200877,0.117681,0.051925,0.107694,185.594,99.028,0.533573
/data/mighty-morphing/audio/public/in_the_wild/release_in_the_wild/release_in_the_wild/317.wav,unknown_public_web,synthetic,in_the_wild,Arnold Schwarzenegger,en,unknown_public_web,in_the_wild_tts,wav,,cc-by-sa-4.0,eval,https://huggingface.co/datasets/mueller91/In-The-Wild,2.596,0,,,,,,,,,,,,0.116193,0.09564,0.116279,634.872,966.472,0.170325,0.139767,0.044855,0.088033,145.464,48.973,0.336666
/data/mighty-morphing/audio/public/in_the_wild/release_in_the_wild/release_in_the_wild/318.wav,unknown_public_web,synthetic,in_the_wild,Gilbert Gottfried,en,unknown_public_web,in_the_wild_tts,wav,,cc-by-sa-4.0,eval,https://huggingface.co/datasets/mueller91/In-The-Wild,6.887,0,,,,,,,,,,,,0.106916,0.093987,0.22853,732.701,727.625,0.11552,0.101988,0.018962,0.094508,234.141,72.618,0.310148
/data/mighty-morphing/audio/public/in_the_wild/release_in_the_wild/release_in_the_wild/319.wav,unknown_public_web,synthetic,in_the_wild,Ronald Reagan,en,unknown_public_web,in_the_wild_tts,wav,,cc-by-sa-4.0,eval,https://huggingface.co/datasets/mueller91/In-The-Wild,6.702,0,,,,,,,,,,,,0.116682,0.097869,0.185629,573.718,809.945,0.07091,0.132203,0.025385,0.076701,177.283,92.3,0.52064
/data/mighty-morphing/audio/public/in_the_wild/release_in_the_wild/release_in_the_wild/320.wav,in_the_wild,real,in_the_wild,FDR,en,,authentic_public_web,wav,,cc-by-sa-4.0,eval,https://huggingface.co/datasets/mueller91/In-The-Wild,3.669,0,,,,,,,,,,,,0.270017,0.18558,0.0,849.398,282.158,0.022727,0.008524,1e-06,0.114009,252.597,71.73,0.283971
/data/mighty-morphing/audio/public/in_the_wild/release_in_the_wild/release_in_the_wild/321.wav,in_the_wild,real,in_the_wild,Christopher Hitchens,en,,authentic_public_web,wav,,cc-by-sa-4.0,eval,https://huggingface.co/datasets/mueller91/In-The-Wild,0.685,0,,,,,,,,,,,,0.014793,0.030304,0.776119,2212.183,1439.763,0.557112,0.106016,0.213231,0.294282,272.218,117.136,0.430302
/data/mighty-morphing/audio/public/in_the_wild/release_in_the_wild/release_in_the_wild/322.wav,in_the_wild,real,in_the_wild,Barack Obama,en,,authentic_public_web,wav,,cc-by-sa-4.0,eval,https://huggingface.co/datasets/mueller91/In-The-Wild,2.577,0,,,,,,,,,,,,0.066377,0.083797,0.457031,742.184,1103.489,0.191141,0.14453,0.039268,0.103633,186.993,116.929,0.625314
/data/mighty-morphing/audio/public/in_the_wild/release_in_the_wild/release_in_the_wild/323.wav,in_the_wild,real,in_the_wild,Louis Farrakhan,en,,authentic_public_web,wav,,cc-by-sa-4.0,eval,https://huggingface.co/datasets/mueller91/In-The-Wild,3.928,0,,,,,,,,,,,,0.132003,0.130102,0.342711,584.561,586.172,0.14822,0.118392,0.014708,0.084532,185.195,62.813,0.339172
/data/mighty-morphing/audio/public/in_the_wild/release_in_the_wild/release_in_the_wild/324.wav,unknown_public_web,synthetic,in_the_wild,Barack Obama,en,unknown_public_web,in_the_wild_tts,wav,,cc-by-sa-4.0,eval,https://huggingface.co/datasets/mueller91/In-The-Wild,9.752,0,,,,,,,,,,,,0.069881,0.062829,0.208633,602.613,678.228,0.110007,0.098349,0.018421,0.081517,190.765,37.173,0.194861
/data/mighty-morphing/audio/public/in_the_wild/release_in_the_wild/release_in_the_wild/325.wav,in_the_wild,real,in_the_wild,Barack Obama,en,,authentic_public_web,wav,,cc-by-sa-4.0,eval,https://huggingface.co/datasets/mueller91/In-The-Wild,2.852,0,,,,,,,,,,,,0.07158,0.103179,0.39576,744.868,964.606,0.171139,0.149936,0.043554,0.101558,182.035,67.424,0.370389
/data/mighty-morphing/audio/public/in_the_wild/release_in_the_wild/release_in_the_wild/326.wav,in_the_wild,real,in_the_wild,Robert Kardashian,en,,authentic_public_web,wav,,cc-by-sa-4.0,eval,https://huggingface.co/datasets/mueller91/In-The-Wild,2.609,0,,,,,,,,,,,,0.098524,0.128969,0.011583,406.678,464.815,0.148066,0.123332,0.013055,0.060508,121.401,42.217,0.347747
/data/mighty-morphing/audio/public/in_the_wild/release_in_the_wild/release_in_the_wild/327.wav,in_the_wild,real,in_the_wild,Barack Obama,en,,authentic_public_web,wav,,cc-by-sa-4.0,eval,https://huggingface.co/datasets/mueller91/In-The-Wild,3.492,0,,,,,,,,,,,,0.065886,0.088032,0.423631,967.694,1220.108,0.224966,0.150299,0.06561,0.115767,164.694,59.409,0.360722
/data/mighty-morphing/audio/public/in_the_wild/release_in_the_wild/release_in_the_wild/328.wav,in_the_wild,real,in_the_wild,Ronald Reagan,en,,authentic_public_web,wav,,cc-by-sa-4.0,eval,https://huggingface.co/datasets/mueller91/In-The-Wild,4.035,0,,,,,,,,,,,,0.127278,0.107831,0.159204,668.029,972.68,0.138229,0.164142,0.045913,0.094528,124.577,20.773,0.166748
/data/mighty-morphing/audio/public/in_the_wild/release_in_the_wild/release_in_the_wild/329.wav,in_the_wild,real,in_the_wild,John Cleese,en,,authentic_public_web,wav,,cc-by-sa-4.0,eval,https://huggingface.co/datasets/mueller91/In-The-Wild,2.666,0,,,,,,,,,,,,0.067106,0.102735,0.509434,458.78,308.909,0.093722,0.117326,0.003791,0.055721,262.723,122.13,0.464861
/data/mighty-morphing/audio/public/in_the_wild/release_in_the_wild/release_in_the_wild/330.wav,in_the_wild,real,in_the_wild,Bernie Sanders,en,,authentic_public_web,wav,,cc-by-sa-4.0,eval,https://huggingface.co/datasets/mueller91/In-The-Wild,3.926,0,,,,,,,,,,,,0.106123,0.098198,0.16624,870.611,1157.455,0.199442,0.095657,0.051486,0.118949,198.13,70.964,0.358169
/data/mighty-morphing/audio/public/in_the_wild/release_in_the_wild/release_in_the_wild/331.wav,in_the_wild,real,in_the_wild,Barack Obama,en,,authentic_public_web,wav,,cc-by-sa-4.0,eval,https://huggingface.co/datasets/mueller91/In-The-Wild,6.829,0,,,,,,,,,,,,0.103383,0.118809,0.315712,626.979,646.221,0.120123,0.111834,0.011405,0.083966,175.931,74.341,0.422554
/data/mighty-morphing/audio/public/in_the_wild/release_in_the_wild/release_in_the_wild/332.wav,in_the_wild,real,in_the_wild,Malcolm X,en,,authentic_public_web,wav,,cc-by-sa-4.0,eval,https://huggingface.co/datasets/mueller91/In-The-Wild,1.112,0,,,,,,,,,,,,0.088812,0.108386,0.091743,482.846,302.517,0.032391,0.009248,0.001014,0.073494,131.362,47.077,0.358374
/data/mighty-morphing/audio/public/in_the_wild/release_in_the_wild/release_in_the_wild/333.wav,in_the_wild,real,in_the_wild,FDR,en,,authentic_public_web,wav,,cc-by-sa-4.0,eval,https://huggingface.co/datasets/mueller91/In-The-Wild,0.837,0,,,,,,,,,,,,0.144869,0.131729,0.0,847.93,346.27,0.344267,0.076507,0.009452,0.131981,159.893,31.232,0.195327
/data/mighty-morphing/audio/public/in_the_wild/release_in_the_wild/release_in_the_wild/334.wav,in_the_wild,real,in_the_wild,Barack Obama,en,,authentic_public_web,wav,,cc-by-sa-4.0,eval,https://huggingface.co/datasets/mueller91/In-The-Wild,5.021,0,,,,,,,,,,,,0.09676,0.110358,0.268,819.659,1133.197,0.142878,0.131327,0.050582,0.109281,178.452,50.834,0.284863
/data/mighty-morphing/audio/public/in_the_wild/release_in_the_wild/release_in_the_wild/335.wav,in_the_wild,real,in_the_wild,Bill Burr,en,,authentic_public_web,wav,,cc-by-sa-4.0,eval,https://huggingface.co/datasets/mueller91/In-The-Wild,5.253,0,,,,,,,,,,,,0.114839,0.094461,0.244742,720.374,1073.188,0.159936,0.134744,0.050234,0.097147,131.734,48.603,0.368953
/data/mighty-morphing/audio/public/in_the_wild/release_in_the_wild/release_in_the_wild/336.wav,in_the_wild,real,in_the_wild,Robert Kardashian,en,,authentic_public_web,wav,,cc-by-sa-4.0,eval,https://huggingface.co/datasets/mueller91/In-The-Wild,2.163,0,,,,,,,,,,,,0.124573,0.11703,0.0,434.305,275.278,0.133907,0.117641,0.003611,0.065524,135.889,67.198,0.494508
/data/mighty-morphing/audio/public/in_the_wild/release_in_the_wild/release_in_the_wild/337.wav,in_the_wild,real,in_the_wild,Bernie Sanders,en,,authentic_public_web,wav,,cc-by-sa-4.0,eval,https://huggingface.co/datasets/mueller91/In-The-Wild,2.078,0,,,,,,,,,,,,0.137925,0.146646,0.121359,929.568,967.455,0.284942,0.142096,0.060248,0.1307,216.177,88.883,0.411158
/data/mighty-morphing/audio/public/in_the_wild/release_in_the_wild/release_in_the_wild/338.wav,unknown_public_web,synthetic,in_the_wild,Ronald Reagan,en,unknown_public_web,in_the_wild_tts,wav,,cc-by-sa-4.0,eval,https://huggingface.co/datasets/mueller91/In-The-Wild,2.701,0,,,,,,,,,,,,0.07439,0.065781,0.261194,1138.73,1472.504,0.181945,0.159898,0.093625,0.152853,143.478,55.926,0.38979
/data/mighty-morphing/audio/public/in_the_wild/release_in_the_wild/release_in_the_wild/339.wav,unknown_public_web,synthetic,in_the_wild,Ronald Reagan,en,unknown_public_web,in_the_wild_tts,wav,,cc-by-sa-4.0,eval,https://huggingface.co/datasets/mueller91/In-The-Wild,5.955,0,,,,,,,,,,,,0.085984,0.075513,0.203704,1280.258,1503.649,0.186547,0.152478,0.097941,0.168439,171.446,102.135,0.595725
/data/mighty-morphing/audio/public/in_the_wild/release_in_the_wild/release_in_the_wild/340.wav,in_the_wild,real,in_the_wild,Ronald Reagan,en,,authentic_public_web,wav,,cc-by-sa-4.0,eval,https://huggingface.co/datasets/mueller91/In-The-Wild,2.095,0,,,,,,,,,,,,0.157364,0.139733,0.254808,354.288,205.472,0.100448,0.108393,0.00523,0.047192,135.818,25.237,0.185818
/data/mighty-morphing/audio/public/in_the_wild/release_in_the_wild/release_in_the_wild/341.wav,unknown_public_web,synthetic,in_the_wild,Bill Clinton,en,unknown_public_web,in_the_wild_tts,wav,,cc-by-sa-4.0,eval,https://huggingface.co/datasets/mueller91/In-The-Wild,11.432,0,,,,,,,,,,,,0.126307,0.083193,0.035933,695.198,991.887,0.106017,0.117802,0.042718,0.096574,175.066,53.67,0.306572
/data/mighty-morphing/audio/public/in_the_wild/release_in_the_wild/release_in_the_wild/342.wav,unknown_public_web,synthetic,in_the_wild,Frank Sinatra,en,unknown_public_web,in_the_wild_tts,wav,,cc-by-sa-4.0,eval,https://huggingface.co/datasets/mueller91/In-The-Wild,3.776,0,,,,,,,,,,,,0.074834,0.070754,0.162234,578.108,724.072,0.161395,0.143209,0.017832,0.086312,181.418,31.135,0.171621
/data/mighty-morphing/audio/public/in_the_wild/release_in_the_wild/release_in_the_wild/343.wav,in_the_wild,real,in_the_wild,Alec Guinness,en,,authentic_public_web,wav,,cc-by-sa-4.0,eval,https://huggingface.co/datasets/mueller91/In-The-Wild,2.563,0,,,,,,,,,,,,0.076965,0.077749,0.200787,302.206,136.332,0.18128,0.075177,0.001502,0.047254,104.184,80.368,0.771409
/data/mighty-morphing/audio/public/in_the_wild/release_in_the_wild/release_in_the_wild/344.wav,unknown_public_web,synthetic,in_the_wild,Kamala Harris,en,unknown_public_web,in_the_wild_tts,wav,,cc-by-sa-4.0,eval,https://huggingface.co/datasets/mueller91/In-The-Wild,8.308,0,,,,,,,,,,,,0.080722,0.08392,0.27503,1477.863,1675.475,0.24222,0.138097,0.113441,0.189044,194.157,39.739,0.204672
/data/mighty-morphing/audio/public/in_the_wild/release_in_the_wild/release_in_the_wild/345.wav,in_the_wild,real,in_the_wild,Mark Zuckerberg,en,,authentic_public_web,wav,,cc-by-sa-4.0,eval,https://huggingface.co/datasets/mueller91/In-The-Wild,9.05,0,,,,,,,,,,,,0.075911,0.063934,0.178295,782.298,841.664,0.188498,0.139515,0.037892,0.105857,179.757,68.139,0.379061
/data/mighty-morphing/audio/public/in_the_wild/release_in_the_wild/release_in_the_wild/346.wav,unknown_public_web,synthetic,in_the_wild,Richard Nixon,en,unknown_public_web,in_the_wild_tts,wav,,cc-by-sa-4.0,eval,https://huggingface.co/datasets/mueller91/In-The-Wild,3.531,0,,,,,,,,,,,,0.10288,0.089157,0.225071,350.053,131.177,0.041402,0.023488,0.000185,0.047245,144.809,50.929,0.351702
/data/mighty-morphing/audio/public/in_the_wild/release_in_the_wild/release_in_the_wild/347.wav,unknown_public_web,synthetic,in_the_wild,George W. Bush,en,unknown_public_web,in_the_wild_tts,wav,,cc-by-sa-4.0,eval,https://huggingface.co/datasets/mueller91/In-The-Wild,2.443,0,,,,,,,,,,,,0.078632,0.063979,0.14876,843.325,821.891,0.118769,0.123229,0.024225,0.11698,180.756,66.956,0.37042
/data/mighty-morphing/audio/public/in_the_wild/release_in_the_wild/release_in_the_wild/348.wav,in_the_wild,real,in_the_wild,Donald Trump,en,,authentic_public_web,wav,,cc-by-sa-4.0,eval,https://huggingface.co/datasets/mueller91/In-The-Wild,5.493,0,,,,,,,,,,,,0.162741,0.077866,0.0,338.815,274.371,0.141692,0.058718,0.002115,0.052469,133.664,15.715,0.11757
/data/mighty-morphing/audio/public/in_the_wild/release_in_the_wild/release_in_the_wild/349.wav,unknown_public_web,synthetic,in_the_wild,Alec Guinness,en,unknown_public_web,in_the_wild_tts,wav,,cc-by-sa-4.0,eval,https://huggingface.co/datasets/mueller91/In-The-Wild,11.26,0,,,,,,,,,,,,0.085721,0.068381,0.1121,360.29,388.637,0.069334,0.065954,0.006521,0.052628,120.53,51.32,0.42579
/data/mighty-morphing/audio/public/in_the_wild/release_in_the_wild/release_in_the_wild/350.wav,in_the_wild,real,in_the_wild,Winston Churchill,en,,authentic_public_web,wav,,cc-by-sa-4.0,eval,https://huggingface.co/datasets/mueller91/In-The-Wild,1.536,0,,,,,,,,,,,,0.095268,0.111006,0.131579,900.291,367.961,0.268453,0.113728,0.008226,0.126275,219.708,138.694,0.631268
/data/mighty-morphing/audio/public/in_the_wild/release_in_the_wild/release_in_the_wild/351.wav,unknown_public_web,synthetic,in_the_wild,Bill Clinton,en,unknown_public_web,in_the_wild_tts,wav,,cc-by-sa-4.0,eval,https://huggingface.co/datasets/mueller91/In-The-Wild,9.65,0,,,,,,,,,,,,0.106291,0.066445,0.044652,829.775,1212.19,0.12924,0.126094,0.064308,0.109515,173.493,54.424,0.313696
/data/mighty-morphing/audio/public/in_the_wild/release_in_the_wild/release_in_the_wild/352.wav,in_the_wild,real,in_the_wild,Barack Obama,en,,authentic_public_web,wav,,cc-by-sa-4.0,eval,https://huggingface.co/datasets/mueller91/In-The-Wild,3.38,0,,,,,,,,,,,,0.068025,0.084782,0.404762,774.513,1107.057,0.20895,0.139872,0.067049,0.1057,214.442,116.729,0.544341
/data/mighty-morphing/audio/public/in_the_wild/release_in_the_wild/release_in_the_wild/353.wav,unknown_public_web,synthetic,in_the_wild,Orson Welles,en,unknown_public_web,in_the_wild_tts,wav,,cc-by-sa-4.0,eval,https://huggingface.co/datasets/mueller91/In-The-Wild,3.612,0,,,,,,,,,,,,0.088345,0.066068,0.172702,879.2,1444.781,0.132785,0.121046,0.079663,0.121032,118.744,45.492,0.383114
/data/mighty-morphing/audio/public/in_the_wild/release_in_the_wild/release_in_the_wild/354.wav,unknown_public_web,synthetic,in_the_wild,Martin Luther King,en,unknown_public_web,in_the_wild_tts,wav,,cc-by-sa-4.0,eval,https://huggingface.co/datasets/mueller91/In-The-Wild,1.946,0,,,,,,,,,,,,0.092102,0.09901,0.321244,984.558,224.282,0.033486,0.008996,8.9e-05,0.133434,196.787,54.557,0.277239
/data/mighty-morphing/audio/public/in_the_wild/release_in_the_wild/release_in_the_wild/355.wav,in_the_wild,real,in_the_wild,Bill Clinton,en,,authentic_public_web,wav,,cc-by-sa-4.0,eval,https://huggingface.co/datasets/mueller91/In-The-Wild,3.019,0,,,,,,,,,,,,0.148811,0.117875,0.126667,371.906,119.969,0.087977,0.048413,0.000231,0.048583,190.224,40.264,0.211666
/data/mighty-morphing/audio/public/in_the_wild/release_in_the_wild/release_in_the_wild/356.wav,in_the_wild,real,in_the_wild,Ronald Reagan,en,,authentic_public_web,wav,,cc-by-sa-4.0,eval,https://huggingface.co/datasets/mueller91/In-The-Wild,1.527,0,,,,,,,,,,,,0.099865,0.106492,0.370861,318.27,117.1,0.094464,0.091233,0.001425,0.049256,116.482,39.394,0.338194
/data/mighty-morphing/audio/public/in_the_wild/release_in_the_wild/release_in_the_wild/357.wav,unknown_public_web,synthetic,in_the_wild,Ronald Reagan,en,unknown_public_web,in_the_wild_tts,wav,,cc-by-sa-4.0,eval,https://huggingface.co/datasets/mueller91/In-The-Wild,3.906,0,,,,,,,,,,,,0.082778,0.094913,0.287918,1013.474,1473.551,0.124211,0.186047,0.095196,0.131039,185.531,113.555,0.612055
/data/mighty-morphing/audio/public/in_the_wild/release_in_the_wild/release_in_the_wild/358.wav,in_the_wild,real,in_the_wild,Ayn Rand,en,,authentic_public_web,wav,,cc-by-sa-4.0,eval,https://huggingface.co/datasets/mueller91/In-The-Wild,3.559,0,,,,,,,,,,,,0.202553,0.151616,0.048023,501.676,352.415,0.042882,0.032782,0.000115,0.06804,160.626,53.244,0.331478
/data/mighty-morphing/audio/public/in_the_wild/release_in_the_wild/release_in_the_wild/359.wav,in_the_wild,real,in_the_wild,Louis Farrakhan,en,,authentic_public_web,wav,,cc-by-sa-4.0,eval,https://huggingface.co/datasets/mueller91/In-The-Wild,2.274,0,,,,,,,,,,,,0.102806,0.124307,0.333333,453.665,530.288,0.145236,0.10138,0.008021,0.066244,192.641,91.427,0.474599
/data/mighty-morphing/audio/public/in_the_wild/release_in_the_wild/release_in_the_wild/360.wav,in_the_wild,real,in_the_wild,Barack Obama,en,,authentic_public_web,wav,,cc-by-sa-4.0,eval,https://huggingface.co/datasets/mueller91/In-The-Wild,1.422,0,,,,,,,,,,,,0.122635,0.139673,0.392857,560.435,421.036,0.177276,0.084502,0.011065,0.075491,232.733,65.656,0.282107
/data/mighty-morphing/audio/public/in_the_wild/release_in_the_wild/release_in_the_wild/361.wav,unknown_public_web,synthetic,in_the_wild,Bill Clinton,en,unknown_public_web,in_the_wild_tts,wav,,cc-by-sa-4.0,eval,https://huggingface.co/datasets/mueller91/In-The-Wild,2.08,0,,,,,,,,,,,,0.09499,0.086234,0.213592,856.368,1250.474,0.123307,0.181717,0.072944,0.113586,152.95,63.138,0.412801
/data/mighty-morphing/audio/public/in_the_wild/release_in_the_wild/release_in_the_wild/362.wav,in_the_wild,real,in_the_wild,Bill Clinton,en,,authentic_public_web,wav,,cc-by-sa-4.0,eval,https://huggingface.co/datasets/mueller91/In-The-Wild,4.546,0,,,,,,,,,,,,0.133112,0.118284,0.154525,393.744,454.422,0.093054,0.075717,0.012576,0.051575,185.481,41.307,0.222703
/data/mighty-morphing/audio/public/in_the_wild/release_in_the_wild/release_in_the_wild/363.wav,in_the_wild,real,in_the_wild,Barack Obama,en,,authentic_public_web,wav,,cc-by-sa-4.0,eval,https://huggingface.co/datasets/mueller91/In-The-Wild,2.049,0,,,,,,,,,,,,0.07368,0.09574,0.403941,1053.465,1598.625,0.24476,0.172221,0.103657,0.135186,193.852,91.171,0.470313
/data/mighty-morphing/audio/public/in_the_wild/release_in_the_wild/release_in_the_wild/364.wav,in_the_wild,real,in_the_wild,Alexandria Ocasio-Cortez,en,,authentic_public_web,wav,,cc-by-sa-4.0,eval,https://huggingface.co/datasets/mueller91/In-The-Wild,6.648,0,,,,,,,,,,,,0.118167,0.0729,0.028658,729.438,523.004,0.158655,0.096279,0.017724,0.095703,207.414,59.915,0.288869
/data/mighty-morphing/audio/public/in_the_wild/release_in_the_wild/release_in_the_wild/365.wav,in_the_wild,real,in_the_wild,Barack Obama,en,,authentic_public_web,wav,,cc-by-sa-4.0,eval,https://huggingface.co/datasets/mueller91/In-The-Wild,8.834,0,,,,,,,,,,,,0.063969,0.082372,0.284904,869.672,1170.801,0.217173,0.140685,0.059224,0.11173,172.342,60.054,0.348456
/data/mighty-morphing/audio/public/in_the_wild/release_in_the_wild/release_in_the_wild/366.wav,in_the_wild,real,in_the_wild,Bill Clinton,en,,authentic_public_web,wav,,cc-by-sa-4.0,eval,https://huggingface.co/datasets/mueller91/In-The-Wild,3.172,0,,,,,,,,,,,,0.175964,0.152434,0.180952,343.616,109.752,0.086297,0.038496,0.000229,0.042729,206.204,50.267,0.243775
/data/mighty-morphing/audio/public/in_the_wild/release_in_the_wild/release_in_the_wild/367.wav,in_the_wild,real,in_the_wild,Winston Churchill,en,,authentic_public_web,wav,,cc-by-sa-4.0,eval,https://huggingface.co/datasets/mueller91/In-The-Wild,2.229,0,,,,,,,,,,,,0.080603,0.093098,0.221719,551.331,312.952,0.246193,0.10566,0.008797,0.087281,156.157,80.501,0.515513
/data/mighty-morphing/audio/public/in_the_wild/release_in_the_wild/release_in_the_wild/368.wav,unknown_public_web,synthetic,in_the_wild,Arnold Schwarzenegger,en,unknown_public_web,in_the_wild_tts,wav,,cc-by-sa-4.0,eval,https://huggingface.co/datasets/mueller91/In-The-Wild,5.461,0,,,,,,,,,,,,0.110778,0.092708,0.158088,831.662,1253.114,0.180013,0.145048,0.087385,0.112313,139.253,33.453,0.24023
/data/mighty-morphing/audio/public/in_the_wild/release_in_the_wild/release_in_the_wild/369.wav,in_the_wild,real,in_the_wild,Barack Obama,en,,authentic_public_web,wav,,cc-by-sa-4.0,eval,https://huggingface.co/datasets/mueller91/In-The-Wild,1.922,0,,,,,,,,,,,,0.076761,0.10912,0.452632,623.074,536.175,0.174992,0.138378,0.016873,0.097602,185.917,76.621,0.412126
/data/mighty-morphing/audio/public/in_the_wild/release_in_the_wild/release_in_the_wild/370.wav,in_the_wild,real,in_the_wild,Christopher Hitchens,en,,authentic_public_web,wav,,cc-by-sa-4.0,eval,https://huggingface.co/datasets/mueller91/In-The-Wild,3.469,0,,,,,,,,,,,,0.064974,0.092537,0.272464,910.449,879.697,0.233714,0.137911,0.028871,0.125078,192.342,131.108,0.681637
/data/mighty-morphing/audio/public/in_the_wild/release_in_the_wild/release_in_the_wild/371.wav,in_the_wild,real,in_the_wild,Louis Farrakhan,en,,authentic_public_web,wav,,cc-by-sa-4.0,eval,https://huggingface.co/datasets/mueller91/In-The-Wild,2.449,0,,,,,,,,,,,,0.107401,0.115461,0.316872,1141.426,1559.177,0.208728,0.144508,0.097655,0.14833,195.001,69.803,0.357962
/data/mighty-morphing/audio/public/in_the_wild/release_in_the_wild/release_in_the_wild/372.wav,unknown_public_web,synthetic,in_the_wild,Alec Guinness,en,unknown_public_web,in_the_wild_tts,wav,,cc-by-sa-4.0,eval,https://huggingface.co/datasets/mueller91/In-The-Wild,4.713,0,,,,,,,,,,,,0.070928,0.070278,0.185501,363.326,545.258,0.057335,0.066799,0.01237,0.052788,120.511,40.054,0.332368
/data/mighty-morphing/audio/public/in_the_wild/release_in_the_wild/release_in_the_wild/373.wav,in_the_wild,real,in_the_wild,Ayn Rand,en,,authentic_public_web,wav,,cc-by-sa-4.0,eval,https://huggingface.co/datasets/mueller91/In-The-Wild,1.219,0,,,,,,,,,,,,0.175631,0.184007,0.0,374.875,166.483,0.090321,0.068363,0.000232,0.054399,213.725,60.767,0.284324
/data/mighty-morphing/audio/public/in_the_wild/release_in_the_wild/release_in_the_wild/374.wav,unknown_public_web,synthetic,in_the_wild,Christopher Hitchens,en,unknown_public_web,in_the_wild_tts,wav,,cc-by-sa-4.0,eval,https://huggingface.co/datasets/mueller91/In-The-Wild,8.326,0,,,,,,,,,,,,0.074588,0.070165,0.161252,862.073,1631.299,0.108572,0.162394,0.087912,0.109315,133.802,49.99,0.373607
/data/mighty-morphing/audio/public/in_the_wild/release_in_the_wild/release_in_the_wild/375.wav,unknown_public_web,synthetic,in_the_wild,Alec Guinness,en,unknown_public_web,in_the_wild_tts,wav,,cc-by-sa-4.0,eval,https://huggingface.co/datasets/mueller91/In-The-Wild,5.503,0,,,,,,,,,,,,0.10344,0.084122,0.083942,461.962,808.18,0.084468,0.068324,0.024578,0.069514,108.556,35.477,0.326811
/data/mighty-morphing/audio/public/in_the_wild/release_in_the_wild/release_in_the_wild/376.wav,in_the_wild,real,in_the_wild,Alec Guinness,en,,authentic_public_web,wav,,cc-by-sa-4.0,eval,https://huggingface.co/datasets/mueller91/In-The-Wild,0.735,0,,,,,,,,,,,,0.099495,0.090586,0.0,649.919,270.813,0.372237,0.101462,0.032045,0.104623,190.688,147.159,0.771728
/data/mighty-morphing/audio/public/in_the_wild/release_in_the_wild/release_in_the_wild/377.wav,in_the_wild,real,in_the_wild,Barack Obama,en,,authentic_public_web,wav,,cc-by-sa-4.0,eval,https://huggingface.co/datasets/mueller91/In-The-Wild,1.375,0,,,,,,,,,,,,0.073415,0.104065,0.507353,657.235,369.23,0.214643,0.170626,0.025038,0.104608,192.256,129.104,0.67152
/data/mighty-morphing/audio/public/in_the_wild/release_in_the_wild/release_in_the_wild/378.wav,in_the_wild,real,in_the_wild,Ayn Rand,en,,authentic_public_web,wav,,cc-by-sa-4.0,eval,https://huggingface.co/datasets/mueller91/In-The-Wild,3.562,0,,,,,,,,,,,,0.185938,0.16059,0.048023,513.033,531.239,0.070389,0.06964,0.001176,0.074098,179.231,84.246,0.470043
/data/mighty-morphing/audio/public/in_the_wild/release_in_the_wild/release_in_the_wild/379.wav,in_the_wild,real,in_the_wild,Christopher Hitchens,en,,authentic_public_web,wav,,cc-by-sa-4.0,eval,https://huggingface.co/datasets/mueller91/In-The-Wild,1.539,0,,,,,,,,,,,,0.131784,0.052783,0.0,1041.426,417.944,0.388045,0.051228,0.024264,0.168173,199.252,54.121,0.271619
/data/mighty-morphing/audio/public/in_the_wild/release_in_the_wild/release_in_the_wild/380.wav,unknown_public_web,synthetic,in_the_wild,Alec Guinness,en,unknown_public_web,in_the_wild_tts,wav,,cc-by-sa-4.0,eval,https://huggingface.co/datasets/mueller91/In-The-Wild,6.524,0,,,,,,,,,,,,0.107736,0.076709,0.086154,685.926,1408.019,0.091305,0.092503,0.073345,0.09468,117.293,50.501,0.430552
/data/mighty-morphing/audio/public/in_the_wild/release_in_the_wild/release_in_the_wild/381.wav,in_the_wild,real,in_the_wild,Barack Obama,en,,authentic_public_web,wav,,cc-by-sa-4.0,eval,https://huggingface.co/datasets/mueller91/In-The-Wild,1.162,0,,,,,,,,,,,,0.037872,0.068656,0.622807,850.413,776.887,0.37165,0.164946,0.060657,0.13737,145.26,85.25,0.586879
/data/mighty-morphing/audio/public/in_the_wild/release_in_the_wild/release_in_the_wild/382.wav,in_the_wild,real,in_the_wild,Arnold Schwarzenegger,en,,authentic_public_web,wav,,cc-by-sa-4.0,eval,https://huggingface.co/datasets/mueller91/In-The-Wild,1.866,0,,,,,,,,,,,,0.077951,0.082809,0.178378,721.775,989.038,0.226596,0.127536,0.038605,0.098371,166.654,34.448,0.206705
/data/mighty-morphing/audio/public/in_the_wild/release_in_the_wild/release_in_the_wild/383.wav,in_the_wild,real,in_the_wild,Ronald Reagan,en,,authentic_public_web,wav,,cc-by-sa-4.0,eval,https://huggingface.co/datasets/mueller91/In-The-Wild,3.027,0,,,,,,,,,,,,0.08262,0.076699,0.199336,640.766,933.284,0.154594,0.185128,0.045441,0.091177,122.929,69.247,0.563304
/data/mighty-morphing/audio/public/in_the_wild/release_in_the_wild/release_in_the_wild/384.wav,in_the_wild,real,in_the_wild,Donald Trump,en,,authentic_public_web,wav,,cc-by-sa-4.0,eval,https://huggingface.co/datasets/mueller91/In-The-Wild,3.203,0,,,,,,,,,,,,0.110112,0.092972,0.210692,1140.259,796.396,0.319398,0.116187,0.057524,0.164433,173.966,22.951,0.131931
/data/mighty-morphing/audio/public/in_the_wild/release_in_the_wild/release_in_the_wild/385.wav,in_the_wild,real,in_the_wild,Louis Farrakhan,en,,authentic_public_web,wav,,cc-by-sa-4.0,eval,https://huggingface.co/datasets/mueller91/In-The-Wild,0.869,0,,,,,,,,,,,,0.085958,0.090926,0.0,575.621,169.65,0.213288,0.08889,0.004936,0.085213,157.754,74.974,0.47526
/data/mighty-morphing/audio/public/in_the_wild/release_in_the_wild/release_in_the_wild/386.wav,in_the_wild,real,in_the_wild,Christopher Hitchens,en,,authentic_public_web,wav,,cc-by-sa-4.0,eval,https://huggingface.co/datasets/mueller91/In-The-Wild,1.823,0,,,,,,,,,,,,0.117839,0.099732,0.116667,1356.758,1563.117,0.354458,0.106384,0.115453,0.175717,157.758,41.013,0.259971
/data/mighty-morphing/audio/public/in_the_wild/release_in_the_wild/release_in_the_wild/387.wav,in_the_wild,real,in_the_wild,Alec Guinness,en,,authentic_public_web,wav,,cc-by-sa-4.0,eval,https://huggingface.co/datasets/mueller91/In-The-Wild,4.657,0,,,,,,,,,,,,0.114255,0.091592,0.051724,389.331,452.17,0.102152,0.059326,0.00853,0.060841,108.01,67.953,0.629132
/data/mighty-morphing/audio/public/in_the_wild/release_in_the_wild/release_in_the_wild/388.wav,in_the_wild,real,in_the_wild,Barack Obama,en,,authentic_public_web,wav,,cc-by-sa-4.0,eval,https://huggingface.co/datasets/mueller91/In-The-Wild,2.808,0,,,,,,,,,,,,0.06573,0.084546,0.322581,753.182,1065.012,0.164179,0.167945,0.055681,0.101317,170.432,58.657,0.344165
/data/mighty-morphing/audio/public/in_the_wild/release_in_the_wild/release_in_the_wild/389.wav,in_the_wild,real,in_the_wild,Richard Nixon,en,,authentic_public_web,wav,,cc-by-sa-4.0,eval,https://huggingface.co/datasets/mueller91/In-The-Wild,1.517,0,,,,,,,,,,,,0.053529,0.078571,0.28,890.52,768.816,0.22746,0.107485,0.080536,0.145725,169.479,122.327,0.721781
/data/mighty-morphing/audio/public/in_the_wild/release_in_the_wild/release_in_the_wild/390.wav,unknown_public_web,synthetic,in_the_wild,Louis Farrakhan,en,unknown_public_web,in_the_wild_tts,wav,,cc-by-sa-4.0,eval,https://huggingface.co/datasets/mueller91/In-The-Wild,7.357,0,,,,,,,,,,,,0.072652,0.073556,0.253406,1404.356,1421.556,0.202486,0.083681,0.087629,0.183131,247.148,43.126,0.174494
/data/mighty-morphing/audio/public/in_the_wild/release_in_the_wild/release_in_the_wild/391.wav,unknown_public_web,synthetic,in_the_wild,Ronald Reagan,en,unknown_public_web,in_the_wild_tts,wav,,cc-by-sa-4.0,eval,https://huggingface.co/datasets/mueller91/In-The-Wild,1.908,0,,,,,,,,,,,,0.125486,0.10392,0.253968,518.533,216.242,0.118648,0.079807,0.00125,0.074312,155.912,78.098,0.500911
/data/mighty-morphing/audio/public/in_the_wild/release_in_the_wild/release_in_the_wild/392.wav,unknown_public_web,synthetic,in_the_wild,Donald Trump,en,unknown_public_web,in_the_wild_tts,wav,,cc-by-sa-4.0,eval,https://huggingface.co/datasets/mueller91/In-The-Wild,0.776,0,,,,,,,,,,,,0.233055,0.037533,0.0,1825.045,274.494,0.537229,0.044008,0.101504,0.253542,217.063,75.429,0.347499
/data/mighty-morphing/audio/public/in_the_wild/release_in_the_wild/release_in_the_wild/393.wav,unknown_public_web,synthetic,in_the_wild,Alec Guinness,en,unknown_public_web,in_the_wild_tts,wav,,cc-by-sa-4.0,eval,https://huggingface.co/datasets/mueller91/In-The-Wild,4.506,0,,,,,,,,,,,,0.085397,0.076937,0.209354,446.054,814.271,0.075943,0.075133,0.023112,0.063644,118.999,61.248,0.51469
/data/mighty-morphing/audio/public/in_the_wild/release_in_the_wild/release_in_the_wild/394.wav,in_the_wild,real,in_the_wild,Barack Obama,en,,authentic_public_web,wav,,cc-by-sa-4.0,eval,https://huggingface.co/datasets/mueller91/In-The-Wild,0.895,0,,,,,,,,,,,,0.277876,0.051343,0.0,384.806,119.101,0.375561,0.048737,0.008155,0.080816,198.191,50.39,0.254249
/data/mighty-morphing/audio/public/in_the_wild/release_in_the_wild/release_in_the_wild/395.wav,unknown_public_web,synthetic,in_the_wild,Martin Luther King,en,unknown_public_web,in_the_wild_tts,wav,,cc-by-sa-4.0,eval,https://huggingface.co/datasets/mueller91/In-The-Wild,0.674,0,,,,,,,,,,,,0.323201,0.028493,0.0,278.811,49.128,0.142538,0.016385,0.00459,0.053407,98.15,41.248,0.420251
/data/mighty-morphing/audio/public/in_the_wild/release_in_the_wild/release_in_the_wild/396.wav,in_the_wild,real,in_the_wild,Milton Friedman,en,,authentic_public_web,wav,,cc-by-sa-4.0,eval,https://huggingface.co/datasets/mueller91/In-The-Wild,4.557,0,,,,,,,,,,,,0.136107,0.116572,0.15859,383.819,155.254,0.09779,0.087001,0.002566,0.054016,161.571,52.347,0.323985
/data/mighty-morphing/audio/public/in_the_wild/release_in_the_wild/release_in_the_wild/397.wav,unknown_public_web,synthetic,in_the_wild,Mark Zuckerberg,en,unknown_public_web,in_the_wild_tts,wav,,cc-by-sa-4.0,eval,https://huggingface.co/datasets/mueller91/In-The-Wild,9.886,0,,,,,,,,,,,,0.095239,0.076165,0.182371,969.187,1421.087,0.130868,0.164153,0.081837,0.126271,185.263,71.99,0.388585
/data/mighty-morphing/audio/public/in_the_wild/release_in_the_wild/release_in_the_wild/398.wav,unknown_public_web,synthetic,in_the_wild,Bernie Sanders,en,unknown_public_web,in_the_wild_tts,wav,,cc-by-sa-4.0,eval,https://huggingface.co/datasets/mueller91/In-The-Wild,3.648,0,,,,,,,,,,,,0.07314,0.074153,0.184573,683.646,1290.606,0.102661,0.119375,0.062388,0.092679,126.313,30.779,0.243675
/data/mighty-morphing/audio/public/in_the_wild/release_in_the_wild/release_in_the_wild/399.wav,unknown_public_web,synthetic,in_the_wild,Alec Guinness,en,unknown_public_web,in_the_wild_tts,wav,,cc-by-sa-4.0,eval,https://huggingface.co/datasets/mueller91/In-The-Wild,12.012,0,,,,,,,,,,,,0.055407,0.044128,0.150959,733.877,1515.962,0.095918,0.104931,0.085626,0.106769,103.717,67.673,0.652479
/data/mighty-morphing/audio/public/in_the_wild/release_in_the_wild/release_in_the_wild/400.wav,in_the_wild,real,in_the_wild,Donald Trump,en,,authentic_public_web,wav,,cc-by-sa-4.0,eval,https://huggingface.co/datasets/mueller91/In-The-Wild,2.005,0,,,,,,,,,,,,0.106957,0.087074,0.0,1406.612,1559.154,0.286251,0.122139,0.084803,0.188086,158.36,72.164,0.455695
/data/mighty-morphing/audio/public/in_the_wild/release_in_the_wild/release_in_the_wild/401.wav,in_the_wild,real,in_the_wild,Winston Churchill,en,,authentic_public_web,wav,,cc-by-sa-4.0,eval,https://huggingface.co/datasets/mueller91/In-The-Wild,2.244,0,,,,,,,,,,,,0.107928,0.112752,0.256757,634.243,433.816,0.188395,0.098269,0.016293,0.089355,143.638,46.829,0.326023
/data/mighty-morphing/audio/public/in_the_wild/release_in_the_wild/release_in_the_wild/402.wav,unknown_public_web,synthetic,in_the_wild,Alan Watts,en,unknown_public_web,in_the_wild_tts,wav,,cc-by-sa-4.0,eval,https://huggingface.co/datasets/mueller91/In-The-Wild,2.688,0,,,,,,,,,,,,0.093571,0.085457,0.194757,503.257,193.169,0.04265,0.019246,0.000345,0.062077,167.269,89.395,0.534438
/data/mighty-morphing/audio/public/in_the_wild/release_in_the_wild/release_in_the_wild/403.wav,unknown_public_web,synthetic,in_the_wild,FDR,en,unknown_public_web,in_the_wild_tts,wav,,cc-by-sa-4.0,eval,https://huggingface.co/datasets/mueller91/In-The-Wild,8.969,0,,,,,,,,,,,,0.075651,0.093678,0.348603,1117.464,736.221,0.090724,0.036259,0.024711,0.153046,219.351,65.717,0.299596
/data/mighty-morphing/audio/public/in_the_wild/release_in_the_wild/release_in_the_wild/404.wav,in_the_wild,real,in_the_wild,Barack Obama,en,,authentic_public_web,wav,,cc-by-sa-4.0,eval,https://huggingface.co/datasets/mueller91/In-The-Wild,2.172,0,,,,,,,,,,,,0.096292,0.134779,0.418605,525.884,507.412,0.202565,0.145676,0.017576,0.073774,167.483,48.956,0.292307
/data/mighty-morphing/audio/public/in_the_wild/release_in_the_wild/release_in_the_wild/405.wav,in_the_wild,real,in_the_wild,Christopher Hitchens,en,,authentic_public_web,wav,,cc-by-sa-4.0,eval,https://huggingface.co/datasets/mueller91/In-The-Wild,5.725,0,,,,,,,,,,,,0.164438,0.084156,0.017513,691.661,1106.748,0.181615,0.088204,0.053752,0.100257,119.168,41.095,0.34485
/data/mighty-morphing/audio/public/in_the_wild/release_in_the_wild/release_in_the_wild/406.wav,in_the_wild,real,in_the_wild,Donald Trump,en,,authentic_public_web,wav,,cc-by-sa-4.0,eval,https://huggingface.co/datasets/mueller91/In-The-Wild,5.423,0,,,,,,,,,,,,0.115239,0.112144,0.222222,907.025,1161.545,0.206258,0.157596,0.063183,0.120843,187.681,84.36,0.449487
/data/mighty-morphing/audio/public/in_the_wild/release_in_the_wild/release_in_the_wild/407.wav,in_the_wild,real,in_the_wild,Donald Trump,en,,authentic_public_web,wav,,cc-by-sa-4.0,eval,https://huggingface.co/datasets/mueller91/In-The-Wild,2.62,0,,,,,,,,,,,,0.070581,0.070498,0.292308,1117.906,1116.552,0.215927,0.123765,0.060728,0.152111,216.414,34.406,0.158982
/data/mighty-morphing/audio/public/in_the_wild/release_in_the_wild/release_in_the_wild/408.wav,unknown_public_web,synthetic,in_the_wild,2Pac,en,unknown_public_web,in_the_wild_tts,wav,,cc-by-sa-4.0,eval,https://huggingface.co/datasets/mueller91/In-The-Wild,2.313,0,,,,,,,,,,,,0.093962,0.100654,0.275109,1033.706,1480.872,0.195211,0.106697,0.074614,0.133572,245.567,33.838,0.137796
/data/mighty-morphing/audio/public/in_the_wild/release_in_the_wild/release_in_the_wild/409.wav,in_the_wild,real,in_the_wild,Bernie Sanders,en,,authentic_public_web,wav,,cc-by-sa-4.0,eval,https://huggingface.co/datasets/mueller91/In-The-Wild,3.359,0,,,,,,,,,,,,0.145054,0.131286,0.110778,1131.806,1295.91,0.252673,0.124029,0.089343,0.160886,205.859,61.535,0.298921
/data/mighty-morphing/audio/public/in_the_wild/release_in_the_wild/release_in_the_wild/410.wav,in_the_wild,real,in_the_wild,Boris Johnson,en,,authentic_public_web,wav,,cc-by-sa-4.0,eval,https://huggingface.co/datasets/mueller91/In-The-Wild,1.924,0,,,,,,,,,,,,0.084586,0.105057,0.378947,1239.87,1388.352,0.267821,0.201338,0.109831,0.167146,221.686,138.409,0.624344
/data/mighty-morphing/audio/public/in_the_wild/release_in_the_wild/release_in_the_wild/411.wav,in_the_wild,real,in_the_wild,Donald Trump,en,,authentic_public_web,wav,,cc-by-sa-4.0,eval,https://huggingface.co/datasets/mueller91/In-The-Wild,1.567,0,,,,,,,,,,,,0.115111,0.125943,0.380645,680.859,397.441,0.212017,0.098503,0.004707,0.09772,208.968,43.877,0.209971
/data/mighty-morphing/audio/public/in_the_wild/release_in_the_wild/release_in_the_wild/412.wav,in_the_wild,real,in_the_wild,JFK,en,,authentic_public_web,wav,,cc-by-sa-4.0,eval,https://huggingface.co/datasets/mueller91/In-The-Wild,2.962,0,,,,,,,,,,,,0.085899,0.105806,0.278912,1155.609,1162.829,0.209872,0.087258,0.087468,0.157554,198.793,46.238,0.232592
/data/mighty-morphing/audio/public/in_the_wild/release_in_the_wild/release_in_the_wild/413.wav,in_the_wild,real,in_the_wild,Donald Trump,en,,authentic_public_web,wav,,cc-by-sa-4.0,eval,https://huggingface.co/datasets/mueller91/In-The-Wild,2.918,0,,,,,,,,,,,,0.075295,0.079488,0.32069,654.441,332.854,0.138993,0.070396,0.000939,0.080094,186.894,25.549,0.136706
/data/mighty-morphing/audio/public/in_the_wild/release_in_the_wild/release_in_the_wild/414.wav,in_the_wild,real,in_the_wild,Dwight Eisenhower,en,,authentic_public_web,wav,,cc-by-sa-4.0,eval,https://huggingface.co/datasets/mueller91/In-The-Wild,2.914,0,,,,,,,,,,,,0.09618,0.106702,0.076125,583.55,211.963,0.072764,0.037407,0.001173,0.084107,185.742,66.914,0.360252
/data/mighty-morphing/audio/public/in_the_wild/release_in_the_wild/release_in_the_wild/415.wav,in_the_wild,real,in_the_wild,Christopher Hitchens,en,,authentic_public_web,wav,,cc-by-sa-4.0,eval,https://huggingface.co/datasets/mueller91/In-The-Wild,4.825,0,,,,,,,,,,,,0.066508,0.065878,0.185031,979.363,1201.997,0.212499,0.161535,0.058666,0.129619,224.034,143.962,0.642589
/data/mighty-morphing/audio/public/in_the_wild/release_in_the_wild/release_in_the_wild/416.wav,unknown_public_web,synthetic,in_the_wild,Nelson Mandela,en,unknown_public_web,in_the_wild_tts,wav,,cc-by-sa-4.0,eval,https://huggingface.co/datasets/mueller91/In-The-Wild,2.082,0,,,,,,,,,,,,0.109488,0.110876,0.228155,585.645,236.097,0.155309,0.078023,0.002921,0.077488,178.951,40.974,0.228968
/data/mighty-morphing/audio/public/in_the_wild/release_in_the_wild/release_in_the_wild/417.wav,in_the_wild,real,in_the_wild,Robert Kardashian,en,,authentic_public_web,wav,,cc-by-sa-4.0,eval,https://huggingface.co/datasets/mueller91/In-The-Wild,1.58,0,,,,,,,,,,,,0.128919,0.141602,0.096154,451.293,246.659,0.135863,0.114664,0.003194,0.066577,129.903,23.625,0.181865
/data/mighty-morphing/audio/public/in_the_wild/release_in_the_wild/release_in_the_wild/418.wav,in_the_wild,real,in_the_wild,Nick Offerman,en,,authentic_public_web,wav,,cc-by-sa-4.0,eval,https://huggingface.co/datasets/mueller91/In-The-Wild,1.149,0,,,,,,,,,,,,0.059682,0.078536,0.39823,375.863,109.508,0.194226,0.109946,0.002746,0.062897,174.533,98.605,0.564968
/data/mighty-morphing/audio/public/in_the_wild/release_in_the_wild/release_in_the_wild/419.wav,in_the_wild,real,in_the_wild,Barack Obama,en,,authentic_public_web,wav,,cc-by-sa-4.0,eval,https://huggingface.co/datasets/mueller91/In-The-Wild,3.952,0,,,,,,,,,,,,0.080666,0.097056,0.343511,1057.713,1431.016,0.269264,0.158916,0.11953,0.140312,189.417,75.793,0.400136
/data/mighty-morphing/audio/public/in_the_wild/release_in_the_wild/release_in_the_wild/420.wav,in_the_wild,real,in_the_wild,Barack Obama,en,,authentic_public_web,wav,,cc-by-sa-4.0,eval,https://huggingface.co/datasets/mueller91/In-The-Wild,9.493,0,,,,,,,,,,,,0.0575,0.07535,0.31679,1248.037,1637.059,0.244216,0.166866,0.123791,0.160686,170.018,55.832,0.328389
/data/mighty-morphing/audio/public/in_the_wild/release_in_the_wild/release_in_the_wild/421.wav,unknown_public_web,synthetic,in_the_wild,Bernie Sanders,en,unknown_public_web,in_the_wild_tts,wav,,cc-by-sa-4.0,eval,https://huggingface.co/datasets/mueller91/In-The-Wild,1.379,0,,,,,,,,,,,,0.061675,0.075705,0.367647,281.919,189.972,0.063656,0.082704,0.001604,0.037822,116.955,26.402,0.225749
/data/mighty-morphing/audio/public/in_the_wild/release_in_the_wild/release_in_the_wild/422.wav,unknown_public_web,synthetic,in_the_wild,Bernie Sanders,en,unknown_public_web,in_the_wild_tts,wav,,cc-by-sa-4.0,eval,https://huggingface.co/datasets/mueller91/In-The-Wild,6.989,0,,,,,,,,,,,,0.109409,0.106131,0.28264,716.831,1172.477,0.110271,0.142641,0.054475,0.095614,138.382,36.658,0.264901
/data/mighty-morphing/audio/public/in_the_wild/release_in_the_wild/release_in_the_wild/423.wav,in_the_wild,real,in_the_wild,Louis Farrakhan,en,,authentic_public_web,wav,,cc-by-sa-4.0,eval,https://huggingface.co/datasets/mueller91/In-The-Wild,3.025,0,,,,,,,,,,,,0.100996,0.104129,0.265781,1417.698,1991.528,0.187629,0.118926,0.178847,0.188664,201.635,69.992,0.347121
/data/mighty-morphing/audio/public/in_the_wild/release_in_the_wild/release_in_the_wild/424.wav,in_the_wild,real,in_the_wild,Bernie Sanders,en,,authentic_public_web,wav,,cc-by-sa-4.0,eval,https://huggingface.co/datasets/mueller91/In-The-Wild,21.442,0,,,,,,,,,,,,0.151167,0.080903,0.012138,1737.59,486.458,0.469682,0.105732,0.044933,0.23085,248.985,101.376,0.407157
/data/mighty-morphing/audio/public/in_the_wild/release_in_the_wild/release_in_the_wild/425.wav,in_the_wild,real,in_the_wild,George Carlin,en,,authentic_public_web,wav,,cc-by-sa-4.0,eval,https://huggingface.co/datasets/mueller91/In-The-Wild,2.495,0,,,,,,,,,,,,0.061392,0.079949,0.395161,546.781,541.187,0.166006,0.15845,0.015455,0.075686,182.975,111.311,0.608339
/data/mighty-morphing/audio/public/in_the_wild/release_in_the_wild/release_in_the_wild/426.wav,in_the_wild,real,in_the_wild,Dwight Eisenhower,en,,authentic_public_web,wav,,cc-by-sa-4.0,eval,https://huggingface.co/datasets/mueller91/In-The-Wild,2.114,0,,,,,,,,,,,,0.096257,0.103483,0.08134,564.535,160.164,0.075828,0.035978,0.000289,0.081601,186.51,66.034,0.354052
/data/mighty-morphing/audio/public/in_the_wild/release_in_the_wild/release_in_the_wild/427.wav,unknown_public_web,synthetic,in_the_wild,Mark Zuckerberg,en,unknown_public_web,in_the_wild_tts,wav,,cc-by-sa-4.0,eval,https://huggingface.co/datasets/mueller91/In-The-Wild,5.398,0,,,,,,,,,,,,0.068369,0.070314,0.269517,606.469,572.45,0.065118,0.064606,0.0131,0.078396,210.31,26.301,0.12506
/data/mighty-morphing/audio/public/in_the_wild/release_in_the_wild/release_in_the_wild/428.wav,in_the_wild,real,in_the_wild,Barack Obama,en,,authentic_public_web,wav,,cc-by-sa-4.0,eval,https://huggingface.co/datasets/mueller91/In-The-Wild,4.104,0,,,,,,,,,,,,0.133378,0.123433,0.262255,724.05,1057.472,0.133411,0.112072,0.041434,0.091729,199.61,110.205,0.552102
/data/mighty-morphing/audio/public/in_the_wild/release_in_the_wild/release_in_the_wild/429.wav,in_the_wild,real,in_the_wild,Bernie Sanders,en,,authentic_public_web,wav,,cc-by-sa-4.0,eval,https://huggingface.co/datasets/mueller91/In-The-Wild,3.444,0,,,,,,,,,,,,0.169887,0.164065,0.102339,723.426,424.036,0.240761,0.094089,0.014512,0.104304,191.437,54.146,0.282838
/data/mighty-morphing/audio/public/in_the_wild/release_in_the_wild/release_in_the_wild/430.wav,in_the_wild,real,in_the_wild,Alec Guinness,en,,authentic_public_web,wav,,cc-by-sa-4.0,eval,https://huggingface.co/datasets/mueller91/In-The-Wild,1.75,0,,,,,,,,,,,,0.105647,0.092204,0.150289,647.003,761.564,0.209534,0.129166,0.03669,0.095238,146.088,80.973,0.554273
/data/mighty-morphing/audio/public/in_the_wild/release_in_the_wild/release_in_the_wild/431.wav,in_the_wild,real,in_the_wild,Donald Trump,en,,authentic_public_web,wav,,cc-by-sa-4.0,eval,https://huggingface.co/datasets/mueller91/In-The-Wild,2.937,0,,,,,,,,,,,,0.145552,0.112961,0.020548,780.04,891.004,0.227495,0.120878,0.041446,0.110197,181.06,68.518,0.378425
/data/mighty-morphing/audio/public/in_the_wild/release_in_the_wild/release_in_the_wild/432.wav,unknown_public_web,synthetic,in_the_wild,Alan Watts,en,unknown_public_web,in_the_wild_tts,wav,,cc-by-sa-4.0,eval,https://huggingface.co/datasets/mueller91/In-The-Wild,2.263,0,,,,,,,,,,,,0.080491,0.09379,0.294643,801.376,882.889,0.115262,0.113323,0.050731,0.109221,149.842,57.134,0.381296
/data/mighty-morphing/audio/public/in_the_wild/release_in_the_wild/release_in_the_wild/433.wav,unknown_public_web,synthetic,in_the_wild,Bob Ross,en,unknown_public_web,in_the_wild_tts,wav,,cc-by-sa-4.0,eval,https://huggingface.co/datasets/mueller91/In-The-Wild,7.195,0,,,,,,,,,,,,0.064183,0.063867,0.271588,310.582,259.814,0.037894,0.041094,0.004364,0.048837,108.922,70.975,0.651616
/data/mighty-morphing/audio/public/in_the_wild/release_in_the_wild/release_in_the_wild/434.wav,in_the_wild,real,in_the_wild,Donald Trump,en,,authentic_public_web,wav,,cc-by-sa-4.0,eval,https://huggingface.co/datasets/mueller91/In-The-Wild,4.59,0,,,,,,,,,,,,0.14156,0.087487,0.0,626.688,644.421,0.138616,0.102018,0.009727,0.083542,158.852,32.385,0.203867
/data/mighty-morphing/audio/public/in_the_wild/release_in_the_wild/release_in_the_wild/435.wav,in_the_wild,real,in_the_wild,JFK,en,,authentic_public_web,wav,,cc-by-sa-4.0,eval,https://huggingface.co/datasets/mueller91/In-The-Wild,3.793,0,,,,,,,,,,,,0.092659,0.109199,0.209549,1296.843,1229.525,0.214527,0.095247,0.091209,0.174416,209.539,57.484,0.274335
/data/mighty-morphing/audio/public/in_the_wild/release_in_the_wild/release_in_the_wild/436.wav,in_the_wild,real,in_the_wild,Mark Zuckerberg,en,,authentic_public_web,wav,,cc-by-sa-4.0,eval,https://huggingface.co/datasets/mueller91/In-The-Wild,10.324,0,,,,,,,,,,,,0.10555,0.0802,0.105825,851.878,1077.682,0.18687,0.156163,0.053691,0.112108,161.311,77.067,0.477754
/data/mighty-morphing/audio/public/in_the_wild/release_in_the_wild/release_in_the_wild/437.wav,unknown_public_web,synthetic,in_the_wild,Boris Johnson,en,unknown_public_web,in_the_wild_tts,wav,,cc-by-sa-4.0,eval,https://huggingface.co/datasets/mueller91/In-The-Wild,3.659,0,,,,,,,,,,,,0.11339,0.105588,0.18956,1241.482,1779.329,0.160571,0.087426,0.161489,0.161898,215.489,84.579,0.392496
/data/mighty-morphing/audio/public/in_the_wild/release_in_the_wild/release_in_the_wild/438.wav,in_the_wild,real,in_the_wild,Donald Trump,en,,authentic_public_web,wav,,cc-by-sa-4.0,eval,https://huggingface.co/datasets/mueller91/In-The-Wild,2.12,0,,,,,,,,,,,,0.053364,0.061512,0.347619,1056.127,1243.488,0.255035,0.141954,0.080645,0.140185,185.216,74.005,0.399558
/data/mighty-morphing/audio/public/in_the_wild/release_in_the_wild/release_in_the_wild/439.wav,in_the_wild,real,in_the_wild,Tucker Carlson,en,,authentic_public_web,wav,,cc-by-sa-4.0,eval,https://huggingface.co/datasets/mueller91/In-The-Wild,2.096,0,,,,,,,,,,,,0.066257,0.073586,0.254808,1537.57,1538.914,0.320468,0.13831,0.156397,0.191256,222.532,89.65,0.402863
/data/mighty-morphing/audio/public/in_the_wild/release_in_the_wild/release_in_the_wild/440.wav,unknown_public_web,synthetic,in_the_wild,Donald Trump,en,unknown_public_web,in_the_wild_tts,wav,,cc-by-sa-4.0,eval,https://huggingface.co/datasets/mueller91/In-The-Wild,1.955,0,,,,,,,,,,,,0.080132,0.064926,0.170103,716.3,790.053,0.181556,0.153552,0.041762,0.105402,141.51,38.265,0.270404
/data/mighty-morphing/audio/public/in_the_wild/release_in_the_wild/release_in_the_wild/441.wav,unknown_public_web,synthetic,in_the_wild,Bernie Sanders,en,unknown_public_web,in_the_wild_tts,wav,,cc-by-sa-4.0,eval,https://huggingface.co/datasets/mueller91/In-The-Wild,2.106,0,,,,,,,,,,,,0.115332,0.116825,0.244019,700.854,1502.386,0.096343,0.120166,0.081616,0.092179,139.334,56.42,0.404927
/data/mighty-morphing/audio/public/in_the_wild/release_in_the_wild/release_in_the_wild/442.wav,in_the_wild,real,in_the_wild,Gilbert Gottfried,en,,authentic_public_web,wav,,cc-by-sa-4.0,eval,https://huggingface.co/datasets/mueller91/In-The-Wild,5.888,0,,,,,,,,,,,,0.057505,0.062702,0.240204,1543.598,1029.235,0.178911,0.104177,0.046272,0.199265,181.912,51.953,0.285592
/data/mighty-morphing/audio/public/in_the_wild/release_in_the_wild/release_in_the_wild/443.wav,unknown_public_web,synthetic,in_the_wild,Arnold Schwarzenegger,en,unknown_public_web,in_the_wild_tts,wav,,cc-by-sa-4.0,eval,https://huggingface.co/datasets/mueller91/In-The-Wild,3.654,0,,,,,,,,,,,,0.115101,0.090161,0.099174,948.266,1279.492,0.189614,0.16051,0.077029,0.127628,135.943,57.797,0.425153
/data/mighty-morphing/audio/public/in_the_wild/release_in_the_wild/release_in_the_wild/444.wav,unknown_public_web,synthetic,in_the_wild,Nelson Mandela,en,unknown_public_web,in_the_wild_tts,wav,,cc-by-sa-4.0,eval,https://huggingface.co/datasets/mueller91/In-The-Wild,1.902,0,,,,,,,,,,,,0.093044,0.110588,0.340426,697.764,637.854,0.203117,0.123304,0.02377,0.105859,189.695,55.634,0.293283
/data/mighty-morphing/audio/public/in_the_wild/release_in_the_wild/release_in_the_wild/445.wav,unknown_public_web,synthetic,in_the_wild,Mark Zuckerberg,en,unknown_public_web,in_the_wild_tts,wav,,cc-by-sa-4.0,eval,https://huggingface.co/datasets/mueller91/In-The-Wild,1.11,0,,,,,,,,,,,,0.038446,0.060149,0.477064,485.644,389.377,0.101448,0.139819,0.002916,0.073776,147.578,81.985,0.555538
/data/mighty-morphing/audio/public/in_the_wild/release_in_the_wild/release_in_the_wild/446.wav,in_the_wild,real,in_the_wild,Bernie Sanders,en,,authentic_public_web,wav,,cc-by-sa-4.0,eval,https://huggingface.co/datasets/mueller91/In-The-Wild,3.974,0,,,,,,,,,,,,0.125559,0.112923,0.162025,620.465,265.203,0.216653,0.086232,0.009985,0.086013,247.544,68.768,0.277799
/data/mighty-morphing/audio/public/in_the_wild/release_in_the_wild/release_in_the_wild/447.wav,in_the_wild,real,in_the_wild,Bernie Sanders,en,,authentic_public_web,wav,,cc-by-sa-4.0,eval,https://huggingface.co/datasets/mueller91/In-The-Wild,3.073,0,,,,,,,,,,,,0.097854,0.098854,0.295082,620.04,574.287,0.173433,0.102527,0.019886,0.086023,189.356,76.3,0.402944
/data/mighty-morphing/audio/public/in_the_wild/release_in_the_wild/release_in_the_wild/448.wav,in_the_wild,real,in_the_wild,Barack Obama,en,,authentic_public_web,wav,,cc-by-sa-4.0,eval,https://huggingface.co/datasets/mueller91/In-The-Wild,2.511,0,,,,,,,,,,,,0.081882,0.094183,0.313253,1162.228,1483.113,0.261652,0.177784,0.094657,0.156116,140.723,24.124,0.171427
/data/mighty-morphing/audio/public/in_the_wild/release_in_the_wild/release_in_the_wild/449.wav,in_the_wild,real,in_the_wild,Ayn Rand,en,,authentic_public_web,wav,,cc-by-sa-4.0,eval,https://huggingface.co/datasets/mueller91/In-The-Wild,2.531,0,,,,,,,,,,,,0.181583,0.141051,0.0,349.865,191.938,0.087455,0.041166,0.000198,0.053016,130.594,63.875,0.489113
/data/mighty-morphing/audio/public/in_the_wild/release_in_the_wild/release_in_the_wild/450.wav,in_the_wild,real,in_the_wild,Ayn Rand,en,,authentic_public_web,wav,,cc-by-sa-4.0,eval,https://huggingface.co/datasets/mueller91/In-The-Wild,3.934,0,,,,,,,,,,,,0.240421,0.155995,0.012788,415.501,145.202,0.039343,0.017175,1.6e-05,0.056924,164.466,39.961,0.242971
/data/mighty-morphing/audio/public/in_the_wild/release_in_the_wild/release_in_the_wild/451.wav,unknown_public_web,synthetic,in_the_wild,Winston Churchill,en,unknown_public_web,in_the_wild_tts,wav,,cc-by-sa-4.0,eval,https://huggingface.co/datasets/mueller91/In-The-Wild,14.572,0,,,,,,,,,,,,0.06277,0.068616,0.363574,456.571,236.724,0.042488,0.023295,0.000252,0.067055,139.918,50.605,0.361675
/data/mighty-morphing/audio/public/in_the_wild/release_in_the_wild/release_in_the_wild/452.wav,in_the_wild,real,in_the_wild,Bernie Sanders,en,,authentic_public_web,wav,,cc-by-sa-4.0,eval,https://huggingface.co/datasets/mueller91/In-The-Wild,2.961,0,,,,,,,,,,,,0.148077,0.112028,0.214286,710.353,314.322,0.179552,0.090342,0.00483,0.094753,237.204,50.156,0.211449
/data/mighty-morphing/audio/public/in_the_wild/release_in_the_wild/release_in_the_wild/453.wav,in_the_wild,real,in_the_wild,Donald Trump,en,,authentic_public_web,wav,,cc-by-sa-4.0,eval,https://huggingface.co/datasets/mueller91/In-The-Wild,4.491,0,,,,,,,,,,,,0.1385,0.092661,0.0,692.475,927.164,0.19838,0.104697,0.032669,0.097425,150.003,20.988,0.139915
/data/mighty-morphing/audio/public/in_the_wild/release_in_the_wild/release_in_the_wild/454.wav,unknown_public_web,synthetic,in_the_wild,Ronald Reagan,en,unknown_public_web,in_the_wild_tts,wav,,cc-by-sa-4.0,eval,https://huggingface.co/datasets/mueller91/In-The-Wild,5.402,0,,,,,,,,,,,,0.11256,0.090209,0.152416,319.095,100.345,0.046717,0.049787,0.000461,0.042435,126.56,32.108,0.253697
/data/mighty-morphing/audio/public/in_the_wild/release_in_the_wild/release_in_the_wild/455.wav,in_the_wild,real,in_the_wild,Robert Kardashian,en,,authentic_public_web,wav,,cc-by-sa-4.0,eval,https://huggingface.co/datasets/mueller91/In-The-Wild,3.839,0,,,,,,,,,,,,0.15212,0.148092,0.020942,376.634,270.539,0.097483,0.085317,0.008107,0.056785,144.62,49.323,0.341051
/data/mighty-morphing/audio/public/in_the_wild/release_in_the_wild/release_in_the_wild/456.wav,in_the_wild,real,in_the_wild,Donald Trump,en,,authentic_public_web,wav,,cc-by-sa-4.0,eval,https://huggingface.co/datasets/mueller91/In-The-Wild,2.105,0,,,,,,,,,,,,0.203644,0.150606,0.0,296.124,270.654,0.151793,0.117291,0.004901,0.045758,124.037,15.275,0.123153
/data/mighty-morphing/audio/public/in_the_wild/release_in_the_wild/release_in_the_wild/457.wav,unknown_public_web,synthetic,in_the_wild,Ronald Reagan,en,unknown_public_web,in_the_wild_tts,wav,,cc-by-sa-4.0,eval,https://huggingface.co/datasets/mueller91/In-The-Wild,4.002,0,,,,,,,,,,,,0.101953,0.09206,0.188442,488.436,898.757,0.08041,0.105242,0.026771,0.066111,142.663,61.509,0.431148
/data/mighty-morphing/audio/public/in_the_wild/release_in_the_wild/release_in_the_wild/458.wav,in_the_wild,real,in_the_wild,Christopher Hitchens,en,,authentic_public_web,wav,,cc-by-sa-4.0,eval,https://huggingface.co/datasets/mueller91/In-The-Wild,2.02,0,,,,,,,,,,,,0.096993,0.104698,0.17,1195.332,1177.492,0.283472,0.20904,0.083697,0.166339,243.524,143.496,0.589249
/data/mighty-morphing/audio/public/in_the_wild/release_in_the_wild/release_in_the_wild/459.wav,in_the_wild,real,in_the_wild,Bernie Sanders,en,,authentic_public_web,wav,,cc-by-sa-4.0,eval,https://huggingface.co/datasets/mueller91/In-The-Wild,2.424,0,,,,,,,,,,,,0.118703,0.126324,0.1125,862.179,834.02,0.287027,0.115033,0.04175,0.127643,193.056,76.473,0.396117
/data/mighty-morphing/audio/public/in_the_wild/release_in_the_wild/release_in_the_wild/460.wav,unknown_public_web,synthetic,in_the_wild,Martin Luther King,en,unknown_public_web,in_the_wild_tts,wav,,cc-by-sa-4.0,eval,https://huggingface.co/datasets/mueller91/In-The-Wild,3.984,0,,,,,,,,,,,,0.121173,0.095739,0.093434,795.565,282.453,0.036549,0.017782,0.000307,0.10776,184.877,49.932,0.27008
/data/mighty-morphing/audio/public/in_the_wild/release_in_the_wild/release_in_the_wild/461.wav,in_the_wild,real,in_the_wild,Alec Guinness,en,,authentic_public_web,wav,,cc-by-sa-4.0,eval,https://huggingface.co/datasets/mueller91/In-The-Wild,1.778,0,,,,,,,,,,,,0.092939,0.067872,0.056818,1160.878,1436.349,0.308056,0.091403,0.119393,0.162929,125.136,81.814,0.653804
/data/mighty-morphing/audio/public/in_the_wild/release_in_the_wild/release_in_the_wild/462.wav,in_the_wild,real,in_the_wild,Ayn Rand,en,,authentic_public_web,wav,,cc-by-sa-4.0,eval,https://huggingface.co/datasets/mueller91/In-The-Wild,2.987,0,,,,,,,,,,,,0.207537,0.168278,0.0,430.261,335.511,0.059618,0.045258,0.000235,0.058358,193.167,85.069,0.440389
/data/mighty-morphing/audio/public/in_the_wild/release_in_the_wild/release_in_the_wild/463.wav,unknown_public_web,synthetic,in_the_wild,Ronald Reagan,en,unknown_public_web,in_the_wild_tts,wav,,cc-by-sa-4.0,eval,https://huggingface.co/datasets/mueller91/In-The-Wild,2.028,0,,,,,,,,,,,,0.096754,0.11246,0.378109,977.345,1356.166,0.143458,0.202813,0.077831,0.12861,166.833,83.534,0.500706
/data/mighty-morphing/audio/public/in_the_wild/release_in_the_wild/release_in_the_wild/464.wav,unknown_public_web,synthetic,in_the_wild,Bernie Sanders,en,unknown_public_web,in_the_wild_tts,wav,,cc-by-sa-4.0,eval,https://huggingface.co/datasets/mueller91/In-The-Wild,6.37,0,,,,,,,,,,,,0.066649,0.067307,0.294488,796.871,1531.732,0.109566,0.148795,0.085808,0.10567,125.011,32.752,0.261995
/data/mighty-morphing/audio/public/in_the_wild/release_in_the_wild/release_in_the_wild/465.wav,in_the_wild,real,in_the_wild,Barack Obama,en,,authentic_public_web,wav,,cc-by-sa-4.0,eval,https://huggingface.co/datasets/mueller91/In-The-Wild,4.192,0,,,,,,,,,,,,0.074736,0.086997,0.251799,758.419,870.071,0.212892,0.135526,0.03821,0.103793,161.925,36.783,0.227162
/data/mighty-morphing/audio/public/in_the_wild/release_in_the_wild/release_in_the_wild/466.wav,unknown_public_web,synthetic,in_the_wild,Alec Guinness,en,unknown_public_web,in_the_wild_tts,wav,,cc-by-sa-4.0,eval,https://huggingface.co/datasets/mueller91/In-The-Wild,1.965,0,,,,,,,,,,,,0.084917,0.066474,0.174359,292.8,94.108,0.056178,0.031794,0.000844,0.04533,129.422,63.23,0.488557
/data/mighty-morphing/audio/public/in_the_wild/release_in_the_wild/release_in_the_wild/467.wav,in_the_wild,real,in_the_wild,Donald Trump,en,,authentic_public_web,wav,,cc-by-sa-4.0,eval,https://huggingface.co/datasets/mueller91/In-The-Wild,2.153,0,,,,,,,,,,,,0.078045,0.105242,0.333333,1233.718,1099.633,0.32642,0.147888,0.08781,0.166358,201.697,53.853,0.267001
/data/mighty-morphing/audio/public/in_the_wild/release_in_the_wild/release_in_the_wild/468.wav,in_the_wild,real,in_the_wild,Donald Trump,en,,authentic_public_web,wav,,cc-by-sa-4.0,eval,https://huggingface.co/datasets/mueller91/In-The-Wild,13.547,0,,,,,,,,,,,,0.153286,0.112474,0.056171,670.316,1091.068,0.170973,0.120892,0.062099,0.093108,130.403,23.565,0.18071
/data/mighty-morphing/audio/public/in_the_wild/release_in_the_wild/release_in_the_wild/469.wav,in_the_wild,real,in_the_wild,Barack Obama,en,,authentic_public_web,wav,,cc-by-sa-4.0,eval,https://huggingface.co/datasets/mueller91/In-The-Wild,4.073,0,,,,,,,,,,,,0.106772,0.10271,0.251852,724.198,912.275,0.170078,0.126842,0.038813,0.099288,193.773,60.45,0.311962
/data/mighty-morphing/audio/public/in_the_wild/release_in_the_wild/release_in_the_wild/470.wav,in_the_wild,real,in_the_wild,Barack Obama,en,,authentic_public_web,wav,,cc-by-sa-4.0,eval,https://huggingface.co/datasets/mueller91/In-The-Wild,3.475,0,,,,,,,,,,,,0.074029,0.084043,0.33815,830.151,966.867,0.204845,0.13491,0.045661,0.105976,181.897,55.417,0.304658
/data/mighty-morphing/audio/public/in_the_wild/release_in_the_wild/release_in_the_wild/471.wav,in_the_wild,real,in_the_wild,Milton Friedman,en,,authentic_public_web,wav,,cc-by-sa-4.0,eval,https://huggingface.co/datasets/mueller91/In-The-Wild,2.436,0,,,,,,,,,,,,0.09773,0.09693,0.272727,412.349,158.485,0.124879,0.102807,0.004668,0.062321,147.312,34.669,0.235346
/data/mighty-morphing/audio/public/in_the_wild/release_in_the_wild/release_in_the_wild/472.wav,in_the_wild,real,in_the_wild,Alec Guinness,en,,authentic_public_web,wav,,cc-by-sa-4.0,eval,https://huggingface.co/datasets/mueller91/In-The-Wild,2.214,0,,,,,,,,,,,,0.101442,0.087372,0.009132,470.051,585.146,0.15458,0.069631,0.018798,0.070017,133.454,77.931,0.583953
/data/mighty-morphing/audio/public/in_the_wild/release_in_the_wild/release_in_the_wild/473.wav,in_the_wild,real,in_the_wild,Barack Obama,en,,authentic_public_web,wav,,cc-by-sa-4.0,eval,https://huggingface.co/datasets/mueller91/In-The-Wild,4.19,0,,,,,,,,,,,,0.055924,0.080648,0.458034,688.712,1022.813,0.17531,0.149802,0.046458,0.097559,188.975,68.232,0.361063
/data/mighty-morphing/audio/public/in_the_wild/release_in_the_wild/release_in_the_wild/474.wav,unknown_public_web,synthetic,in_the_wild,Donald Trump,en,unknown_public_web,in_the_wild_tts,wav,,cc-by-sa-4.0,eval,https://huggingface.co/datasets/mueller91/In-The-Wild,6.758,0,,,,,,,,,,,,0.044612,0.060569,0.290801,655.282,413.203,0.071219,0.078544,0.005996,0.090397,167.079,55.531,0.33236
/data/mighty-morphing/audio/public/in_the_wild/release_in_the_wild/release_in_the_wild/475.wav,in_the_wild,real,in_the_wild,Christopher Hitchens,en,,authentic_public_web,wav,,cc-by-sa-4.0,eval,https://huggingface.co/datasets/mueller91/In-The-Wild,5.303,0,,,,,,,,,,,,0.140963,0.091876,0.060606,852.046,1304.355,0.198882,0.113658,0.084153,0.1171,127.451,53.588,0.420457
/data/mighty-morphing/audio/public/in_the_wild/release_in_the_wild/release_in_the_wild/476.wav,in_the_wild,real,in_the_wild,Donald Trump,en,,authentic_public_web,wav,,cc-by-sa-4.0,eval,https://huggingface.co/datasets/mueller91/In-The-Wild,1.432,0,,,,,,,,,,,,0.092855,0.105495,0.390071,715.846,726.025,0.260078,0.137199,0.044869,0.096285,228.333,25.653,0.11235
/data/mighty-morphing/audio/public/in_the_wild/release_in_the_wild/release_in_the_wild/477.wav,in_the_wild,real,in_the_wild,Alec Guinness,en,,authentic_public_web,wav,,cc-by-sa-4.0,eval,https://huggingface.co/datasets/mueller91/In-The-Wild,1.217,0,,,,,,,,,,,,0.117189,0.107299,0.258333,1184.827,1753.552,0.248372,0.142802,0.146795,0.175214,125.62,101.432,0.807452
/data/mighty-morphing/audio/public/in_the_wild/release_in_the_wild/release_in_the_wild/478.wav,in_the_wild,real,in_the_wild,Donald Trump,en,,authentic_public_web,wav,,cc-by-sa-4.0,eval,https://huggingface.co/datasets/mueller91/In-The-Wild,2.033,0,,,,,,,,,,,,0.15766,0.101664,0.0,395.974,429.451,0.188735,0.08267,0.006248,0.057046,151.112,13.885,0.091887
/data/mighty-morphing/audio/public/in_the_wild/release_in_the_wild/release_in_the_wild/479.wav,in_the_wild,real,in_the_wild,Bernie Sanders,en,,authentic_public_web,wav,,cc-by-sa-4.0,eval,https://huggingface.co/datasets/mueller91/In-The-Wild,2.104,0,,,,,,,,,,,,0.116067,0.104275,0.298077,883.829,916.342,0.221548,0.149404,0.054414,0.118166,266.14,49.329,0.18535
/data/mighty-morphing/audio/public/in_the_wild/release_in_the_wild/release_in_the_wild/480.wav,in_the_wild,real,in_the_wild,Donald Trump,en,,authentic_public_web,wav,,cc-by-sa-4.0,eval,https://huggingface.co/datasets/mueller91/In-The-Wild,4.112,0,,,,,,,,,,,,0.093208,0.089752,0.139364,1247.204,1437.488,0.247628,0.134354,0.100956,0.163915,200.596,28.013,0.139648
/data/mighty-morphing/audio/public/in_the_wild/release_in_the_wild/release_in_the_wild/481.wav,unknown_public_web,synthetic,in_the_wild,Alec Guinness,en,unknown_public_web,in_the_wild_tts,wav,,cc-by-sa-4.0,eval,https://huggingface.co/datasets/mueller91/In-The-Wild,8.459,0,,,,,,,,,,,,0.099044,0.066851,0.098341,335.518,130.116,0.076423,0.047756,0.000534,0.051008,129.29,44.31,0.342719
/data/mighty-morphing/audio/public/in_the_wild/release_in_the_wild/release_in_the_wild/482.wav,in_the_wild,real,in_the_wild,Donald Trump,en,,authentic_public_web,wav,,cc-by-sa-4.0,eval,https://huggingface.co/datasets/mueller91/In-The-Wild,4.187,0,,,,,,,,,,,,0.144538,0.097443,0.079137,526.72,585.664,0.128774,0.081997,0.015877,0.069953,171.739,66.839,0.38919
/data/mighty-morphing/audio/public/in_the_wild/release_in_the_wild/release_in_the_wild/483.wav,in_the_wild,real,in_the_wild,Barack Obama,en,,authentic_public_web,wav,,cc-by-sa-4.0,eval,https://huggingface.co/datasets/mueller91/In-The-Wild,2.49,0,,,,,,,,,,,,0.099622,0.112945,0.34413,709.426,951.904,0.264793,0.146671,0.047313,0.101143,188.785,67.588,0.358017
/data/mighty-morphing/audio/public/in_the_wild/release_in_the_wild/release_in_the_wild/484.wav,unknown_public_web,synthetic,in_the_wild,Alec Guinness,en,unknown_public_web,in_the_wild_tts,wav,,cc-by-sa-4.0,eval,https://huggingface.co/datasets/mueller91/In-The-Wild,4.403,0,,,,,,,,,,,,0.092053,0.075862,0.015982,504.057,1114.925,0.100719,0.078048,0.052201,0.082619,95.401,50.816,0.532651
/data/mighty-morphing/audio/public/in_the_wild/release_in_the_wild/release_in_the_wild/485.wav,in_the_wild,real,in_the_wild,Bill Clinton,en,,authentic_public_web,wav,,cc-by-sa-4.0,eval,https://huggingface.co/datasets/mueller91/In-The-Wild,1.889,0,,,,,,,,,,,,0.140907,0.130466,0.219251,403.491,258.147,0.093552,0.096308,0.002637,0.053854,183.015,21.349,0.116649
/data/mighty-morphing/audio/public/in_the_wild/release_in_the_wild/release_in_the_wild/486.wav,in_the_wild,real,in_the_wild,Ayn Rand,en,,authentic_public_web,wav,,cc-by-sa-4.0,eval,https://huggingface.co/datasets/mueller91/In-The-Wild,2.539,0,,,,,,,,,,,,0.184773,0.14584,0.095238,446.06,303.618,0.049138,0.030534,7.1e-05,0.060395,140.982,55.96,0.396931
/data/mighty-morphing/audio/public/in_the_wild/release_in_the_wild/release_in_the_wild/487.wav,in_the_wild,real,in_the_wild,Alec Guinness,en,,authentic_public_web,wav,,cc-by-sa-4.0,eval,https://huggingface.co/datasets/mueller91/In-The-Wild,0.605,0,,,,,,,,,,,,0.182757,0.07458,0.0,271.132,109.939,0.112563,0.033832,0.000738,0.041551,103.935,77.94,0.749889
/data/mighty-morphing/audio/public/in_the_wild/release_in_the_wild/release_in_the_wild/488.wav,unknown_public_web,synthetic,in_the_wild,Alec Guinness,en,unknown_public_web,in_the_wild_tts,wav,,cc-by-sa-4.0,eval,https://huggingface.co/datasets/mueller91/In-The-Wild,11.312,0,,,,,,,,,,,,0.067967,0.059417,0.184234,512.566,882.968,0.103427,0.099379,0.03006,0.074935,131.081,63.889,0.487401
/data/mighty-morphing/audio/public/in_the_wild/release_in_the_wild/release_in_the_wild/489.wav,unknown_public_web,synthetic,in_the_wild,Gilbert Gottfried,en,unknown_public_web,in_the_wild_tts,wav,,cc-by-sa-4.0,eval,https://huggingface.co/datasets/mueller91/In-The-Wild,2.118,0,,,,,,,,,,,,0.091585,0.08522,0.252381,1032.779,1392.207,0.136382,0.150935,0.083847,0.134675,197.359,47.701,0.241695
/data/mighty-morphing/audio/public/in_the_wild/release_in_the_wild/release_in_the_wild/490.wav,unknown_public_web,synthetic,in_the_wild,Gilbert Gottfried,en,unknown_public_web,in_the_wild_tts,wav,,cc-by-sa-4.0,eval,https://huggingface.co/datasets/mueller91/In-The-Wild,8.89,0,,,,,,,,,,,,0.097841,0.083198,0.19053,1065.176,1325.025,0.154423,0.153037,0.075167,0.133232,198.881,51.637,0.259639
/data/mighty-morphing/audio/public/in_the_wild/release_in_the_wild/release_in_the_wild/491.wav,unknown_public_web,synthetic,in_the_wild,Norm MacDonald,en,unknown_public_web,in_the_wild_tts,wav,,cc-by-sa-4.0,eval,https://huggingface.co/datasets/mueller91/In-The-Wild,3.317,0,,,,,,,,,,,,0.11078,0.093428,0.257576,339.032,166.497,0.08587,0.05144,0.002046,0.0466,123.518,9.198,0.074469
/data/mighty-morphing/audio/public/in_the_wild/release_in_the_wild/release_in_the_wild/492.wav,unknown_public_web,synthetic,in_the_wild,Ronald Reagan,en,unknown_public_web,in_the_wild_tts,wav,,cc-by-sa-4.0,eval,https://huggingface.co/datasets/mueller91/In-The-Wild,6.284,0,,,,,,,,,,,,0.078471,0.063601,0.194888,732.577,812.223,0.119044,0.099114,0.023834,0.101224,153.182,68.551,0.447511
/data/mighty-morphing/audio/public/in_the_wild/release_in_the_wild/release_in_the_wild/493.wav,unknown_public_web,synthetic,in_the_wild,Milton Friedman,en,unknown_public_web,in_the_wild_tts,wav,,cc-by-sa-4.0,eval,https://huggingface.co/datasets/mueller91/In-The-Wild,2.036,0,,,,,,,,,,,,0.152432,0.16096,0.346535,342.123,87.686,0.024913,0.027728,0.000168,0.044137,241.941,53.128,0.219592
/data/mighty-morphing/audio/public/in_the_wild/release_in_the_wild/release_in_the_wild/494.wav,unknown_public_web,synthetic,in_the_wild,Richard Nixon,en,unknown_public_web,in_the_wild_tts,wav,,cc-by-sa-4.0,eval,https://huggingface.co/datasets/mueller91/In-The-Wild,1.084,0,,,,,,,,,,,,0.083987,0.095673,0.264151,425.833,211.046,0.115562,0.039528,0.000989,0.075515,180.931,57.181,0.316036
/data/mighty-morphing/audio/public/in_the_wild/release_in_the_wild/release_in_the_wild/495.wav,unknown_public_web,synthetic,in_the_wild,Bernie Sanders,en,unknown_public_web,in_the_wild_tts,wav,,cc-by-sa-4.0,eval,https://huggingface.co/datasets/mueller91/In-The-Wild,5.432,0,,,,,,,,,,,,0.119215,0.101832,0.219963,699.232,1422.45,0.084739,0.116912,0.077355,0.091904,137.903,42.451,0.307832
/data/mighty-morphing/audio/public/in_the_wild/release_in_the_wild/release_in_the_wild/496.wav,in_the_wild,real,in_the_wild,FDR,en,,authentic_public_web,wav,,cc-by-sa-4.0,eval,https://huggingface.co/datasets/mueller91/In-The-Wild,1.996,0,,,,,,,,,,,,0.093194,0.088769,0.065657,613.701,348.062,0.272936,0.099711,0.005909,0.0877,266.736,100.756,0.377737
/data/mighty-morphing/audio/public/in_the_wild/release_in_the_wild/release_in_the_wild/497.wav,in_the_wild,real,in_the_wild,Alec Guinness,en,,authentic_public_web,wav,,cc-by-sa-4.0,eval,https://huggingface.co/datasets/mueller91/In-The-Wild,7.148,0,,,,,,,,,,,,0.082986,0.053002,0.025245,998.165,1222.167,0.313132,0.099121,0.081665,0.1482,152.08,109.99,0.723239
/data/mighty-morphing/audio/public/in_the_wild/release_in_the_wild/release_in_the_wild/498.wav,in_the_wild,real,in_the_wild,Bernie Sanders,en,,authentic_public_web,wav,,cc-by-sa-4.0,eval,https://huggingface.co/datasets/mueller91/In-The-Wild,5.37,0,,,,,,,,,,,,0.096974,0.094967,0.250467,748.518,897.973,0.18179,0.131175,0.039113,0.100063,177.087,89.371,0.504675
/data/mighty-morphing/audio/public/in_the_wild/release_in_the_wild/release_in_the_wild/499.wav,in_the_wild,real,in_the_wild,Donald Trump,en,,authentic_public_web,wav,,cc-by-sa-4.0,eval,https://huggingface.co/datasets/mueller91/In-The-Wild,2.592,0,,,,,,,,,,,,0.099866,0.100083,0.077821,1953.478,1826.841,0.356697,0.155787,0.219379,0.259301,166.043,75.068,0.452104
/data/mighty-morphing/audio/public/in_the_wild/release_in_the_wild/release_in_the_wild/500.wav,in_the_wild,real,in_the_wild,Christopher Hitchens,en,,authentic_public_web,wav,,cc-by-sa-4.0,eval,https://huggingface.co/datasets/mueller91/In-The-Wild,5.221,0,,,,,,,,,,,,0.039392,0.056718,0.244231,1115.981,1376.03,0.246044,0.151832,0.106287,0.149842,196.402,133.724,0.680868
/data/mighty-morphing/audio/public/in_the_wild/release_in_the_wild/release_in_the_wild/501.wav,in_the_wild,real,in_the_wild,Christopher Hitchens,en,,authentic_public_web,wav,,cc-by-sa-4.0,eval,https://huggingface.co/datasets/mueller91/In-The-Wild,3.213,0,,,,,,,,,,,,0.06425,0.082461,0.30094,708.064,650.771,0.210054,0.123411,0.012942,0.10226,216.73,131.445,0.606494
/data/mighty-morphing/audio/public/in_the_wild/release_in_the_wild/release_in_the_wild/502.wav,unknown_public_web,synthetic,in_the_wild,Alec Guinness,en,unknown_public_web,in_the_wild_tts,wav,,cc-by-sa-4.0,eval,https://huggingface.co/datasets/mueller91/In-The-Wild,3.146,0,,,,,,,,,,,,0.09223,0.075777,0.051118,585.939,1067.325,0.108368,0.117957,0.05625,0.090102,94.439,25.702,0.272157
/data/mighty-morphing/audio/public/in_the_wild/release_in_the_wild/release_in_the_wild/503.wav,in_the_wild,real,in_the_wild,Bernie Sanders,en,,authentic_public_web,wav,,cc-by-sa-4.0,eval,https://huggingface.co/datasets/mueller91/In-The-Wild,1.901,0,,,,,,,,,,,,0.132164,0.146854,0.271277,773.151,794.526,0.185375,0.181724,0.046286,0.105284,255.736,111.815,0.43723
/data/mighty-morphing/audio/public/in_the_wild/release_in_the_wild/release_in_the_wild/504.wav,in_the_wild,real,in_the_wild,Christopher Hitchens,en,,authentic_public_web,wav,,cc-by-sa-4.0,eval,https://huggingface.co/datasets/mueller91/In-The-Wild,2.491,0,,,,,,,,,,,,0.048754,0.069174,0.404858,1194.623,1124.287,0.284002,0.170227,0.066885,0.165414,252.263,134.52,0.533252
/data/mighty-morphing/audio/public/in_the_wild/release_in_the_wild/release_in_the_wild/505.wav,unknown_public_web,synthetic,in_the_wild,Milton Friedman,en,unknown_public_web,in_the_wild_tts,wav,,cc-by-sa-4.0,eval,https://huggingface.co/datasets/mueller91/In-The-Wild,1.085,0,,,,,,,,,,,,0.108124,0.132804,0.476636,325.848,145.805,0.047854,0.04729,0.001132,0.043478,216.934,105.122,0.484582
/data/mighty-morphing/audio/public/in_the_wild/release_in_the_wild/release_in_the_wild/506.wav,in_the_wild,real,in_the_wild,Bernie Sanders,en,,authentic_public_web,wav,,cc-by-sa-4.0,eval,https://huggingface.co/datasets/mueller91/In-The-Wild,2.727,0,,,,,,,,,,,,0.14853,0.172605,0.147601,908.855,779.623,0.225363,0.097139,0.040287,0.131835,189.625,83.498,0.440332
/data/mighty-morphing/audio/public/in_the_wild/release_in_the_wild/release_in_the_wild/507.wav,in_the_wild,real,in_the_wild,Arnold Schwarzenegger,en,,authentic_public_web,wav,,cc-by-sa-4.0,eval,https://huggingface.co/datasets/mueller91/In-The-Wild,3.045,0,,,,,,,,,,,,0.080867,0.087093,0.194719,1297.307,1578.767,0.302939,0.145836,0.161638,0.17236,155.99,35.418,0.227053
/data/mighty-morphing/audio/public/in_the_wild/release_in_the_wild/release_in_the_wild/508.wav,in_the_wild,real,in_the_wild,Barack Obama,en,,authentic_public_web,wav,,cc-by-sa-4.0,eval,https://huggingface.co/datasets/mueller91/In-The-Wild,2.123,0,,,,,,,,,,,,0.073769,0.08833,0.347619,749.691,738.613,0.238542,0.184739,0.033172,0.10694,152.74,45.51,0.297956
/data/mighty-morphing/audio/public/in_the_wild/release_in_the_wild/release_in_the_wild/509.wav,unknown_public_web,synthetic,in_the_wild,Gilbert Gottfried,en,unknown_public_web,in_the_wild_tts,wav,,cc-by-sa-4.0,eval,https://huggingface.co/datasets/mueller91/In-The-Wild,1.864,0,,,,,,,,,,,,0.066209,0.078745,0.396739,862.86,687.669,0.168321,0.158852,0.021269,0.109539,257.384,84.214,0.327192
/data/mighty-morphing/audio/public/in_the_wild/release_in_the_wild/release_in_the_wild/510.wav,in_the_wild,real,in_the_wild,Alan Watts,en,,authentic_public_web,wav,,cc-by-sa-4.0,eval,https://huggingface.co/datasets/mueller91/In-The-Wild,5.822,0,,,,,,,,,,,,0.062364,0.11209,0.417241,983.142,708.456,0.215505,0.131936,0.025588,0.146833,215.321,127.105,0.590305
/data/mighty-morphing/audio/public/in_the_wild/release_in_the_wild/release_in_the_wild/511.wav,in_the_wild,real,in_the_wild,Bill Burr,en,,authentic_public_web,wav,,cc-by-sa-4.0,eval,https://huggingface.co/datasets/mueller91/In-The-Wild,6.776,0,,,,,,,,,,,,0.111182,0.089686,0.201183,738.882,1192.188,0.150164,0.12401,0.065321,0.098024,125.61,60.543,0.481993
/data/mighty-morphing/audio/public/in_the_wild/release_in_the_wild/release_in_the_wild/512.wav,unknown_public_web,synthetic,in_the_wild,Louis C.K.,en,unknown_public_web,in_the_wild_tts,wav,,cc-by-sa-4.0,eval,https://huggingface.co/datasets/mueller91/In-The-Wild,4.151,0,,,,,,,,,,,,0.137445,0.102837,0.128329,710.792,1224.25,0.118231,0.092671,0.064312,0.096678,220.556,66.255,0.3004
/data/mighty-morphing/audio/public/in_the_wild/release_in_the_wild/release_in_the_wild/513.wav,in_the_wild,real,in_the_wild,FDR,en,,authentic_public_web,wav,,cc-by-sa-4.0,eval,https://huggingface.co/datasets/mueller91/In-The-Wild,1.635,0,,,,,,,,,,,,0.185522,0.151565,0.0,924.782,345.888,0.031166,0.012051,3e-06,0.134646,238.232,81.604,0.342539
/data/mighty-morphing/audio/public/in_the_wild/release_in_the_wild/release_in_the_wild/514.wav,unknown_public_web,synthetic,in_the_wild,Richard Nixon,en,unknown_public_web,in_the_wild_tts,wav,,cc-by-sa-4.0,eval,https://huggingface.co/datasets/mueller91/In-The-Wild,1.885,0,,,,,,,,,,,,0.12567,0.115186,0.117647,732.237,961.966,0.148939,0.10556,0.04025,0.099609,171.761,70.334,0.409489
/data/mighty-morphing/audio/public/in_the_wild/release_in_the_wild/release_in_the_wild/515.wav,unknown_public_web,synthetic,in_the_wild,Bill Clinton,en,unknown_public_web,in_the_wild_tts,wav,,cc-by-sa-4.0,eval,https://huggingface.co/datasets/mueller91/In-The-Wild,4.591,0,,,,,,,,,,,,0.104255,0.087644,0.037199,780.184,1039.929,0.129213,0.179204,0.04798,0.108394,159.874,30.723,0.192172
/data/mighty-morphing/audio/public/in_the_wild/release_in_the_wild/release_in_the_wild/516.wav,in_the_wild,real,in_the_wild,JFK,en,,authentic_public_web,wav,,cc-by-sa-4.0,eval,https://huggingface.co/datasets/mueller91/In-The-Wild,1.929,0,,,,,,,,,,,,0.080926,0.094107,0.34555,1017.889,666.309,0.245645,0.113301,0.032183,0.14597,211.316,76.292,0.361034
/data/mighty-morphing/audio/public/in_the_wild/release_in_the_wild/release_in_the_wild/517.wav,in_the_wild,real,in_the_wild,Donald Trump,en,,authentic_public_web,wav,,cc-by-sa-4.0,eval,https://huggingface.co/datasets/mueller91/In-The-Wild,1.436,0,,,,,,,,,,,,0.093257,0.104364,0.239437,930.658,993.615,0.24318,0.193977,0.0318,0.135774,142.052,48.624,0.342294
/data/mighty-morphing/audio/public/in_the_wild/release_in_the_wild/release_in_the_wild/518.wav,in_the_wild,real,in_the_wild,Milton Friedman,en,,authentic_public_web,wav,,cc-by-sa-4.0,eval,https://huggingface.co/datasets/mueller91/In-The-Wild,3.318,0,,,,,,,,,,,,0.185261,0.177133,0.187879,491.893,204.951,0.132946,0.072276,0.003925,0.065034,212.336,66.7,0.314122
/data/mighty-morphing/audio/public/in_the_wild/release_in_the_wild/release_in_the_wild/519.wav,unknown_public_web,synthetic,in_the_wild,Alec Guinness,en,unknown_public_web,in_the_wild_tts,wav,,cc-by-sa-4.0,eval,https://huggingface.co/datasets/mueller91/In-The-Wild,7.215,0,,,,,,,,,,,,0.091499,0.075812,0.108333,322.403,176.82,0.071605,0.066509,0.003456,0.0505,107.337,31.008,0.288882
/data/mighty-morphing/audio/public/in_the_wild/release_in_the_wild/release_in_the_wild/520.wav,in_the_wild,real,in_the_wild,Barack Obama,en,,authentic_public_web,wav,,cc-by-sa-4.0,eval,https://huggingface.co/datasets/mueller91/In-The-Wild,4.978,0,,,,,,,,,,,,0.09765,0.110341,0.270161,942.97,1303.77,0.188695,0.154347,0.090666,0.131524,154.414,40.018,0.25916
/data/mighty-morphing/audio/public/in_the_wild/release_in_the_wild/release_in_the_wild/521.wav,in_the_wild,real,in_the_wild,Barack Obama,en,,authentic_public_web,wav,,cc-by-sa-4.0,eval,https://huggingface.co/datasets/mueller91/In-The-Wild,0.657,0,,,,,,,,,,,,0.07297,0.117955,0.59375,577.994,389.37,0.256866,0.141658,0.013647,0.085947,174.916,30.572,0.174781
/data/mighty-morphing/audio/public/in_the_wild/release_in_the_wild/release_in_the_wild/522.wav,in_the_wild,real,in_the_wild,Alec Guinness,en,,authentic_public_web,wav,,cc-by-sa-4.0,eval,https://huggingface.co/datasets/mueller91/In-The-Wild,2.521,0,,,,,,,,,,,,0.102847,0.071215,0.0,1020.325,469.221,0.341761,0.08198,0.029463,0.148334,125.414,93.997,0.749495
/data/mighty-morphing/audio/public/in_the_wild/release_in_the_wild/release_in_the_wild/523.wav,in_the_wild,real,in_the_wild,Louis Farrakhan,en,,authentic_public_web,wav,,cc-by-sa-4.0,eval,https://huggingface.co/datasets/mueller91/In-The-Wild,2.47,0,,,,,,,,,,,,0.095865,0.088687,0.318367,1341.062,1621.535,0.197123,0.146504,0.110903,0.174871,193.727,74.726,0.385727
/data/mighty-morphing/audio/public/in_the_wild/release_in_the_wild/release_in_the_wild/524.wav,in_the_wild,real,in_the_wild,Barack Obama,en,,authentic_public_web,wav,,cc-by-sa-4.0,eval,https://huggingface.co/datasets/mueller91/In-The-Wild,3.86,0,,,,,,,,,,,,0.079044,0.106063,0.341146,956.108,1203.466,0.213257,0.166466,0.067471,0.124488,189.771,55.101,0.290352
/data/mighty-morphing/audio/public/in_the_wild/release_in_the_wild/release_in_the_wild/525.wav,unknown_public_web,synthetic,in_the_wild,Mark Zuckerberg,en,unknown_public_web,in_the_wild_tts,wav,,cc-by-sa-4.0,eval,https://huggingface.co/datasets/mueller91/In-The-Wild,7.324,0,,,,,,,,,,,,0.125095,0.082509,0.109589,686.144,1124.35,0.089582,0.114193,0.04063,0.090543,172.867,42.849,0.247874
/data/mighty-morphing/audio/public/in_the_wild/release_in_the_wild/release_in_the_wild/526.wav,unknown_public_web,synthetic,in_the_wild,The Notorious B.I.G.,en,unknown_public_web,in_the_wild_tts,wav,,cc-by-sa-4.0,eval,https://huggingface.co/datasets/mueller91/In-The-Wild,1.02,0,,,,,,,,,,,,0.147745,0.126547,0.15,435.567,131.025,0.127279,0.092151,0.002968,0.065124,196.583,32.969,0.167711
/data/mighty-morphing/audio/public/in_the_wild/release_in_the_wild/release_in_the_wild/527.wav,unknown_public_web,synthetic,in_the_wild,FDR,en,unknown_public_web,in_the_wild_tts,wav,,cc-by-sa-4.0,eval,https://huggingface.co/datasets/mueller91/In-The-Wild,6.309,0,,,,,,,,,,,,0.097583,0.098801,0.260731,725.665,316.943,0.035359,0.013984,8.2e-05,0.100318,234.008,74.214,0.317141
/data/mighty-morphing/audio/public/in_the_wild/release_in_the_wild/release_in_the_wild/528.wav,unknown_public_web,synthetic,in_the_wild,Alan Watts,en,unknown_public_web,in_the_wild_tts,wav,,cc-by-sa-4.0,eval,https://huggingface.co/datasets/mueller91/In-The-Wild,1.768,0,,,,,,,,,,,,0.051196,0.057556,0.348571,732.608,1036.231,0.077121,0.099665,0.064244,0.099635,195.813,95.656,0.488508
/data/mighty-morphing/audio/public/in_the_wild/release_in_the_wild/release_in_the_wild/529.wav,in_the_wild,real,in_the_wild,Alec Guinness,en,,authentic_public_web,wav,,cc-by-sa-4.0,eval,https://huggingface.co/datasets/mueller91/In-The-Wild,4.425,0,,,,,,,,,,,,0.092887,0.078653,0.054422,242.907,273.83,0.140758,0.053625,0.007515,0.038759,116.256,82.391,0.708702
/data/mighty-morphing/audio/public/in_the_wild/release_in_the_wild/release_in_the_wild/530.wav,in_the_wild,real,in_the_wild,Barack Obama,en,,authentic_public_web,wav,,cc-by-sa-4.0,eval,https://huggingface.co/datasets/mueller91/In-The-Wild,4.3,0,,,,,,,,,,,,0.077238,0.099929,0.441589,839.111,1013.153,0.178037,0.15112,0.057334,0.115153,179.716,56.461,0.314167
/data/mighty-morphing/audio/public/in_the_wild/release_in_the_wild/release_in_the_wild/531.wav,unknown_public_web,synthetic,in_the_wild,Ronald Reagan,en,unknown_public_web,in_the_wild_tts,wav,,cc-by-sa-4.0,eval,https://huggingface.co/datasets/mueller91/In-The-Wild,7.471,0,,,,,,,,,,,,0.070144,0.056228,0.193289,938.255,1107.295,0.147303,0.12487,0.050573,0.126613,153.661,71.377,0.464507
/data/mighty-morphing/audio/public/in_the_wild/release_in_the_wild/release_in_the_wild/532.wav,in_the_wild,real,in_the_wild,John Cleese,en,,authentic_public_web,wav,,cc-by-sa-4.0,eval,https://huggingface.co/datasets/mueller91/In-The-Wild,5.209,0,,,,,,,,,,,,0.114125,0.112273,0.078998,411.548,317.516,0.093749,0.089571,0.006727,0.055941,158.961,86.766,0.545829
/data/mighty-morphing/audio/public/in_the_wild/release_in_the_wild/release_in_the_wild/533.wav,in_the_wild,real,in_the_wild,Donald Trump,en,,authentic_public_web,wav,,cc-by-sa-4.0,eval,https://huggingface.co/datasets/mueller91/In-The-Wild,2.318,0,,,,,,,,,,,,0.131527,0.130852,0.143478,614.072,727.654,0.16704,0.117411,0.037671,0.086357,218.914,114.577,0.52339
/data/mighty-morphing/audio/public/in_the_wild/release_in_the_wild/release_in_the_wild/534.wav,in_the_wild,real,in_the_wild,Barack Obama,en,,authentic_public_web,wav,,cc-by-sa-4.0,eval,https://huggingface.co/datasets/mueller91/In-The-Wild,10.932,0,,,,,,,,,,,,0.098262,0.1,0.206233,570.63,468.005,0.120462,0.09352,0.009762,0.07797,185.714,37.53,0.202087
/data/mighty-morphing/audio/public/in_the_wild/release_in_the_wild/release_in_the_wild/535.wav,unknown_public_web,synthetic,in_the_wild,The Notorious B.I.G.,en,unknown_public_web,in_the_wild_tts,wav,,cc-by-sa-4.0,eval,https://huggingface.co/datasets/mueller91/In-The-Wild,1.956,0,,,,,,,,,,,,0.104641,0.081812,0.07732,648.426,993.064,0.126158,0.090629,0.039803,0.086983,229.509,31.19,0.135899
/data/mighty-morphing/audio/public/in_the_wild/release_in_the_wild/release_in_the_wild/536.wav,unknown_public_web,synthetic,in_the_wild,Winston Churchill,en,unknown_public_web,in_the_wild_tts,wav,,cc-by-sa-4.0,eval,https://huggingface.co/datasets/mueller91/In-The-Wild,3.577,0,,,,,,,,,,,,0.050813,0.058784,0.393258,714.024,382.932,0.044262,0.019741,0.000444,0.102952,154.245,74.918,0.485707
/data/mighty-morphing/audio/public/in_the_wild/release_in_the_wild/release_in_the_wild/537.wav,unknown_public_web,synthetic,in_the_wild,JFK,en,unknown_public_web,in_the_wild_tts,wav,,cc-by-sa-4.0,eval,https://huggingface.co/datasets/mueller91/In-The-Wild,2.341,0,,,,,,,,,,,,0.072175,0.070546,0.293103,927.383,518.64,0.086108,0.03432,0.000936,0.127969,175.293,73.1,0.417016
/data/mighty-morphing/audio/public/in_the_wild/release_in_the_wild/release_in_the_wild/538.wav,unknown_public_web,synthetic,in_the_wild,The Notorious B.I.G.,en,unknown_public_web,in_the_wild_tts,wav,,cc-by-sa-4.0,eval,https://huggingface.co/datasets/mueller91/In-The-Wild,0.758,0,,,,,,,,,,,,0.135132,0.108389,0.094595,477.762,178.789,0.062519,0.059686,0.000703,0.067513,227.163,33.435,0.147184
/data/mighty-morphing/audio/public/in_the_wild/release_in_the_wild/release_in_the_wild/539.wav,in_the_wild,real,in_the_wild,Bernie Sanders,en,,authentic_public_web,wav,,cc-by-sa-4.0,eval,https://huggingface.co/datasets/mueller91/In-The-Wild,1.739,0,,,,,,,,,,,,0.167343,0.157883,0.023256,862.748,1213.759,0.249825,0.126329,0.061992,0.121196,216.954,81.612,0.376173
/data/mighty-morphing/audio/public/in_the_wild/release_in_the_wild/release_in_the_wild/540.wav,unknown_public_web,synthetic,in_the_wild,Ayn Rand,en,unknown_public_web,in_the_wild_tts,wav,,cc-by-sa-4.0,eval,https://huggingface.co/datasets/mueller91/In-The-Wild,5.868,0,,,,,,,,,,,,0.079019,0.077403,0.242735,861.496,587.317,0.075621,0.069787,0.004635,0.115974,217.653,121.39,0.557723
/data/mighty-morphing/audio/public/in_the_wild/release_in_the_wild/release_in_the_wild/541.wav,unknown_public_web,synthetic,in_the_wild,Ayn Rand,en,unknown_public_web,in_the_wild_tts,wav,,cc-by-sa-4.0,eval,https://huggingface.co/datasets/mueller91/In-The-Wild,5.213,0,,,,,,,,,,,,0.079735,0.081275,0.289017,595.689,356.823,0.044525,0.041477,0.000622,0.080691,196.961,105.161,0.533918
/data/mighty-morphing/audio/public/in_the_wild/release_in_the_wild/release_in_the_wild/542.wav,unknown_public_web,synthetic,in_the_wild,Louis Farrakhan,en,unknown_public_web,in_the_wild_tts,wav,,cc-by-sa-4.0,eval,https://huggingface.co/datasets/mueller91/In-The-Wild,7.207,0,,,,,,,,,,,,0.07773,0.078736,0.261474,1790.554,1870.324,0.234804,0.086887,0.173457,0.226954,256.482,31.326,0.122139
/data/mighty-morphing/audio/public/in_the_wild/release_in_the_wild/release_in_the_wild/543.wav,in_the_wild,real,in_the_wild,Winston Churchill,en,,authentic_public_web,wav,,cc-by-sa-4.0,eval,https://huggingface.co/datasets/mueller91/In-The-Wild,2.496,0,,,,,,,,,,,,0.141845,0.146211,0.290323,1035.392,618.334,0.218828,0.093256,0.015442,0.139946,220.252,106.941,0.485538
/data/mighty-morphing/audio/public/in_the_wild/release_in_the_wild/release_in_the_wild/544.wav,unknown_public_web,synthetic,in_the_wild,Alec Guinness,en,unknown_public_web,in_the_wild_tts,wav,,cc-by-sa-4.0,eval,https://huggingface.co/datasets/mueller91/In-The-Wild,9.821,0,,,,,,,,,,,,0.09438,0.071402,0.121429,385.929,329.963,0.070251,0.059229,0.004612,0.057325,117.966,45.875,0.388886
/data/mighty-morphing/audio/public/in_the_wild/release_in_the_wild/release_in_the_wild/545.wav,unknown_public_web,synthetic,in_the_wild,Milton Friedman,en,unknown_public_web,in_the_wild_tts,wav,,cc-by-sa-4.0,eval,https://huggingface.co/datasets/mueller91/In-The-Wild,11.232,0,,,,,,,,,,,,0.096033,0.0862,0.248885,400.009,142.144,0.015702,0.008818,6e-06,0.053372,158.019,19.222,0.12164
/data/mighty-morphing/audio/public/in_the_wild/release_in_the_wild/release_in_the_wild/546.wav,unknown_public_web,synthetic,in_the_wild,Bernie Sanders,en,unknown_public_web,in_the_wild_tts,wav,,cc-by-sa-4.0,eval,https://huggingface.co/datasets/mueller91/In-The-Wild,8.535,0,,,,,,,,,,,,0.094682,0.086271,0.21831,671.94,1272.821,0.098935,0.139193,0.059946,0.088918,127.187,36.658,0.288221
/data/mighty-morphing/audio/public/in_the_wild/release_in_the_wild/release_in_the_wild/547.wav,unknown_public_web,synthetic,in_the_wild,FDR,en,unknown_public_web,in_the_wild_tts,wav,,cc-by-sa-4.0,eval,https://huggingface.co/datasets/mueller91/In-The-Wild,8.292,0,,,,,,,,,,,,0.042949,0.054971,0.490931,1330.839,829.833,0.126103,0.051036,0.055716,0.189207,196.903,65.269,0.331477
/data/mighty-morphing/audio/public/in_the_wild/release_in_the_wild/release_in_the_wild/548.wav,in_the_wild,real,in_the_wild,Bernie Sanders,en,,authentic_public_web,wav,,cc-by-sa-4.0,eval,https://huggingface.co/datasets/mueller91/In-The-Wild,1.64,0,,,,,,,,,,,,0.094246,0.106363,0.314815,1613.83,1906.147,0.269104,0.189943,0.200476,0.20358,165.428,37.46,0.226443
/data/mighty-morphing/audio/public/in_the_wild/release_in_the_wild/release_in_the_wild/549.wav,unknown_public_web,synthetic,in_the_wild,JFK,en,unknown_public_web,in_the_wild_tts,wav,,cc-by-sa-4.0,eval,https://huggingface.co/datasets/mueller91/In-The-Wild,2.351,0,,,,,,,,,,,,0.085626,0.087835,0.296137,1158.525,673.801,0.098585,0.080796,0.016807,0.154824,207.373,73.075,0.352386
/data/mighty-morphing/audio/public/in_the_wild/release_in_the_wild/release_in_the_wild/550.wav,unknown_public_web,synthetic,in_the_wild,Mark Zuckerberg,en,unknown_public_web,in_the_wild_tts,wav,,cc-by-sa-4.0,eval,https://huggingface.co/datasets/mueller91/In-The-Wild,1.303,0,,,,,,,,,,,,0.092493,0.114449,0.453125,622.716,363.047,0.054068,0.062415,0.000282,0.088293,210.19,88.266,0.419933
/data/mighty-morphing/audio/public/in_the_wild/release_in_the_wild/release_in_the_wild/551.wav,in_the_wild,real,in_the_wild,Donald Trump,en,,authentic_public_web,wav,,cc-by-sa-4.0,eval,https://huggingface.co/datasets/mueller91/In-The-Wild,2.257,0,,,,,,,,,,,,0.105039,0.111788,0.276786,1908.699,1728.558,0.297462,0.185204,0.210636,0.244491,246.554,29.849,0.121063
/data/mighty-morphing/audio/public/in_the_wild/release_in_the_wild/release_in_the_wild/552.wav,in_the_wild,real,in_the_wild,Alexandria Ocasio-Cortez,en,,authentic_public_web,wav,,cc-by-sa-4.0,eval,https://huggingface.co/datasets/mueller91/In-The-Wild,13.471,0,,,,,,,,,,,,0.060181,0.066247,0.193309,943.698,863.758,0.17041,0.114244,0.040174,0.11936,239.079,62.732,0.26239
/data/mighty-morphing/audio/public/in_the_wild/release_in_the_wild/release_in_the_wild/553.wav,in_the_wild,real,in_the_wild,Donald Trump,en,,authentic_public_web,wav,,cc-by-sa-4.0,eval,https://huggingface.co/datasets/mueller91/In-The-Wild,4.089,0,,,,,,,,,,,,0.06577,0.072179,0.250614,942.904,995.516,0.208079,0.115474,0.047086,0.124972,217.949,51.287,0.235317
/data/mighty-morphing/audio/public/in_the_wild/release_in_the_wild/release_in_the_wild/554.wav,in_the_wild,real,in_the_wild,Winston Churchill,en,,authentic_public_web,wav,,cc-by-sa-4.0,eval,https://huggingface.co/datasets/mueller91/In-The-Wild,2.786,0,,,,,,,,,,,,0.104139,0.108108,0.238267,561.193,333.971,0.169327,0.043864,0.000855,0.080423,152.256,59.376,0.389977
/data/mighty-morphing/audio/public/in_the_wild/release_in_the_wild/release_in_the_wild/555.wav,in_the_wild,real,in_the_wild,Donald Trump,en,,authentic_public_web,wav,,cc-by-sa-4.0,eval,https://huggingface.co/datasets/mueller91/In-The-Wild,14.57,0,,,,,,,,,,,,0.070373,0.062657,0.162887,1270.456,1238.703,0.254666,0.130412,0.082371,0.155113,227.559,38.047,0.167196
/data/mighty-morphing/audio/public/in_the_wild/release_in_the_wild/release_in_the_wild/556.wav,in_the_wild,real,in_the_wild,Donald Trump,en,,authentic_public_web,wav,,cc-by-sa-4.0,eval,https://huggingface.co/datasets/mueller91/In-The-Wild,1.367,0,,,,,,,,,,,,0.062499,0.075816,0.014815,1111.548,1268.734,0.292357,0.164026,0.079115,0.152227,149.148,19.639,0.131674
/data/mighty-morphing/audio/public/in_the_wild/release_in_the_wild/release_in_the_wild/557.wav,unknown_public_web,synthetic,in_the_wild,Barack Obama,en,unknown_public_web,in_the_wild_tts,wav,,cc-by-sa-4.0,eval,https://huggingface.co/datasets/mueller91/In-The-Wild,2.365,0,,,,,,,,,,,,0.067298,0.081451,0.370213,508.481,262.449,0.077444,0.078415,0.004512,0.074025,165.744,36.954,0.222959
/data/mighty-morphing/audio/public/in_the_wild/release_in_the_wild/release_in_the_wild/558.wav,in_the_wild,real,in_the_wild,Alec Guinness,en,,authentic_public_web,wav,,cc-by-sa-4.0,eval,https://huggingface.co/datasets/mueller91/In-The-Wild,2.956,0,,,,,,,,,,,,0.16835,0.129071,0.176871,267.525,64.516,0.080071,0.047036,0.000418,0.039654,108.309,20.66,0.190747
/data/mighty-morphing/audio/public/in_the_wild/release_in_the_wild/release_in_the_wild/559.wav,in_the_wild,real,in_the_wild,Ayn Rand,en,,authentic_public_web,wav,,cc-by-sa-4.0,eval,https://huggingface.co/datasets/mueller91/In-The-Wild,4.524,0,,,,,,,,,,,,0.272766,0.175625,0.0,273.937,91.89,0.033189,0.019793,4.1e-05,0.038186,114.324,56.55,0.494645
/data/mighty-morphing/audio/public/in_the_wild/release_in_the_wild/release_in_the_wild/560.wav,unknown_public_web,synthetic,in_the_wild,Malcolm X,en,unknown_public_web,in_the_wild_tts,wav,,cc-by-sa-4.0,eval,https://huggingface.co/datasets/mueller91/In-The-Wild,8.851,0,,,,,,,,,,,,0.060031,0.060816,0.314836,442.98,364.127,0.088051,0.079827,0.005543,0.060626,156.536,31.406,0.20063
/data/mighty-morphing/audio/public/in_the_wild/release_in_the_wild/release_in_the_wild/561.wav,unknown_public_web,synthetic,in_the_wild,Alec Guinness,en,unknown_public_web,in_the_wild_tts,wav,,cc-by-sa-4.0,eval,https://huggingface.co/datasets/mueller91/In-The-Wild,5.839,0,,,,,,,,,,,,0.105663,0.095972,0.097938,908.701,1673.952,0.11636,0.127425,0.116859,0.13252,104.884,57.965,0.552663
/data/mighty-morphing/audio/public/in_the_wild/release_in_the_wild/release_in_the_wild/562.wav,unknown_public_web,synthetic,in_the_wild,Alec Guinness,en,unknown_public_web,in_the_wild_tts,wav,,cc-by-sa-4.0,eval,https://huggingface.co/datasets/mueller91/In-The-Wild,11.255,0,,,,,,,,,,,,0.075211,0.057331,0.112989,573.406,1194.659,0.083926,0.089258,0.056088,0.083891,98.118,44.575,0.454297
/data/mighty-morphing/audio/public/in_the_wild/release_in_the_wild/release_in_the_wild/563.wav,in_the_wild,real,in_the_wild,Bill Clinton,en,,authentic_public_web,wav,,cc-by-sa-4.0,eval,https://huggingface.co/datasets/mueller91/In-The-Wild,3.186,0,,,,,,,,,,,,0.144736,0.105757,0.063091,339.662,92.56,0.118704,0.040972,0.000283,0.043726,169.751,25.268,0.148852
/data/mighty-morphing/audio/public/in_the_wild/release_in_the_wild/release_in_the_wild/564.wav,in_the_wild,real,in_the_wild,Mark Zuckerberg,en,,authentic_public_web,wav,,cc-by-sa-4.0,eval,https://huggingface.co/datasets/mueller91/In-The-Wild,9.609,0,,,,,,,,,,,,0.095106,0.083662,0.160584,963.758,1212.434,0.21845,0.160219,0.062267,0.128564,188.548,76.159,0.403926
/data/mighty-morphing/audio/public/in_the_wild/release_in_the_wild/release_in_the_wild/565.wav,unknown_public_web,synthetic,in_the_wild,Queen Elizabeth II,en,unknown_public_web,in_the_wild_tts,wav,,cc-by-sa-4.0,eval,https://huggingface.co/datasets/mueller91/In-The-Wild,14.187,0,,,,,,,,,,,,0.089803,0.090648,0.213126,613.496,452.257,0.082067,0.097281,0.016036,0.086353,235.918,54.163,0.229584
/data/mighty-morphing/audio/public/in_the_wild/release_in_the_wild/release_in_the_wild/566.wav,unknown_public_web,synthetic,in_the_wild,Alec Guinness,en,unknown_public_web,in_the_wild_tts,wav,,cc-by-sa-4.0,eval,https://huggingface.co/datasets/mueller91/In-The-Wild,1.173,0,,,,,,,,,,,,0.081957,0.095443,0.173913,1306.192,1798.691,0.171062,0.163295,0.173692,0.191445,92.382,56.751,0.614311
/data/mighty-morphing/audio/public/in_the_wild/release_in_the_wild/release_in_the_wild/567.wav,unknown_public_web,synthetic,in_the_wild,Richard Nixon,en,unknown_public_web,in_the_wild_tts,wav,,cc-by-sa-4.0,eval,https://huggingface.co/datasets/mueller91/In-The-Wild,6.164,0,,,,,,,,,,,,0.112757,0.083042,0.032573,362.655,120.305,0.029936,0.013649,5.7e-05,0.047977,151.771,62.947,0.414751
/data/mighty-morphing/audio/public/in_the_wild/release_in_the_wild/release_in_the_wild/568.wav,in_the_wild,real,in_the_wild,Adam Driver,en,,authentic_public_web,wav,,cc-by-sa-4.0,eval,https://huggingface.co/datasets/mueller91/In-The-Wild,10.141,0,,,,,,,,,,,,0.107249,0.087222,0.081028,589.753,660.831,0.140698,0.104402,0.019681,0.080543,146.756,42.464,0.289354
/data/mighty-morphing/audio/public/in_the_wild/release_in_the_wild/release_in_the_wild/569.wav,unknown_public_web,synthetic,in_the_wild,Bernie Sanders,en,unknown_public_web,in_the_wild_tts,wav,,cc-by-sa-4.0,eval,https://huggingface.co/datasets/mueller91/In-The-Wild,8.817,0,,,,,,,,,,,,0.08608,0.086487,0.220455,902.847,1551.171,0.12564,0.150844,0.099212,0.119885,127.951,43.504,0.340004
/data/mighty-morphing/audio/public/in_the_wild/release_in_the_wild/release_in_the_wild/570.wav,unknown_public_web,synthetic,in_the_wild,The Notorious B.I.G.,en,unknown_public_web,in_the_wild_tts,wav,,cc-by-sa-4.0,eval,https://huggingface.co/datasets/mueller91/In-The-Wild,11.636,0,,,,,,,,,,,,0.09517,0.0848,0.189329,679.886,508.672,0.19276,0.105793,0.014192,0.089668,261.115,24.783,0.094911
/data/mighty-morphing/audio/public/in_the_wild/release_in_the_wild/release_in_the_wild/571.wav,unknown_public_web,synthetic,in_the_wild,Christopher Hitchens,en,unknown_public_web,in_the_wild_tts,wav,,cc-by-sa-4.0,eval,https://huggingface.co/datasets/mueller91/In-The-Wild,2.49,0,,,,,,,,,,,,0.072821,0.076325,0.303644,751.157,1354.597,0.131238,0.12295,0.062001,0.099295,141.479,41.292,0.291859
/data/mighty-morphing/audio/public/in_the_wild/release_in_the_wild/release_in_the_wild/572.wav,unknown_public_web,synthetic,in_the_wild,The Notorious B.I.G.,en,unknown_public_web,in_the_wild_tts,wav,,cc-by-sa-4.0,eval,https://huggingface.co/datasets/mueller91/In-The-Wild,1.031,0,,,,,,,,,,,,0.088778,0.099958,0.257426,732.262,381.614,0.146387,0.113189,0.007866,0.098323,269.456,17.939,0.066576
/data/mighty-morphing/audio/public/in_the_wild/release_in_the_wild/release_in_the_wild/573.wav,unknown_public_web,synthetic,in_the_wild,Christopher Hitchens,en,unknown_public_web,in_the_wild_tts,wav,,cc-by-sa-4.0,eval,https://huggingface.co/datasets/mueller91/In-The-Wild,4.449,0,,,,,,,,,,,,0.096328,0.09026,0.133183,398.653,769.695,0.077659,0.114581,0.023708,0.055582,129.214,43.852,0.339371
/data/mighty-morphing/audio/public/in_the_wild/release_in_the_wild/release_in_the_wild/574.wav,unknown_public_web,synthetic,in_the_wild,Alec Guinness,en,unknown_public_web,in_the_wild_tts,wav,,cc-by-sa-4.0,eval,https://huggingface.co/datasets/mueller91/In-The-Wild,2.721,0,,,,,,,,,,,,0.113586,0.080896,0.088889,808.432,1555.791,0.132317,0.105177,0.096482,0.12527,99.425,49.293,0.495786
/data/mighty-morphing/audio/public/in_the_wild/release_in_the_wild/release_in_the_wild/575.wav,in_the_wild,real,in_the_wild,2Pac,en,,authentic_public_web,wav,,cc-by-sa-4.0,eval,https://huggingface.co/datasets/mueller91/In-The-Wild,20.031,0,,,,,,,,,,,,0.077223,0.097847,0.236882,1006.808,1009.755,0.217183,0.130472,0.052197,0.137291,257.306,111.287,0.432508
/data/mighty-morphing/audio/public/in_the_wild/release_in_the_wild/release_in_the_wild/576.wav,in_the_wild,real,in_the_wild,Bernie Sanders,en,,authentic_public_web,wav,,cc-by-sa-4.0,eval,https://huggingface.co/datasets/mueller91/In-The-Wild,4.203,0,,,,,,,,,,,,0.088882,0.09524,0.11244,409.968,313.674,0.183733,0.086484,0.006389,0.062463,179.528,66.578,0.370848
/data/mighty-morphing/audio/public/in_the_wild/release_in_the_wild/release_in_the_wild/577.wav,unknown_public_web,synthetic,in_the_wild,Christopher Hitchens,en,unknown_public_web,in_the_wild_tts,wav,,cc-by-sa-4.0,eval,https://huggingface.co/datasets/mueller91/In-The-Wild,3.749,0,,,,,,,,,,,,0.068335,0.055569,0.168901,666.223,1445.043,0.068039,0.125203,0.063269,0.085027,128.93,64.678,0.501651
/data/mighty-morphing/audio/public/in_the_wild/release_in_the_wild/release_in_the_wild/578.wav,unknown_public_web,synthetic,in_the_wild,Ayn Rand,en,unknown_public_web,in_the_wild_tts,wav,,cc-by-sa-4.0,eval,https://huggingface.co/datasets/mueller91/In-The-Wild,8.841,0,,,,,,,,,,,,0.073123,0.070549,0.267574,972.465,951.466,0.165191,0.15168,0.036916,0.131327,176.328,94.343,0.535046
/data/mighty-morphing/audio/public/in_the_wild/release_in_the_wild/release_in_the_wild/579.wav,unknown_public_web,synthetic,in_the_wild,Alec Guinness,en,unknown_public_web,in_the_wild_tts,wav,,cc-by-sa-4.0,eval,https://huggingface.co/datasets/mueller91/In-The-Wild,6.091,0,,,,,,,,,,,,0.081,0.060673,0.14168,415.706,742.771,0.070163,0.071857,0.02219,0.060176,113.534,39.485,0.347783
/data/mighty-morphing/audio/public/in_the_wild/release_in_the_wild/release_in_the_wild/580.wav,in_the_wild,real,in_the_wild,Alec Guinness,en,,authentic_public_web,wav,,cc-by-sa-4.0,eval,https://huggingface.co/datasets/mueller91/In-The-Wild,1.359,0,,,,,,,,,,,,0.094432,0.076584,0.0,827.443,1106.133,0.221241,0.142154,0.056654,0.113416,113.89,91.671,0.804902
/data/mighty-morphing/audio/public/in_the_wild/release_in_the_wild/release_in_the_wild/581.wav,in_the_wild,real,in_the_wild,JFK,en,,authentic_public_web,wav,,cc-by-sa-4.0,eval,https://huggingface.co/datasets/mueller91/In-The-Wild,2.163,0,,,,,,,,,,,,0.101115,0.124409,0.313084,1231.636,1029.025,0.226665,0.109942,0.06593,0.171075,228.55,71.884,0.314523
/data/mighty-morphing/audio/public/in_the_wild/release_in_the_wild/release_in_the_wild/582.wav,in_the_wild,real,in_the_wild,Donald Trump,en,,authentic_public_web,wav,,cc-by-sa-4.0,eval,https://huggingface.co/datasets/mueller91/In-The-Wild,5.329,0,,,,,,,,,,,,0.119341,0.084242,0.0,729.169,1000.149,0.188351,0.138719,0.041262,0.099778,136.958,18.875,0.137817
/data/mighty-morphing/audio/public/in_the_wild/release_in_the_wild/release_in_the_wild/583.wav,in_the_wild,real,in_the_wild,Christopher Hitchens,en,,authentic_public_web,wav,,cc-by-sa-4.0,eval,https://huggingface.co/datasets/mueller91/In-The-Wild,4.302,0,,,,,,,,,,,,0.121163,0.088183,0.135514,568.067,789.603,0.192496,0.106237,0.032767,0.083365,124.496,71.763,0.576427
/data/mighty-morphing/audio/public/in_the_wild/release_in_the_wild/release_in_the_wild/584.wav,in_the_wild,real,in_the_wild,Christopher Hitchens,en,,authentic_public_web,wav,,cc-by-sa-4.0,eval,https://huggingface.co/datasets/mueller91/In-The-Wild,4.189,0,,,,,,,,,,,,0.112764,0.093759,0.098321,1047.597,1539.121,0.237988,0.120572,0.112002,0.146445,130.9,73.162,0.558912
/data/mighty-morphing/audio/public/in_the_wild/release_in_the_wild/release_in_the_wild/585.wav,in_the_wild,real,in_the_wild,Christopher Hitchens,en,,authentic_public_web,wav,,cc-by-sa-4.0,eval,https://huggingface.co/datasets/mueller91/In-The-Wild,5.486,0,,,,,,,,,,,,0.062903,0.074735,0.199269,869.282,979.956,0.188141,0.139028,0.045015,0.115218,239.377,149.858,0.626034
/data/mighty-morphing/audio/public/in_the_wild/release_in_the_wild/release_in_the_wild/586.wav,unknown_public_web,synthetic,in_the_wild,Robert Kardashian,en,unknown_public_web,in_the_wild_tts,wav,,cc-by-sa-4.0,eval,https://huggingface.co/datasets/mueller91/In-The-Wild,0.778,0,,,,,,,,,,,,0.119404,0.117373,0.0,1167.112,1265.179,0.281882,0.157831,0.132629,0.174006,186.708,91.323,0.489124
/data/mighty-morphing/audio/public/in_the_wild/release_in_the_wild/release_in_the_wild/587.wav,in_the_wild,real,in_the_wild,Barack Obama,en,,authentic_public_web,wav,,cc-by-sa-4.0,eval,https://huggingface.co/datasets/mueller91/In-The-Wild,10.404,0,,,,,,,,,,,,0.074425,0.080625,0.241811,875.046,1180.48,0.207475,0.128407,0.064995,0.110643,187.156,59.608,0.318494
/data/mighty-morphing/audio/public/in_the_wild/release_in_the_wild/release_in_the_wild/588.wav,in_the_wild,real,in_the_wild,Christopher Hitchens,en,,authentic_public_web,wav,,cc-by-sa-4.0,eval,https://huggingface.co/datasets/mueller91/In-The-Wild,1.583,0,,,,,,,,,,,,0.051914,0.080649,0.551282,1440.763,1252.273,0.318915,0.205944,0.078214,0.191444,201.861,132.174,0.654774
/data/mighty-morphing/audio/public/in_the_wild/release_in_the_wild/release_in_the_wild/589.wav,in_the_wild,real,in_the_wild,Barack Obama,en,,authentic_public_web,wav,,cc-by-sa-4.0,eval,https://huggingface.co/datasets/mueller91/In-The-Wild,7.447,0,,,,,,,,,,,,0.087714,0.092145,0.254374,917.137,1175.551,0.16094,0.155545,0.070563,0.128089,164.402,76.08,0.462766
/data/mighty-morphing/audio/public/in_the_wild/release_in_the_wild/release_in_the_wild/590.wav,in_the_wild,real,in_the_wild,Alexandria Ocasio-Cortez,en,,authentic_public_web,wav,,cc-by-sa-4.0,eval,https://huggingface.co/datasets/mueller91/In-The-Wild,2.447,0,,,,,,,,,,,,0.165224,0.111295,0.004115,756.718,470.764,0.127411,0.09941,0.009749,0.098458,205.461,57.61,0.280394
/data/mighty-morphing/audio/public/in_the_wild/release_in_the_wild/release_in_the_wild/591.wav,in_the_wild,real,in_the_wild,Bernie Sanders,en,,authentic_public_web,wav,,cc-by-sa-4.0,eval,https://huggingface.co/datasets/mueller91/In-The-Wild,3.427,0,,,,,,,,,,,,0.085542,0.087988,0.217009,686.011,805.61,0.180367,0.088996,0.02693,0.089318,236.334,79.954,0.33831
/data/mighty-morphing/audio/public/in_the_wild/release_in_the_wild/release_in_the_wild/592.wav,unknown_public_web,synthetic,in_the_wild,Bernie Sanders,en,unknown_public_web,in_the_wild_tts,wav,,cc-by-sa-4.0,eval,https://huggingface.co/datasets/mueller91/In-The-Wild,6.849,0,,,,,,,,,,,,0.084998,0.088483,0.245974,1120.131,1786.727,0.142422,0.164256,0.133701,0.147779,128.361,43.518,0.33903
/data/mighty-morphing/audio/public/in_the_wild/release_in_the_wild/release_in_the_wild/593.wav,unknown_public_web,synthetic,in_the_wild,Christopher Hitchens,en,unknown_public_web,in_the_wild_tts,wav,,cc-by-sa-4.0,eval,https://huggingface.co/datasets/mueller91/In-The-Wild,5.395,0,,,,,,,,,,,,0.076531,0.074927,0.157993,847.093,1613.151,0.101265,0.152475,0.086906,0.107848,123.927,46.389,0.374325
/data/mighty-morphing/audio/public/in_the_wild/release_in_the_wild/release_in_the_wild/594.wav,unknown_public_web,synthetic,in_the_wild,Bernie Sanders,en,unknown_public_web,in_the_wild_tts,wav,,cc-by-sa-4.0,eval,https://huggingface.co/datasets/mueller91/In-The-Wild,11.29,0,,,,,,,,,,,,0.076034,0.080373,0.248447,665.091,1220.453,0.104455,0.134954,0.059581,0.089459,134.688,32.801,0.243533
/data/mighty-morphing/audio/public/in_the_wild/release_in_the_wild/release_in_the_wild/595.wav,in_the_wild,real,in_the_wild,Winston Churchill,en,,authentic_public_web,wav,,cc-by-sa-4.0,eval,https://huggingface.co/datasets/mueller91/In-The-Wild,2.787,0,,,,,,,,,,,,0.114133,0.120888,0.234657,644.568,437.797,0.23047,0.118367,0.010795,0.096046,178.536,69.031,0.38665
/data/mighty-morphing/audio/public/in_the_wild/release_in_the_wild/release_in_the_wild/596.wav,in_the_wild,real,in_the_wild,Donald Trump,en,,authentic_public_web,wav,,cc-by-sa-4.0,eval,https://huggingface.co/datasets/mueller91/In-The-Wild,2.143,0,,,,,,,,,,,,0.167259,0.113391,0.0,1067.418,1442.631,0.256634,0.158131,0.086872,0.135484,157.614,33.986,0.215631
/data/mighty-morphing/audio/public/in_the_wild/release_in_the_wild/release_in_the_wild/597.wav,unknown_public_web,synthetic,in_the_wild,Christopher Hitchens,en,unknown_public_web,in_the_wild_tts,wav,,cc-by-sa-4.0,eval,https://huggingface.co/datasets/mueller91/In-The-Wild,2.894,0,,,,,,,,,,,,0.081714,0.079683,0.229965,701.613,1308.352,0.116694,0.148577,0.061135,0.094093,136.996,52.183,0.380911
/data/mighty-morphing/audio/public/in_the_wild/release_in_the_wild/release_in_the_wild/598.wav,in_the_wild,real,in_the_wild,Winston Churchill,en,,authentic_public_web,wav,,cc-by-sa-4.0,eval,https://huggingface.co/datasets/mueller91/In-The-Wild,2.864,0,,,,,,,,,,,,0.081972,0.087497,0.140845,667.347,491.697,0.279885,0.109717,0.022295,0.106462,163.07,64.752,0.397083
/data/mighty-morphing/audio/public/in_the_wild/release_in_the_wild/release_in_the_wild/599.wav,in_the_wild,real,in_the_wild,Barack Obama,en,,authentic_public_web,wav,,cc-by-sa-4.0,eval,https://huggingface.co/datasets/mueller91/In-The-Wild,2.499,0,,,,,,,,,,,,0.081092,0.088822,0.294355,725.798,738.287,0.197923,0.138035,0.030752,0.099535,150.685,41.96,0.278464
/data/mighty-morphing/audio/public/in_the_wild/release_in_the_wild/release_in_the_wild/600.wav,in_the_wild,real,in_the_wild,Martin Luther King,en,,authentic_public_web,wav,,cc-by-sa-4.0,eval,https://huggingface.co/datasets/mueller91/In-The-Wild,1.854,0,,,,,,,,,,,,0.128606,0.093373,0.0,1403.272,1185.149,0.297761,0.127453,0.09526,0.193067,218.393,51.148,0.234202
/data/mighty-morphing/audio/public/in_the_wild/release_in_the_wild/release_in_the_wild/601.wav,in_the_wild,real,in_the_wild,Bernie Sanders,en,,authentic_public_web,wav,,cc-by-sa-4.0,eval,https://huggingface.co/datasets/mueller91/In-The-Wild,3.77,0,,,,,,,,,,,,0.148974,0.121387,0.037333,374.445,339.824,0.146027,0.09483,0.007899,0.060489,157.209,34.332,0.218381
/data/mighty-morphing/audio/public/in_the_wild/release_in_the_wild/release_in_the_wild/602.wav,in_the_wild,real,in_the_wild,Donald Trump,en,,authentic_public_web,wav,,cc-by-sa-4.0,eval,https://huggingface.co/datasets/mueller91/In-The-Wild,1.884,0,,,,,,,,,,,,0.091034,0.099806,0.247312,984.004,891.791,0.2591,0.158466,0.047999,0.130347,172.035,56.469,0.328243
/data/mighty-morphing/audio/public/in_the_wild/release_in_the_wild/release_in_the_wild/603.wav,in_the_wild,real,in_the_wild,Mark Zuckerberg,en,,authentic_public_web,wav,,cc-by-sa-4.0,eval,https://huggingface.co/datasets/mueller91/In-The-Wild,6.841,0,,,,,,,,,,,,0.105112,0.085675,0.156891,935.853,1189.302,0.19006,0.164842,0.068498,0.125081,180.634,65.436,0.362256
/data/mighty-morphing/audio/public/in_the_wild/release_in_the_wild/release_in_the_wild/604.wav,in_the_wild,real,in_the_wild,Bill Clinton,en,,authentic_public_web,wav,,cc-by-sa-4.0,eval,https://huggingface.co/datasets/mueller91/In-The-Wild,4.554,0,,,,,,,,,,,,0.151815,0.130362,0.178808,409.676,139.176,0.087489,0.056364,0.0016,0.054362,186.769,39.394,0.210922
/data/mighty-morphing/audio/public/in_the_wild/release_in_the_wild/release_in_the_wild/605.wav,unknown_public_web,synthetic,in_the_wild,Donald Trump,en,unknown_public_web,in_the_wild_tts,wav,,cc-by-sa-4.0,eval,https://huggingface.co/datasets/mueller91/In-The-Wild,1.655,0,,,,,,,,,,,,0.108159,0.094657,0.25,904.714,1194.135,0.12368,0.151702,0.057516,0.121317,166.313,16.062,0.096578
/data/mighty-morphing/audio/public/in_the_wild/release_in_the_wild/release_in_the_wild/606.wav,in_the_wild,real,in_the_wild,Alec Guinness,en,,authentic_public_web,wav,,cc-by-sa-4.0,eval,https://huggingface.co/datasets/mueller91/In-The-Wild,2.573,0,,,,,,,,,,,,0.110265,0.074656,0.121569,552.485,941.401,0.142288,0.07921,0.037671,0.07774,93.798,21.844,0.232885
/data/mighty-morphing/audio/public/in_the_wild/release_in_the_wild/release_in_the_wild/607.wav,in_the_wild,real,in_the_wild,Donald Trump,en,,authentic_public_web,wav,,cc-by-sa-4.0,eval,https://huggingface.co/datasets/mueller91/In-The-Wild,4.309,0,,,,,,,,,,,,0.139772,0.108524,0.013986,744.628,803.956,0.171632,0.130812,0.026805,0.100628,182.064,35.26,0.193667
/data/mighty-morphing/audio/public/in_the_wild/release_in_the_wild/release_in_the_wild/608.wav,in_the_wild,real,in_the_wild,Lyndon Johnson,en,,authentic_public_web,wav,,cc-by-sa-4.0,eval,https://huggingface.co/datasets/mueller91/In-The-Wild,5.136,0,,,,,,,,,,,,0.136443,0.114959,0.0,295.924,141.29,0.085784,0.06884,0.000689,0.044082,138.043,31.116,0.225409
/data/mighty-morphing/audio/public/in_the_wild/release_in_the_wild/release_in_the_wild/609.wav,unknown_public_web,synthetic,in_the_wild,Martin Luther King,en,unknown_public_web,in_the_wild_tts,wav,,cc-by-sa-4.0,eval,https://huggingface.co/datasets/mueller91/In-The-Wild,4.55,0,,,,,,,,,,,,0.104019,0.07521,0.0883,837.21,869.881,0.112762,0.088391,0.034778,0.120198,203.736,33.942,0.166598
/data/mighty-morphing/audio/public/in_the_wild/release_in_the_wild/release_in_the_wild/610.wav,in_the_wild,real,in_the_wild,Bernie Sanders,en,,authentic_public_web,wav,,cc-by-sa-4.0,eval,https://huggingface.co/datasets/mueller91/In-The-Wild,4.254,0,,,,,,,,,,,,0.117183,0.100895,0.156028,800.352,742.231,0.222591,0.118747,0.029321,0.109957,205.29,83.6,0.407227
/data/mighty-morphing/audio/public/in_the_wild/release_in_the_wild/release_in_the_wild/611.wav,in_the_wild,real,in_the_wild,Bernie Sanders,en,,authentic_public_web,wav,,cc-by-sa-4.0,eval,https://huggingface.co/datasets/mueller91/In-The-Wild,1.966,0,,,,,,,,,,,,0.13479,0.142469,0.071795,1160.949,1168.66,0.298928,0.129224,0.103248,0.163262,210.24,58.98,0.280535
/data/mighty-morphing/audio/public/in_the_wild/release_in_the_wild/release_in_the_wild/612.wav,in_the_wild,real,in_the_wild,Ronald Reagan,en,,authentic_public_web,wav,,cc-by-sa-4.0,eval,https://huggingface.co/datasets/mueller91/In-The-Wild,3.702,0,,,,,,,,,,,,0.113807,0.093945,0.008152,652.668,962.644,0.193712,0.144766,0.041192,0.088936,141.807,79.551,0.560981
/data/mighty-morphing/audio/public/in_the_wild/release_in_the_wild/release_in_the_wild/613.wav,in_the_wild,real,in_the_wild,Bernie Sanders,en,,authentic_public_web,wav,,cc-by-sa-4.0,eval,https://huggingface.co/datasets/mueller91/In-The-Wild,2.269,0,,,,,,,,,,,,0.087591,0.077565,0.097778,634.73,740.194,0.199853,0.125138,0.032528,0.090054,160.89,76.439,0.475104
/data/mighty-morphing/audio/public/in_the_wild/release_in_the_wild/release_in_the_wild/614.wav,unknown_public_web,synthetic,in_the_wild,Alec Guinness,en,unknown_public_web,in_the_wild_tts,wav,,cc-by-sa-4.0,eval,https://huggingface.co/datasets/mueller91/In-The-Wild,6.411,0,,,,,,,,,,,,0.086617,0.067324,0.117371,386.341,236.57,0.071224,0.069533,0.00314,0.057089,119.711,53.264,0.444942
/data/mighty-morphing/audio/public/in_the_wild/release_in_the_wild/release_in_the_wild/615.wav,in_the_wild,real,in_the_wild,Ayn Rand,en,,authentic_public_web,wav,,cc-by-sa-4.0,eval,https://huggingface.co/datasets/mueller91/In-The-Wild,6.262,0,,,,,,,,,,,,0.192611,0.139597,0.040064,456.428,266.856,0.047484,0.024918,4.7e-05,0.06223,150.788,60.4,0.400564
/data/mighty-morphing/audio/public/in_the_wild/release_in_the_wild/release_in_the_wild/616.wav,unknown_public_web,synthetic,in_the_wild,Mark Zuckerberg,en,unknown_public_web,in_the_wild_tts,wav,,cc-by-sa-4.0,eval,https://huggingface.co/datasets/mueller91/In-The-Wild,2.603,0,,,,,,,,,,,,0.088509,0.085376,0.197674,1366.233,1768.722,0.19945,0.200905,0.147767,0.177796,189.066,62.503,0.33059
/data/mighty-morphing/audio/public/in_the_wild/release_in_the_wild/release_in_the_wild/617.wav,in_the_wild,real,in_the_wild,Ronald Reagan,en,,authentic_public_web,wav,,cc-by-sa-4.0,eval,https://huggingface.co/datasets/mueller91/In-The-Wild,4.452,0,,,,,,,,,,,,0.113589,0.105505,0.194131,354.053,415.059,0.071953,0.097684,0.010721,0.050143,124.355,46.329,0.372555
/data/mighty-morphing/audio/public/in_the_wild/release_in_the_wild/release_in_the_wild/618.wav,in_the_wild,real,in_the_wild,Martin Luther King,en,,authentic_public_web,wav,,cc-by-sa-4.0,eval,https://huggingface.co/datasets/mueller91/In-The-Wild,2.507,0,,,,,,,,,,,,0.195974,0.131548,0.0,1209.037,957.008,0.226974,0.127426,0.067818,0.157957,185.671,75.548,0.406891
/data/mighty-morphing/audio/public/in_the_wild/release_in_the_wild/release_in_the_wild/619.wav,in_the_wild,real,in_the_wild,Arnold Schwarzenegger,en,,authentic_public_web,wav,,cc-by-sa-4.0,eval,https://huggingface.co/datasets/mueller91/In-The-Wild,2.24,0,,,,,,,,,,,,0.103736,0.100368,0.135135,889.408,1079.907,0.243423,0.118182,0.069958,0.123869,168.472,48.85,0.289959
/data/mighty-morphing/audio/public/in_the_wild/release_in_the_wild/release_in_the_wild/620.wav,in_the_wild,real,in_the_wild,Alec Guinness,en,,authentic_public_web,wav,,cc-by-sa-4.0,eval,https://huggingface.co/datasets/mueller91/In-The-Wild,3.612,0,,,,,,,,,,,,0.106694,0.083615,0.111421,392.307,152.833,0.128098,0.053628,0.001706,0.055353,101.629,62.053,0.61058
/data/mighty-morphing/audio/public/in_the_wild/release_in_the_wild/release_in_the_wild/621.wav,unknown_public_web,synthetic,in_the_wild,Mark Zuckerberg,en,unknown_public_web,in_the_wild_tts,wav,,cc-by-sa-4.0,eval,https://huggingface.co/datasets/mueller91/In-The-Wild,5.143,0,,,,,,,,,,,,0.083362,0.089985,0.285156,1387.345,1836.841,0.171521,0.188915,0.155821,0.177892,175.123,78.743,0.449644
/data/mighty-morphing/audio/public/in_the_wild/release_in_the_wild/release_in_the_wild/622.wav,in_the_wild,real,in_the_wild,Barack Obama,en,,authentic_public_web,wav,,cc-by-sa-4.0,eval,https://huggingface.co/datasets/mueller91/In-The-Wild,3.471,0,,,,,,,,,,,,0.086537,0.090362,0.237681,889.542,1188.777,0.173429,0.127165,0.056895,0.117839,155.241,53.42,0.344108
/data/mighty-morphing/audio/public/in_the_wild/release_in_the_wild/release_in_the_wild/623.wav,in_the_wild,real,in_the_wild,Bill Clinton,en,,authentic_public_web,wav,,cc-by-sa-4.0,eval,https://huggingface.co/datasets/mueller91/In-The-Wild,3.982,0,,,,,,,,,,,,0.169956,0.117655,0.015152,349.588,272.099,0.132576,0.088828,0.008089,0.048155,162.764,21.006,0.12906
/data/mighty-morphing/audio/public/in_the_wild/release_in_the_wild/release_in_the_wild/624.wav,in_the_wild,real,in_the_wild,Mark Zuckerberg,en,,authentic_public_web,wav,,cc-by-sa-4.0,eval,https://huggingface.co/datasets/mueller91/In-The-Wild,5.622,0,,,,,,,,,,,,0.078785,0.06767,0.207143,958.674,1211.44,0.203498,0.170781,0.063881,0.124859,196.387,85.451,0.435118
/data/mighty-morphing/audio/public/in_the_wild/release_in_the_wild/release_in_the_wild/625.wav,unknown_public_web,synthetic,in_the_wild,Ronald Reagan,en,unknown_public_web,in_the_wild_tts,wav,,cc-by-sa-4.0,eval,https://huggingface.co/datasets/mueller91/In-The-Wild,1.632,0,,,,,,,,,,,,0.153234,0.140101,0.372671,387.971,120.466,0.028734,0.03514,0.000374,0.048703,170.154,85.174,0.500573
/data/mighty-morphing/audio/public/in_the_wild/release_in_the_wild/release_in_the_wild/626.wav,in_the_wild,real,in_the_wild,Barack Obama,en,,authentic_public_web,wav,,cc-by-sa-4.0,eval,https://huggingface.co/datasets/mueller91/In-The-Wild,1.174,0,,,,,,,,,,,,0.112511,0.134701,0.46087,925.37,1209.711,0.301189,0.199484,0.092624,0.113484,166.215,28.616,0.172163
/data/mighty-morphing/audio/public/in_the_wild/release_in_the_wild/release_in_the_wild/627.wav,unknown_public_web,synthetic,in_the_wild,Mark Zuckerberg,en,unknown_public_web,in_the_wild_tts,wav,,cc-by-sa-4.0,eval,https://huggingface.co/datasets/mueller91/In-The-Wild,2.816,0,,,,,,,,,,,,0.079696,0.08805,0.257143,645.365,551.616,0.070667,0.089302,0.012362,0.089289,178.41,40.17,0.225155
/data/mighty-morphing/audio/public/in_the_wild/release_in_the_wild/release_in_the_wild/628.wav,in_the_wild,real,in_the_wild,Bill Clinton,en,,authentic_public_web,wav,,cc-by-sa-4.0,eval,https://huggingface.co/datasets/mueller91/In-The-Wild,1.482,0,,,,,,,,,,,,0.126216,0.117826,0.239726,331.057,124.763,0.11804,0.057576,0.000452,0.04564,165.867,39.735,0.23956
/data/mighty-morphing/audio/public/in_the_wild/release_in_the_wild/release_in_the_wild/629.wav,in_the_wild,real,in_the_wild,George Carlin,en,,authentic_public_web,wav,,cc-by-sa-4.0,eval,https://huggingface.co/datasets/mueller91/In-The-Wild,0.997,0,,,,,,,,,,,,0.082184,0.12758,0.530612,1295.52,1327.591,0.325872,0.140981,0.118059,0.188401,272.459,128.58,0.471922
/data/mighty-morphing/audio/public/in_the_wild/release_in_the_wild/release_in_the_wild/630.wav,in_the_wild,real,in_the_wild,Martin Luther King,en,,authentic_public_web,wav,,cc-by-sa-4.0,eval,https://huggingface.co/datasets/mueller91/In-The-Wild,3.694,0,,,,,,,,,,,,0.214517,0.135275,0.0,928.868,823.207,0.222398,0.134246,0.025599,0.120564,194.157,56.182,0.289362
/data/mighty-morphing/audio/public/in_the_wild/release_in_the_wild/release_in_the_wild/631.wav,unknown_public_web,synthetic,in_the_wild,Alec Guinness,en,unknown_public_web,in_the_wild_tts,wav,,cc-by-sa-4.0,eval,https://huggingface.co/datasets/mueller91/In-The-Wild,3.346,0,,,,,,,,,,,,0.058013,0.05049,0.204204,444.564,704.5,0.107357,0.0773,0.031041,0.087743,98.028,61.707,0.62948
/data/mighty-morphing/audio/public/in_the_wild/release_in_the_wild/release_in_the_wild/632.wav,in_the_wild,real,in_the_wild,Winston Churchill,en,,authentic_public_web,wav,,cc-by-sa-4.0,eval,https://huggingface.co/datasets/mueller91/In-The-Wild,2.172,0,,,,,,,,,,,,0.081379,0.086426,0.302326,705.512,410.754,0.255627,0.10505,0.00572,0.102739,166.245,70.316,0.422968
/data/mighty-morphing/audio/public/in_the_wild/release_in_the_wild/release_in_the_wild/633.wav,unknown_public_web,synthetic,in_the_wild,Ayn Rand,en,unknown_public_web,in_the_wild_tts,wav,,cc-by-sa-4.0,eval,https://huggingface.co/datasets/mueller91/In-The-Wild,7.088,0,,,,,,,,,,,,0.060416,0.064276,0.360679,815.881,550.149,0.077795,0.067733,0.006728,0.10831,202.586,103.151,0.50917
/data/mighty-morphing/audio/public/in_the_wild/release_in_the_wild/release_in_the_wild/634.wav,unknown_public_web,synthetic,in_the_wild,Bernie Sanders,en,unknown_public_web,in_the_wild_tts,wav,,cc-by-sa-4.0,eval,https://huggingface.co/datasets/mueller91/In-The-Wild,5.181,0,,,,,,,,,,,,0.080528,0.089868,0.296512,1328.673,1994.203,0.175424,0.185191,0.168628,0.16985,141.187,38.013,0.269243
/data/mighty-morphing/audio/public/in_the_wild/release_in_the_wild/release_in_the_wild/635.wav,unknown_public_web,synthetic,in_the_wild,Barack Obama,en,unknown_public_web,in_the_wild_tts,wav,,cc-by-sa-4.0,eval,https://huggingface.co/datasets/mueller91/In-The-Wild,2.174,0,,,,,,,,,,,,0.097461,0.077596,0.218605,380.903,141.203,0.050959,0.036787,8.5e-05,0.049982,185.262,30.959,0.16711
/data/mighty-morphing/audio/public/in_the_wild/release_in_the_wild/release_in_the_wild/636.wav,unknown_public_web,synthetic,in_the_wild,Donald Trump,en,unknown_public_web,in_the_wild_tts,wav,,cc-by-sa-4.0,eval,https://huggingface.co/datasets/mueller91/In-The-Wild,2.168,0,,,,,,,,,,,,0.101893,0.052382,0.0,465.438,257.398,0.248958,0.139503,0.013819,0.080165,177.347,93.139,0.525181
/data/mighty-morphing/audio/public/in_the_wild/release_in_the_wild/release_in_the_wild/637.wav,unknown_public_web,synthetic,in_the_wild,Queen Elizabeth II,en,unknown_public_web,in_the_wild_tts,wav,,cc-by-sa-4.0,eval,https://huggingface.co/datasets/mueller91/In-The-Wild,3.455,0,,,,,,,,,,,,0.099441,0.086146,0.122093,680.557,678.203,0.08706,0.089986,0.017722,0.093968,240.619,49.528,0.205834
/data/mighty-morphing/audio/public/in_the_wild/release_in_the_wild/release_in_the_wild/638.wav,in_the_wild,real,in_the_wild,Donald Trump,en,,authentic_public_web,wav,,cc-by-sa-4.0,eval,https://huggingface.co/datasets/mueller91/In-The-Wild,3.35,0,,,,,,,,,,,,0.089612,0.093984,0.303303,841.384,718.134,0.17793,0.120501,0.024424,0.109417,198.87,30.73,0.154524
/data/mighty-morphing/audio/public/in_the_wild/release_in_the_wild/release_in_the_wild/639.wav,unknown_public_web,synthetic,in_the_wild,Martin Luther King,en,unknown_public_web,in_the_wild_tts,wav,,cc-by-sa-4.0,eval,https://huggingface.co/datasets/mueller91/In-The-Wild,4.451,0,,,,,,,,,,,,0.081802,0.069817,0.185102,533.815,250.872,0.030557,0.016451,0.000224,0.073961,169.312,40.198,0.237418
/data/mighty-morphing/audio/public/in_the_wild/release_in_the_wild/release_in_the_wild/640.wav,in_the_wild,real,in_the_wild,Barack Obama,en,,authentic_public_web,wav,,cc-by-sa-4.0,eval,https://huggingface.co/datasets/mueller91/In-The-Wild,1.248,0,,,,,,,,,,,,0.066966,0.059626,0.0,503.814,494.711,0.390718,0.097258,0.018425,0.095332,156.591,87.963,0.561737
/data/mighty-morphing/audio/public/in_the_wild/release_in_the_wild/release_in_the_wild/641.wav,unknown_public_web,synthetic,in_the_wild,Martin Luther King,en,unknown_public_web,in_the_wild_tts,wav,,cc-by-sa-4.0,eval,https://huggingface.co/datasets/mueller91/In-The-Wild,3.075,0,,,,,,,,,,,,0.121227,0.103834,0.218954,628.869,212.97,0.040606,0.012619,0.000286,0.084004,221.511,49.971,0.22559
/data/mighty-morphing/audio/public/in_the_wild/release_in_the_wild/release_in_the_wild/642.wav,in_the_wild,real,in_the_wild,Alec Guinness,en,,authentic_public_web,wav,,cc-by-sa-4.0,eval,https://huggingface.co/datasets/mueller91/In-The-Wild,5.844,0,,,,,,,,,,,,0.075302,0.065836,0.175258,340.867,168.964,0.10342,0.043138,0.000494,0.048992,100.934,16.314,0.16163
/data/mighty-morphing/audio/public/in_the_wild/release_in_the_wild/release_in_the_wild/643.wav,in_the_wild,real,in_the_wild,Donald Trump,en,,authentic_public_web,wav,,cc-by-sa-4.0,eval,https://huggingface.co/datasets/mueller91/In-The-Wild,2.093,0,,,,,,,,,,,,0.097019,0.083062,0.0,731.861,848.377,0.260403,0.132069,0.051868,0.113324,157.919,79.122,0.501029
/data/mighty-morphing/audio/public/in_the_wild/release_in_the_wild/release_in_the_wild/644.wav,in_the_wild,real,in_the_wild,Bernie Sanders,en,,authentic_public_web,wav,,cc-by-sa-4.0,eval,https://huggingface.co/datasets/mueller91/In-The-Wild,7.098,0,,,,,,,,,,,,0.230152,0.182527,0.024011,800.399,541.925,0.250016,0.087499,0.018737,0.116972,228.989,56.609,0.247215
/data/mighty-morphing/audio/public/in_the_wild/release_in_the_wild/release_in_the_wild/645.wav,in_the_wild,real,in_the_wild,Donald Trump,en,,authentic_public_web,wav,,cc-by-sa-4.0,eval,https://huggingface.co/datasets/mueller91/In-The-Wild,10.176,0,,,,,,,,,,,,0.088989,0.078775,0.204724,797.401,853.092,0.155941,0.123639,0.029118,0.106957,162.607,26.16,0.160877
/data/mighty-morphing/audio/public/in_the_wild/release_in_the_wild/release_in_the_wild/646.wav,in_the_wild,real,in_the_wild,Bill Burr,en,,authentic_public_web,wav,,cc-by-sa-4.0,eval,https://huggingface.co/datasets/mueller91/In-The-Wild,1.252,0,,,,,,,,,,,,0.083529,0.100134,0.512195,539.967,222.997,0.219504,0.101155,0.012242,0.0724,131.532,43.156,0.3281
/data/mighty-morphing/audio/public/in_the_wild/release_in_the_wild/release_in_the_wild/647.wav,unknown_public_web,synthetic,in_the_wild,Ronald Reagan,en,unknown_public_web,in_the_wild_tts,wav,,cc-by-sa-4.0,eval,https://huggingface.co/datasets/mueller91/In-The-Wild,3.306,0,,,,,,,,,,,,0.114287,0.111759,0.276596,480.651,480.011,0.048667,0.097011,0.008797,0.064812,201.286,127.94,0.635614
/data/mighty-morphing/audio/public/in_the_wild/release_in_the_wild/release_in_the_wild/648.wav,in_the_wild,real,in_the_wild,Milton Friedman,en,,authentic_public_web,wav,,cc-by-sa-4.0,eval,https://huggingface.co/datasets/mueller91/In-The-Wild,8.671,0,,,,,,,,,,,,0.145062,0.128691,0.196532,411.067,166.069,0.091073,0.078566,0.001778,0.055816,182.679,51.598,0.282452
/data/mighty-morphing/audio/public/in_the_wild/release_in_the_wild/release_in_the_wild/649.wav,in_the_wild,real,in_the_wild,Donald Trump,en,,authentic_public_web,wav,,cc-by-sa-4.0,eval,https://huggingface.co/datasets/mueller91/In-The-Wild,2.102,0,,,,,,,,,,,,0.073822,0.082509,0.336538,1945.308,1730.099,0.353941,0.134269,0.215142,0.248325,197.948,26.036,0.131528
/data/mighty-morphing/audio/public/in_the_wild/release_in_the_wild/release_in_the_wild/650.wav,in_the_wild,real,in_the_wild,Nick Offerman,en,,authentic_public_web,wav,,cc-by-sa-4.0,eval,https://huggingface.co/datasets/mueller91/In-The-Wild,5.721,0,,,,,,,,,,,,0.089786,0.078307,0.142105,683.308,997.726,0.164467,0.130768,0.041345,0.094513,129.53,84.244,0.650378
/data/mighty-morphing/audio/public/in_the_wild/release_in_the_wild/release_in_the_wild/651.wav,unknown_public_web,synthetic,in_the_wild,Bernie Sanders,en,unknown_public_web,in_the_wild_tts,wav,,cc-by-sa-4.0,eval,https://huggingface.co/datasets/mueller91/In-The-Wild,8.413,0,,,,,,,,,,,,0.092231,0.090143,0.209774,630.223,1180.707,0.109317,0.134854,0.053099,0.0837,131.626,30.052,0.22831
/data/mighty-morphing/audio/public/in_the_wild/release_in_the_wild/release_in_the_wild/652.wav,in_the_wild,real,in_the_wild,Bill Clinton,en,,authentic_public_web,wav,,cc-by-sa-4.0,eval,https://huggingface.co/datasets/mueller91/In-The-Wild,1.013,0,,,,,,,,,,,,0.06458,0.116738,0.424242,1061.676,1677.182,0.212449,0.171331,0.131537,0.142387,170.436,52.484,0.307942
/data/mighty-morphing/audio/public/in_the_wild/release_in_the_wild/release_in_the_wild/653.wav,in_the_wild,real,in_the_wild,George Carlin,en,,authentic_public_web,wav,,cc-by-sa-4.0,eval,https://huggingface.co/datasets/mueller91/In-The-Wild,5.161,0,,,,,,,,,,,,0.086206,0.083727,0.245136,786.863,1252.499,0.168448,0.138043,0.064538,0.108827,136.64,92.563,0.677424
/data/mighty-morphing/audio/public/in_the_wild/release_in_the_wild/release_in_the_wild/654.wav,in_the_wild,real,in_the_wild,Alec Guinness,en,,authentic_public_web,wav,,cc-by-sa-4.0,eval,https://huggingface.co/datasets/mueller91/In-The-Wild,2.239,0,,,,,,,,,,,,0.070687,0.06279,0.157658,1477.203,1646.666,0.308273,0.1261,0.171231,0.193592,314.499,155.421,0.494185
/data/mighty-morphing/audio/public/in_the_wild/release_in_the_wild/release_in_the_wild/655.wav,unknown_public_web,synthetic,in_the_wild,Alan Watts,en,unknown_public_web,in_the_wild_tts,wav,,cc-by-sa-4.0,eval,https://huggingface.co/datasets/mueller91/In-The-Wild,2.026,0,,,,,,,,,,,,0.060064,0.06735,0.338308,1350.058,1535.17,0.122946,0.100562,0.15617,0.18128,195.064,108.502,0.556241
/data/mighty-morphing/audio/public/in_the_wild/release_in_the_wild/release_in_the_wild/656.wav,in_the_wild,real,in_the_wild,Richard Nixon,en,,authentic_public_web,wav,,cc-by-sa-4.0,eval,https://huggingface.co/datasets/mueller91/In-The-Wild,3.109,0,,,,,,,,,,,,0.065932,0.084006,0.297735,710.579,687.84,0.149427,0.067555,0.025906,0.105163,154.827,86.422,0.558185
/data/mighty-morphing/audio/public/in_the_wild/release_in_the_wild/release_in_the_wild/657.wav,unknown_public_web,synthetic,in_the_wild,Bill Clinton,en,unknown_public_web,in_the_wild_tts,wav,,cc-by-sa-4.0,eval,https://huggingface.co/datasets/mueller91/In-The-Wild,4.34,0,,,,,,,,,,,,0.111373,0.079348,0.122685,638.832,980.187,0.072276,0.118304,0.037395,0.083278,164.871,38.404,0.232935
/data/mighty-morphing/audio/public/in_the_wild/release_in_the_wild/release_in_the_wild/658.wav,in_the_wild,real,in_the_wild,Donald Trump,en,,authentic_public_web,wav,,cc-by-sa-4.0,eval,https://huggingface.co/datasets/mueller91/In-The-Wild,4.976,0,,,,,,,,,,,,0.158054,0.08265,0.0,521.677,868.172,0.170482,0.085165,0.02076,0.070627,149.278,46.101,0.308826
/data/mighty-morphing/audio/public/in_the_wild/release_in_the_wild/release_in_the_wild/659.wav,unknown_public_web,synthetic,in_the_wild,Christopher Hitchens,en,unknown_public_web,in_the_wild_tts,wav,,cc-by-sa-4.0,eval,https://huggingface.co/datasets/mueller91/In-The-Wild,9.544,0,,,,,,,,,,,,0.062907,0.06168,0.163866,698.276,1407.331,0.098934,0.145176,0.066258,0.091469,124.25,42.227,0.339858
/data/mighty-morphing/audio/public/in_the_wild/release_in_the_wild/release_in_the_wild/660.wav,unknown_public_web,synthetic,in_the_wild,Bill Clinton,en,unknown_public_web,in_the_wild_tts,wav,,cc-by-sa-4.0,eval,https://huggingface.co/datasets/mueller91/In-The-Wild,1.951,0,,,,,,,,,,,,0.097001,0.088719,0.259067,473.565,566.142,0.073351,0.155125,0.018478,0.064782,151.875,54.754,0.360518
/data/mighty-morphing/audio/public/in_the_wild/release_in_the_wild/release_in_the_wild/661.wav,unknown_public_web,synthetic,in_the_wild,Christopher Hitchens,en,unknown_public_web,in_the_wild_tts,wav,,cc-by-sa-4.0,eval,https://huggingface.co/datasets/mueller91/In-The-Wild,5.87,0,,,,,,,,,,,,0.073366,0.079416,0.184615,837.623,1506.964,0.14089,0.156155,0.082768,0.111898,142.15,57.934,0.407554
/data/mighty-morphing/audio/public/in_the_wild/release_in_the_wild/release_in_the_wild/662.wav,in_the_wild,real,in_the_wild,Bill Clinton,en,,authentic_public_web,wav,,cc-by-sa-4.0,eval,https://huggingface.co/datasets/mueller91/In-The-Wild,1.976,0,,,,,,,,,,,,0.137064,0.130707,0.260204,519.84,390.207,0.103499,0.126803,0.007482,0.06838,180.34,39.327,0.218074
/data/mighty-morphing/audio/public/in_the_wild/release_in_the_wild/release_in_the_wild/663.wav,unknown_public_web,synthetic,in_the_wild,Donald Trump,en,unknown_public_web,in_the_wild_tts,wav,,cc-by-sa-4.0,eval,https://huggingface.co/datasets/mueller91/In-The-Wild,3.847,0,,,,,,,,,,,,0.088555,0.072149,0.083551,545.763,204.138,0.049831,0.037631,9.7e-05,0.071655,186.406,18.074,0.096958
/data/mighty-morphing/audio/public/in_the_wild/release_in_the_wild/release_in_the_wild/664.wav,unknown_public_web,synthetic,in_the_wild,Ayn Rand,en,unknown_public_web,in_the_wild_tts,wav,,cc-by-sa-4.0,eval,https://huggingface.co/datasets/mueller91/In-The-Wild,5.42,0,,,,,,,,,,,,0.132773,0.114742,0.190741,487.549,658.682,0.079379,0.08677,0.00604,0.069504,134.759,33.869,0.251327
/data/mighty-morphing/audio/public/in_the_wild/release_in_the_wild/release_in_the_wild/665.wav,in_the_wild,real,in_the_wild,Christopher Hitchens,en,,authentic_public_web,wav,,cc-by-sa-4.0,eval,https://huggingface.co/datasets/mueller91/In-The-Wild,8.541,0,,,,,,,,,,,,0.055116,0.065907,0.254695,969.007,1082.18,0.221621,0.14163,0.054099,0.129263,272.693,143.874,0.527605
/data/mighty-morphing/audio/public/in_the_wild/release_in_the_wild/release_in_the_wild/666.wav,in_the_wild,real,in_the_wild,Barack Obama,en,,authentic_public_web,wav,,cc-by-sa-4.0,eval,https://huggingface.co/datasets/mueller91/In-The-Wild,5.397,0,,,,,,,,,,,,0.116996,0.099755,0.126394,814.565,852.529,0.203508,0.132777,0.026716,0.11261,186.122,52.596,0.282586
/data/mighty-morphing/audio/public/in_the_wild/release_in_the_wild/release_in_the_wild/667.wav,in_the_wild,real,in_the_wild,Donald Trump,en,,authentic_public_web,wav,,cc-by-sa-4.0,eval,https://huggingface.co/datasets/mueller91/In-The-Wild,3.663,0,,,,,,,,,,,,0.076946,0.076166,0.164835,1149.004,1137.572,0.224493,0.124993,0.068457,0.145406,229.274,32.664,0.142467
/data/mighty-morphing/audio/public/in_the_wild/release_in_the_wild/release_in_the_wild/668.wav,in_the_wild,real,in_the_wild,Barack Obama,en,,authentic_public_web,wav,,cc-by-sa-4.0,eval,https://huggingface.co/datasets/mueller91/In-The-Wild,6.855,0,,,,,,,,,,,,0.074482,0.07685,0.241228,895.579,1052.746,0.217275,0.131234,0.047405,0.121503,176.867,33.676,0.190403
/data/mighty-morphing/audio/public/in_the_wild/release_in_the_wild/release_in_the_wild/669.wav,in_the_wild,real,in_the_wild,Barack Obama,en,,authentic_public_web,wav,,cc-by-sa-4.0,eval,https://huggingface.co/datasets/mueller91/In-The-Wild,1.978,0,,,,,,,,,,,,0.071223,0.079576,0.30102,743.061,764.274,0.22469,0.143357,0.02219,0.108914,132.837,43.097,0.324433
/data/mighty-morphing/audio/public/in_the_wild/release_in_the_wild/release_in_the_wild/670.wav,in_the_wild,real,in_the_wild,Christopher Hitchens,en,,authentic_public_web,wav,,cc-by-sa-4.0,eval,https://huggingface.co/datasets/mueller91/In-The-Wild,1.762,0,,,,,,,,,,,,0.132839,0.133091,0.086207,450.438,786.36,0.223007,0.137313,0.027419,0.067137,128.778,63.471,0.492867
/data/mighty-morphing/audio/public/in_the_wild/release_in_the_wild/release_in_the_wild/671.wav,in_the_wild,real,in_the_wild,Robert Kardashian,en,,authentic_public_web,wav,,cc-by-sa-4.0,eval,https://huggingface.co/datasets/mueller91/In-The-Wild,2.716,0,,,,,,,,,,,,0.171166,0.147614,0.011111,327.362,98.003,0.06466,0.036124,0.00011,0.045829,131.062,34.15,0.260566
/data/mighty-morphing/audio/public/in_the_wild/release_in_the_wild/release_in_the_wild/672.wav,in_the_wild,real,in_the_wild,Barack Obama,en,,authentic_public_web,wav,,cc-by-sa-4.0,eval,https://huggingface.co/datasets/mueller91/In-The-Wild,20.896,0,,,,,,,,,,,,0.054303,0.064778,0.175766,1276.942,1059.027,0.32099,0.167145,0.056637,0.169678,209.934,65.692,0.312918
/data/mighty-morphing/audio/public/in_the_wild/release_in_the_wild/release_in_the_wild/673.wav,in_the_wild,real,in_the_wild,Barack Obama,en,,authentic_public_web,wav,,cc-by-sa-4.0,eval,https://huggingface.co/datasets/mueller91/In-The-Wild,10.448,0,,,,,,,,,,,,0.096821,0.095616,0.162991,832.551,1163.625,0.198928,0.11674,0.056405,0.104712,202.571,74.024,0.365424
/data/mighty-morphing/audio/public/in_the_wild/release_in_the_wild/release_in_the_wild/674.wav,in_the_wild,real,in_the_wild,Alec Guinness,en,,authentic_public_web,wav,,cc-by-sa-4.0,eval,https://huggingface.co/datasets/mueller91/In-The-Wild,4.616,0,,,,,,,,,,,,0.065579,0.066525,0.223913,642.885,951.557,0.172013,0.117876,0.036056,0.089329,107.067,43.666,0.407842
/data/mighty-morphing/audio/public/in_the_wild/release_in_the_wild/release_in_the_wild/675.wav,in_the_wild,real,in_the_wild,Alec Guinness,en,,authentic_public_web,wav,,cc-by-sa-4.0,eval,https://huggingface.co/datasets/mueller91/In-The-Wild,1.286,0,,,,,,,,,,,,0.117193,0.077181,0.0,589.928,627.486,0.209768,0.093019,0.015121,0.080537,103.861,35.97,0.346329
/data/mighty-morphing/audio/public/in_the_wild/release_in_the_wild/release_in_the_wild/676.wav,in_the_wild,real,in_the_wild,Barack Obama,en,,authentic_public_web,wav,,cc-by-sa-4.0,eval,https://huggingface.co/datasets/mueller91/In-The-Wild,9.056,0,,,,,,,,,,,,0.109555,0.104749,0.230088,1007.871,1466.576,0.171066,0.154906,0.095789,0.12951,201.303,105.362,0.523398
/data/mighty-morphing/audio/public/in_the_wild/release_in_the_wild/release_in_the_wild/677.wav,unknown_public_web,synthetic,in_the_wild,Richard Nixon,en,unknown_public_web,in_the_wild_tts,wav,,cc-by-sa-4.0,eval,https://huggingface.co/datasets/mueller91/In-The-Wild,4.597,0,,,,,,,,,,,,0.09085,0.094187,0.216157,341.063,118.388,0.039335,0.021307,8e-05,0.04571,154.56,56.086,0.362876
/data/mighty-morphing/audio/public/in_the_wild/release_in_the_wild/release_in_the_wild/678.wav,in_the_wild,real,in_the_wild,Mark Zuckerberg,en,,authentic_public_web,wav,,cc-by-sa-4.0,eval,https://huggingface.co/datasets/mueller91/In-The-Wild,2.009,0,,,,,,,,,,,,0.11606,0.126118,0.356784,596.408,268.838,0.204413,0.10218,0.006091,0.084999,202.954,69.947,0.344646
/data/mighty-morphing/audio/public/in_the_wild/release_in_the_wild/release_in_the_wild/679.wav,in_the_wild,real,in_the_wild,Barack Obama,en,,authentic_public_web,wav,,cc-by-sa-4.0,eval,https://huggingface.co/datasets/mueller91/In-The-Wild,2.028,0,,,,,,,,,,,,0.091555,0.093482,0.293532,1357.255,1695.203,0.220925,0.144941,0.125397,0.181762,195.522,53.94,0.275879
/data/mighty-morphing/audio/public/in_the_wild/release_in_the_wild/release_in_the_wild/680.wav,unknown_public_web,synthetic,in_the_wild,Bill Clinton,en,unknown_public_web,in_the_wild_tts,wav,,cc-by-sa-4.0,eval,https://huggingface.co/datasets/mueller91/In-The-Wild,6.421,0,,,,,,,,,,,,0.114148,0.084553,0.151562,729.846,1055.289,0.071356,0.124021,0.04996,0.093443,165.169,43.002,0.260351
/data/mighty-morphing/audio/public/in_the_wild/release_in_the_wild/release_in_the_wild/681.wav,unknown_public_web,synthetic,in_the_wild,Bill Clinton,en,unknown_public_web,in_the_wild_tts,wav,,cc-by-sa-4.0,eval,https://huggingface.co/datasets/mueller91/In-The-Wild,1.316,0,,,,,,,,,,,,0.120574,0.113454,0.276923,979.009,1057.401,0.143844,0.170117,0.057066,0.130535,196.876,53.652,0.272515
/data/mighty-morphing/audio/public/in_the_wild/release_in_the_wild/release_in_the_wild/682.wav,unknown_public_web,synthetic,in_the_wild,George W. Bush,en,unknown_public_web,in_the_wild_tts,wav,,cc-by-sa-4.0,eval,https://huggingface.co/datasets/mueller91/In-The-Wild,1.499,0,,,,,,,,,,,,0.076345,0.066535,0.304054,2034.701,1724.882,0.304943,0.182489,0.15069,0.263393,203.19,98.099,0.482794
/data/mighty-morphing/audio/public/in_the_wild/release_in_the_wild/release_in_the_wild/683.wav,in_the_wild,real,in_the_wild,Bill Clinton,en,,authentic_public_web,wav,,cc-by-sa-4.0,eval,https://huggingface.co/datasets/mueller91/In-The-Wild,3.345,0,,,,,,,,,,,,0.187353,0.151071,0.168168,387.723,139.776,0.082073,0.054479,0.001528,0.048431,215.583,55.946,0.259511
/data/mighty-morphing/audio/public/in_the_wild/release_in_the_wild/release_in_the_wild/684.wav,in_the_wild,real,in_the_wild,Alexandria Ocasio-Cortez,en,,authentic_public_web,wav,,cc-by-sa-4.0,eval,https://huggingface.co/datasets/mueller91/In-The-Wild,3.059,0,,,,,,,,,,,,0.09686,0.08582,0.131579,1099.507,1440.161,0.191647,0.130109,0.084412,0.145503,217.159,57.942,0.266816
/data/mighty-morphing/audio/public/in_the_wild/release_in_the_wild/release_in_the_wild/685.wav,unknown_public_web,synthetic,in_the_wild,Bernie Sanders,en,unknown_public_web,in_the_wild_tts,wav,,cc-by-sa-4.0,eval,https://huggingface.co/datasets/mueller91/In-The-Wild,2.422,0,,,,,,,,,,,,0.09925,0.113752,0.308333,1088.541,1830.693,0.133642,0.169511,0.123221,0.139596,160.559,63.244,0.393898
/data/mighty-morphing/audio/public/in_the_wild/release_in_the_wild/release_in_the_wild/686.wav,in_the_wild,real,in_the_wild,Arnold Schwarzenegger,en,,authentic_public_web,wav,,cc-by-sa-4.0,eval,https://huggingface.co/datasets/mueller91/In-The-Wild,1.523,0,,,,,,,,,,,,0.101363,0.095044,0.153333,700.295,1021.767,0.246313,0.144343,0.053809,0.106297,152.43,37.174,0.243874
/data/mighty-morphing/audio/public/in_the_wild/release_in_the_wild/release_in_the_wild/687.wav,unknown_public_web,synthetic,in_the_wild,2Pac,en,unknown_public_web,in_the_wild_tts,wav,,cc-by-sa-4.0,eval,https://huggingface.co/datasets/mueller91/In-The-Wild,0.678,0,,,,,,,,,,,,0.085901,0.101175,0.363636,589.823,732.73,0.149522,0.152806,0.032806,0.086845,230.597,65.281,0.283094
/data/mighty-morphing/audio/public/in_the_wild/release_in_the_wild/release_in_the_wild/688.wav,unknown_public_web,synthetic,in_the_wild,Norm MacDonald,en,unknown_public_web,in_the_wild_tts,wav,,cc-by-sa-4.0,eval,https://huggingface.co/datasets/mueller91/In-The-Wild,6.223,0,,,,,,,,,,,,0.087981,0.08324,0.198387,708.291,1219.931,0.156049,0.13993,0.054788,0.09581,144.379,38.078,0.263738
/data/mighty-morphing/audio/public/in_the_wild/release_in_the_wild/release_in_the_wild/689.wav,in_the_wild,real,in_the_wild,Dwight Eisenhower,en,,authentic_public_web,wav,,cc-by-sa-4.0,eval,https://huggingface.co/datasets/mueller91/In-The-Wild,3.36,0,,,,,,,,,,,,0.113795,0.123592,0.020958,473.125,179.547,0.074646,0.037554,0.00036,0.070533,200.064,82.81,0.41392
/data/mighty-morphing/audio/public/in_the_wild/release_in_the_wild/release_in_the_wild/690.wav,unknown_public_web,synthetic,in_the_wild,Alec Guinness,en,unknown_public_web,in_the_wild_tts,wav,,cc-by-sa-4.0,eval,https://huggingface.co/datasets/mueller91/In-The-Wild,4.617,0,,,,,,,,,,,,0.084038,0.064392,0.115217,428.149,808.621,0.061187,0.085243,0.025187,0.059153,111.115,41.699,0.375275
/data/mighty-morphing/audio/public/in_the_wild/release_in_the_wild/release_in_the_wild/691.wav,in_the_wild,real,in_the_wild,Louis Farrakhan,en,,authentic_public_web,wav,,cc-by-sa-4.0,eval,https://huggingface.co/datasets/mueller91/In-The-Wild,2.449,0,,,,,,,,,,,,0.080903,0.098268,0.378601,1336.83,1731.912,0.185208,0.144589,0.139043,0.173646,220.322,58.815,0.266951
/data/mighty-morphing/audio/public/in_the_wild/release_in_the_wild/release_in_the_wild/692.wav,unknown_public_web,synthetic,in_the_wild,Louis Farrakhan,en,unknown_public_web,in_the_wild_tts,wav,,cc-by-sa-4.0,eval,https://huggingface.co/datasets/mueller91/In-The-Wild,6.164,0,,,,,,,,,,,,0.075392,0.085721,0.335505,1258.94,1390.887,0.218432,0.088906,0.0836,0.165684,248.539,40.268,0.162017
/data/mighty-morphing/audio/public/in_the_wild/release_in_the_wild/release_in_the_wild/693.wav,in_the_wild,real,in_the_wild,Bernie Sanders,en,,authentic_public_web,wav,,cc-by-sa-4.0,eval,https://huggingface.co/datasets/mueller91/In-The-Wild,3.11,0,,,,,,,,,,,,0.122933,0.111943,0.171521,1206.107,1563.834,0.23889,0.172,0.118677,0.161199,212.07,56.389,0.265896
/data/mighty-morphing/audio/public/in_the_wild/release_in_the_wild/release_in_the_wild/694.wav,in_the_wild,real,in_the_wild,Donald Trump,en,,authentic_public_web,wav,,cc-by-sa-4.0,eval,https://huggingface.co/datasets/mueller91/In-The-Wild,6.082,0,,,,,,,,,,,,0.075102,0.077318,0.249175,856.101,1089.394,0.183526,0.143922,0.053116,0.11553,186.909,33.856,0.181133
/data/mighty-morphing/audio/public/in_the_wild/release_in_the_wild/release_in_the_wild/695.wav,unknown_public_web,synthetic,in_the_wild,FDR,en,unknown_public_web,in_the_wild_tts,wav,,cc-by-sa-4.0,eval,https://huggingface.co/datasets/mueller91/In-The-Wild,1.775,0,,,,,,,,,,,,0.120836,0.114559,0.318182,1005.471,210.824,0.040161,0.011324,3.2e-05,0.134107,215.799,61.107,0.283165
/data/mighty-morphing/audio/public/in_the_wild/release_in_the_wild/release_in_the_wild/696.wav,unknown_public_web,synthetic,in_the_wild,Ronald Reagan,en,unknown_public_web,in_the_wild_tts,wav,,cc-by-sa-4.0,eval,https://huggingface.co/datasets/mueller91/In-The-Wild,2.402,0,,,,,,,,,,,,0.094435,0.075679,0.226891,1624.538,1821.687,0.226739,0.141548,0.169632,0.212046,164.269,76.458,0.465446
/data/mighty-morphing/audio/public/in_the_wild/release_in_the_wild/release_in_the_wild/697.wav,in_the_wild,real,in_the_wild,Donald Trump,en,,authentic_public_web,wav,,cc-by-sa-4.0,eval,https://huggingface.co/datasets/mueller91/In-The-Wild,1.762,0,,,,,,,,,,,,0.108541,0.093586,0.0,559.584,274.73,0.205399,0.107304,0.007626,0.079291,153.453,12.844,0.083697
/data/mighty-morphing/audio/public/in_the_wild/release_in_the_wild/release_in_the_wild/698.wav,in_the_wild,real,in_the_wild,Barack Obama,en,,authentic_public_web,wav,,cc-by-sa-4.0,eval,https://huggingface.co/datasets/mueller91/In-The-Wild,2.168,0,,,,,,,,,,,,0.090197,0.109853,0.306977,1587.969,1865.25,0.275987,0.163198,0.168469,0.2087,205.643,81.849,0.398014
/data/mighty-morphing/audio/public/in_the_wild/release_in_the_wild/release_in_the_wild/699.wav,in_the_wild,real,in_the_wild,Barack Obama,en,,authentic_public_web,wav,,cc-by-sa-4.0,eval,https://huggingface.co/datasets/mueller91/In-The-Wild,4.125,0,,,,,,,,,,,,0.097003,0.10246,0.260341,766.489,815.893,0.188736,0.122755,0.025885,0.107788,175.402,39.073,0.222761
/data/mighty-morphing/audio/public/in_the_wild/release_in_the_wild/release_in_the_wild/700.wav,in_the_wild,real,in_the_wild,Mr. Rogers,en,,authentic_public_web,wav,,cc-by-sa-4.0,eval,https://huggingface.co/datasets/mueller91/In-The-Wild,2.438,0,,,,,,,,,,,,0.083743,0.074125,0.235537,355.466,269.693,0.129244,0.100565,0.00443,0.05137,115.896,85.126,0.7345
/data/mighty-morphing/audio/public/in_the_wild/release_in_the_wild/release_in_the_wild/701.wav,in_the_wild,real,in_the_wild,Barack Obama,en,,authentic_public_web,wav,,cc-by-sa-4.0,eval,https://huggingface.co/datasets/mueller91/In-The-Wild,2.402,0,,,,,,,,,,,,0.102146,0.115826,0.294118,535.314,450.313,0.111821,0.122706,0.008324,0.073296,168.151,67.66,0.402375
/data/mighty-morphing/audio/public/in_the_wild/release_in_the_wild/release_in_the_wild/702.wav,in_the_wild,real,in_the_wild,Bernie Sanders,en,,authentic_public_web,wav,,cc-by-sa-4.0,eval,https://huggingface.co/datasets/mueller91/In-The-Wild,2.319,0,,,,,,,,,,,,0.12418,0.124218,0.13913,535.826,269.613,0.202643,0.070465,0.00506,0.079343,151.724,40.968,0.27002
/data/mighty-morphing/audio/public/in_the_wild/release_in_the_wild/release_in_the_wild/703.wav,unknown_public_web,synthetic,in_the_wild,Bill Burr,en,unknown_public_web,in_the_wild_tts,wav,,cc-by-sa-4.0,eval,https://huggingface.co/datasets/mueller91/In-The-Wild,7.588,0,,,,,,,,,,,,0.098694,0.078817,0.186262,1258.484,1743.642,0.169509,0.109685,0.14634,0.165709,200.094,52.715,0.263449
/data/mighty-morphing/audio/public/in_the_wild/release_in_the_wild/release_in_the_wild/704.wav,unknown_public_web,synthetic,in_the_wild,Alec Guinness,en,unknown_public_web,in_the_wild_tts,wav,,cc-by-sa-4.0,eval,https://huggingface.co/datasets/mueller91/In-The-Wild,8.736,0,,,,,,,,,,,,0.09221,0.081366,0.131881,477.31,839.287,0.079357,0.102682,0.028718,0.068164,127.86,62.987,0.492621
/data/mighty-morphing/audio/public/in_the_wild/release_in_the_wild/release_in_the_wild/705.wav,in_the_wild,real,in_the_wild,Louis Farrakhan,en,,authentic_public_web,wav,,cc-by-sa-4.0,eval,https://huggingface.co/datasets/mueller91/In-The-Wild,2.398,0,,,,,,,,,,,,0.107806,0.099642,0.323529,506.118,285.169,0.102125,0.05283,0.002275,0.070046,208.304,50.519,0.242526
/data/mighty-morphing/audio/public/in_the_wild/release_in_the_wild/release_in_the_wild/706.wav,in_the_wild,real,in_the_wild,Mark Zuckerberg,en,,authentic_public_web,wav,,cc-by-sa-4.0,eval,https://huggingface.co/datasets/mueller91/In-The-Wild,1.704,0,,,,,,,,,,,,0.109419,0.128868,0.375,1240.365,1322.986,0.321259,0.203337,0.11311,0.168449,210.905,62.662,0.297112
/data/mighty-morphing/audio/public/in_the_wild/release_in_the_wild/release_in_the_wild/707.wav,in_the_wild,real,in_the_wild,Alec Guinness,en,,authentic_public_web,wav,,cc-by-sa-4.0,eval,https://huggingface.co/datasets/mueller91/In-The-Wild,8.996,0,,,,,,,,,,,,0.070246,0.058241,0.14588,605.28,817.84,0.181844,0.107597,0.030159,0.09047,120.981,44.245,0.365717
/data/mighty-morphing/audio/public/in_the_wild/release_in_the_wild/release_in_the_wild/708.wav,unknown_public_web,synthetic,in_the_wild,Ayn Rand,en,unknown_public_web,in_the_wild_tts,wav,,cc-by-sa-4.0,eval,https://huggingface.co/datasets/mueller91/In-The-Wild,8.506,0,,,,,,,,,,,,0.071244,0.080305,0.327444,867.145,673.986,0.081071,0.088923,0.013803,0.116864,184.408,93.083,0.504766
/data/mighty-morphing/audio/public/in_the_wild/release_in_the_wild/release_in_the_wild/709.wav,unknown_public_web,synthetic,in_the_wild,Ayn Rand,en,unknown_public_web,in_the_wild_tts,wav,,cc-by-sa-4.0,eval,https://huggingface.co/datasets/mueller91/In-The-Wild,3.859,0,,,,,,,,,,,,0.070206,0.069762,0.226562,856.697,599.406,0.065443,0.046163,0.000986,0.113879,225.224,128.022,0.568421
/data/mighty-morphing/audio/public/in_the_wild/release_in_the_wild/release_in_the_wild/710.wav,in_the_wild,real,in_the_wild,Bernie Sanders,en,,authentic_public_web,wav,,cc-by-sa-4.0,eval,https://huggingface.co/datasets/mueller91/In-The-Wild,7.06,0,,,,,,,,,,,,0.082876,0.076256,0.241477,882.325,1346.037,0.206026,0.140788,0.081762,0.118124,176.174,99.036,0.562149
/data/mighty-morphing/audio/public/in_the_wild/release_in_the_wild/release_in_the_wild/711.wav,in_the_wild,real,in_the_wild,Barack Obama,en,,authentic_public_web,wav,,cc-by-sa-4.0,eval,https://huggingface.co/datasets/mueller91/In-The-Wild,3.097,0,,,,,,,,,,,,0.064759,0.092232,0.412338,988.818,1128.614,0.206323,0.188751,0.05778,0.133772,158.811,63.439,0.399466
/data/mighty-morphing/audio/public/in_the_wild/release_in_the_wild/release_in_the_wild/712.wav,unknown_public_web,synthetic,in_the_wild,George W. Bush,en,unknown_public_web,in_the_wild_tts,wav,,cc-by-sa-4.0,eval,https://huggingface.co/datasets/mueller91/In-The-Wild,1.457,0,,,,,,,,,,,,0.084931,0.077046,0.229167,484.663,247.544,0.077348,0.118736,0.0045,0.072978,143.337,52.795,0.368325
/data/mighty-morphing/audio/public/in_the_wild/release_in_the_wild/release_in_the_wild/713.wav,in_the_wild,real,in_the_wild,JFK,en,,authentic_public_web,wav,,cc-by-sa-4.0,eval,https://huggingface.co/datasets/mueller91/In-The-Wild,4.736,0,,,,,,,,,,,,0.06025,0.083804,0.279661,1024.831,1000.124,0.238956,0.098138,0.0515,0.142686,191.129,62.259,0.325743
/data/mighty-morphing/audio/public/in_the_wild/release_in_the_wild/release_in_the_wild/714.wav,in_the_wild,real,in_the_wild,Donald Trump,en,,authentic_public_web,wav,,cc-by-sa-4.0,eval,https://huggingface.co/datasets/mueller91/In-The-Wild,3.073,0,,,,,,,,,,,,0.088661,0.088019,0.232787,1055.402,1115.335,0.184169,0.134447,0.05907,0.137516,239.588,41.831,0.174594
/data/mighty-morphing/audio/public/in_the_wild/release_in_the_wild/release_in_the_wild/715.wav,unknown_public_web,synthetic,in_the_wild,Bernie Sanders,en,unknown_public_web,in_the_wild_tts,wav,,cc-by-sa-4.0,eval,https://huggingface.co/datasets/mueller91/In-The-Wild,2.094,0,,,,,,,,,,,,0.066683,0.09869,0.386473,982.211,1559.215,0.163794,0.172222,0.105637,0.133711,133.878,53.563,0.40009
/data/mighty-morphing/audio/public/in_the_wild/release_in_the_wild/release_in_the_wild/716.wav,in_the_wild,real,in_the_wild,Alec Guinness,en,,authentic_public_web,wav,,cc-by-sa-4.0,eval,https://huggingface.co/datasets/mueller91/In-The-Wild,0.852,0,,,,,,,,,,,,0.093277,0.082916,0.0,644.225,272.663,0.336788,0.08463,0.011814,0.106656,230.186,141.217,0.613489
/data/mighty-morphing/audio/public/in_the_wild/release_in_the_wild/release_in_the_wild/717.wav,unknown_public_web,synthetic,in_the_wild,Mark Zuckerberg,en,unknown_public_web,in_the_wild_tts,wav,,cc-by-sa-4.0,eval,https://huggingface.co/datasets/mueller91/In-The-Wild,5.316,0,,,,,,,,,,,,0.072693,0.07861,0.258491,568.716,364.271,0.057353,0.068404,0.005744,0.075465,192.584,56.333,0.292511
/data/mighty-morphing/audio/public/in_the_wild/release_in_the_wild/release_in_the_wild/718.wav,unknown_public_web,synthetic,in_the_wild,Bernie Sanders,en,unknown_public_web,in_the_wild_tts,wav,,cc-by-sa-4.0,eval,https://huggingface.co/datasets/mueller91/In-The-Wild,2.683,0,,,,,,,,,,,,0.100609,0.113934,0.345865,656.953,891.915,0.138385,0.170322,0.035684,0.090849,146.07,66.63,0.456151
/data/mighty-morphing/audio/public/in_the_wild/release_in_the_wild/release_in_the_wild/719.wav,in_the_wild,real,in_the_wild,Barack Obama,en,,authentic_public_web,wav,,cc-by-sa-4.0,eval,https://huggingface.co/datasets/mueller91/In-The-Wild,9.483,0,,,,,,,,,,,,0.06566,0.083535,0.317125,556.959,503.498,0.118458,0.096925,0.01402,0.074361,201.695,71.152,0.352773
/data/mighty-morphing/audio/public/in_the_wild/release_in_the_wild/release_in_the_wild/720.wav,unknown_public_web,synthetic,in_the_wild,Mark Zuckerberg,en,unknown_public_web,in_the_wild_tts,wav,,cc-by-sa-4.0,eval,https://huggingface.co/datasets/mueller91/In-The-Wild,7.748,0,,,,,,,,,,,,0.0832,0.068092,0.125485,859.371,1253.241,0.114017,0.139595,0.061865,0.113815,154.326,58.793,0.380967
/data/mighty-morphing/audio/public/in_the_wild/release_in_the_wild/release_in_the_wild/721.wav,in_the_wild,real,in_the_wild,Barack Obama,en,,authentic_public_web,wav,,cc-by-sa-4.0,eval,https://huggingface.co/datasets/mueller91/In-The-Wild,3.097,0,,,,,,,,,,,,0.100626,0.109227,0.373377,511.863,314.612,0.136429,0.087045,0.005692,0.069085,172.946,77.576,0.448559
/data/mighty-morphing/audio/public/in_the_wild/release_in_the_wild/release_in_the_wild/722.wav,unknown_public_web,synthetic,in_the_wild,Ronald Reagan,en,unknown_public_web,in_the_wild_tts,wav,,cc-by-sa-4.0,eval,https://huggingface.co/datasets/mueller91/In-The-Wild,6.479,0,,,,,,,,,,,,0.081547,0.069282,0.19969,1176.724,1437.59,0.189444,0.151349,0.09056,0.159172,162.138,79.433,0.489907
/data/mighty-morphing/audio/public/in_the_wild/release_in_the_wild/release_in_the_wild/723.wav,in_the_wild,real,in_the_wild,Arnold Schwarzenegger,en,,authentic_public_web,wav,,cc-by-sa-4.0,eval,https://huggingface.co/datasets/mueller91/In-The-Wild,1.615,0,,,,,,,,,,,,0.077663,0.095157,0.25,974.703,934.384,0.300806,0.14828,0.057593,0.137893,155.761,63.782,0.409487
/data/mighty-morphing/audio/public/in_the_wild/release_in_the_wild/release_in_the_wild/724.wav,in_the_wild,real,in_the_wild,Ayn Rand,en,,authentic_public_web,wav,,cc-by-sa-4.0,eval,https://huggingface.co/datasets/mueller91/In-The-Wild,3.698,0,,,,,,,,,,,,0.20827,0.162845,0.048913,399.179,187.201,0.054136,0.044465,0.000322,0.053712,186.614,62.954,0.33735
/data/mighty-morphing/audio/public/in_the_wild/release_in_the_wild/release_in_the_wild/725.wav,in_the_wild,real,in_the_wild,Boris Johnson,en,,authentic_public_web,wav,,cc-by-sa-4.0,eval,https://huggingface.co/datasets/mueller91/In-The-Wild,1.579,0,,,,,,,,,,,,0.12286,0.133334,0.352564,301.346,95.557,0.1247,0.052145,0.000453,0.039356,178.236,102.788,0.576698
/data/mighty-morphing/audio/public/in_the_wild/release_in_the_wild/release_in_the_wild/726.wav,in_the_wild,real,in_the_wild,Ayn Rand,en,,authentic_public_web,wav,,cc-by-sa-4.0,eval,https://huggingface.co/datasets/mueller91/In-The-Wild,4.356,0,,,,,,,,,,,,0.244364,0.174673,0.052995,381.339,138.391,0.043496,0.026192,8.9e-05,0.051396,168.93,37.627,0.222737
/data/mighty-morphing/audio/public/in_the_wild/release_in_the_wild/release_in_the_wild/727.wav,in_the_wild,real,in_the_wild,JFK,en,,authentic_public_web,wav,,cc-by-sa-4.0,eval,https://huggingface.co/datasets/mueller91/In-The-Wild,2.61,0,,,,,,,,,,,,0.118601,0.112026,0.281853,826.343,525.163,0.162924,0.059373,0.020605,0.111857,178.678,35.728,0.199959
/data/mighty-morphing/audio/public/in_the_wild/release_in_the_wild/release_in_the_wild/728.wav,unknown_public_web,synthetic,in_the_wild,Jerry Seinfeld,en,unknown_public_web,in_the_wild_tts,wav,,cc-by-sa-4.0,eval,https://huggingface.co/datasets/mueller91/In-The-Wild,2.494,0,,,,,,,,,,,,0.119353,0.082011,0.198381,679.849,276.642,0.266204,0.069386,0.016287,0.111435,189.988,15.761,0.08296
/data/mighty-morphing/audio/public/in_the_wild/release_in_the_wild/release_in_the_wild/729.wav,in_the_wild,real,in_the_wild,Billie Eilish,en,,authentic_public_web,wav,,cc-by-sa-4.0,eval,https://huggingface.co/datasets/mueller91/In-The-Wild,3.699,0,,,,,,,,,,,,0.056489,0.066477,0.0,466.932,633.881,0.166358,0.134993,0.020347,0.064901,185.79,61.532,0.331191
/data/mighty-morphing/audio/public/in_the_wild/release_in_the_wild/release_in_the_wild/730.wav,in_the_wild,real,in_the_wild,JFK,en,,authentic_public_web,wav,,cc-by-sa-4.0,eval,https://huggingface.co/datasets/mueller91/In-The-Wild,3.434,0,,,,,,,,,,,,0.086408,0.085787,0.246334,1454.458,1120.472,0.212388,0.084579,0.086398,0.205525,190.185,44.658,0.234814
/data/mighty-morphing/audio/public/in_the_wild/release_in_the_wild/release_in_the_wild/731.wav,in_the_wild,real,in_the_wild,Alec Guinness,en,,authentic_public_web,wav,,cc-by-sa-4.0,eval,https://huggingface.co/datasets/mueller91/In-The-Wild,1.615,0,,,,,,,,,,,,0.114281,0.102006,0.20625,329.269,109.309,0.126769,0.075491,0.000783,0.04827,85.2,43.658,0.512415
/data/mighty-morphing/audio/public/in_the_wild/release_in_the_wild/release_in_the_wild/732.wav,unknown_public_web,synthetic,in_the_wild,Mark Zuckerberg,en,unknown_public_web,in_the_wild_tts,wav,,cc-by-sa-4.0,eval,https://huggingface.co/datasets/mueller91/In-The-Wild,2.678,0,,,,,,,,,,,,0.104227,0.11338,0.281955,497.994,343.281,0.080957,0.102226,0.008924,0.064482,224.893,39.842,0.17716
/data/mighty-morphing/audio/public/in_the_wild/release_in_the_wild/release_in_the_wild/733.wav,in_the_wild,real,in_the_wild,Barack Obama,en,,authentic_public_web,wav,,cc-by-sa-4.0,eval,https://huggingface.co/datasets/mueller91/In-The-Wild,0.718,0,,,,,,,,,,,,0.152924,0.042256,0.0,652.328,204.386,0.303324,0.037851,0.00423,0.115344,178.798,57.929,0.323993
/data/mighty-morphing/audio/public/in_the_wild/release_in_the_wild/release_in_the_wild/734.wav,in_the_wild,real,in_the_wild,Barack Obama,en,,authentic_public_web,wav,,cc-by-sa-4.0,eval,https://huggingface.co/datasets/mueller91/In-The-Wild,3.361,0,,,,,,,,,,,,0.087826,0.134759,0.562874,792.182,990.022,0.272728,0.205899,0.055748,0.114607,205.378,76.665,0.373287
/data/mighty-morphing/audio/public/in_the_wild/release_in_the_wild/release_in_the_wild/735.wav,in_the_wild,real,in_the_wild,Ayn Rand,en,,authentic_public_web,wav,,cc-by-sa-4.0,eval,https://huggingface.co/datasets/mueller91/In-The-Wild,1.245,0,,,,,,,,,,,,0.097173,0.131191,0.203252,457.327,157.947,0.119161,0.093708,0.001143,0.065163,210.087,95.518,0.454659
/data/mighty-morphing/audio/public/in_the_wild/release_in_the_wild/release_in_the_wild/736.wav,in_the_wild,real,in_the_wild,Bernie Sanders,en,,authentic_public_web,wav,,cc-by-sa-4.0,eval,https://huggingface.co/datasets/mueller91/In-The-Wild,4.296,0,,,,,,,,,,,,0.083271,0.067669,0.221963,752.747,572.171,0.17888,0.113385,0.016887,0.102586,220.147,78.145,0.354966
/data/mighty-morphing/audio/public/in_the_wild/release_in_the_wild/release_in_the_wild/737.wav,unknown_public_web,synthetic,in_the_wild,Bill Clinton,en,unknown_public_web,in_the_wild_tts,wav,,cc-by-sa-4.0,eval,https://huggingface.co/datasets/mueller91/In-The-Wild,7.966,0,,,,,,,,,,,,0.093093,0.071971,0.07044,980.641,1296.775,0.174383,0.172795,0.08624,0.134495,172.092,41.002,0.238257
/data/mighty-morphing/audio/public/in_the_wild/release_in_the_wild/release_in_the_wild/738.wav,in_the_wild,real,in_the_wild,Louis Farrakhan,en,,authentic_public_web,wav,,cc-by-sa-4.0,eval,https://huggingface.co/datasets/mueller91/In-The-Wild,1.461,0,,,,,,,,,,,,0.072897,0.090454,0.527778,701.331,459.692,0.150305,0.069857,0.001402,0.096774,196.771,76.564,0.389103
/data/mighty-morphing/audio/public/in_the_wild/release_in_the_wild/release_in_the_wild/739.wav,in_the_wild,real,in_the_wild,Winston Churchill,en,,authentic_public_web,wav,,cc-by-sa-4.0,eval,https://huggingface.co/datasets/mueller91/In-The-Wild,6.599,0,,,,,,,,,,,,0.105187,0.09444,0.138298,502.696,225.289,0.198262,0.039123,0.001298,0.070041,143.123,46.81,0.327064
/data/mighty-morphing/audio/public/in_the_wild/release_in_the_wild/release_in_the_wild/740.wav,in_the_wild,real,in_the_wild,Donald Trump,en,,authentic_public_web,wav,,cc-by-sa-4.0,eval,https://huggingface.co/datasets/mueller91/In-The-Wild,4.705,0,,,,,,,,,,,,0.08123,0.063935,0.196162,692.865,592.991,0.192063,0.113776,0.023832,0.092461,227.542,26.537,0.116626
/data/mighty-morphing/audio/public/in_the_wild/release_in_the_wild/release_in_the_wild/741.wav,in_the_wild,real,in_the_wild,Alec Guinness,en,,authentic_public_web,wav,,cc-by-sa-4.0,eval,https://huggingface.co/datasets/mueller91/In-The-Wild,1.783,0,,,,,,,,,,,,0.057752,0.065609,0.130682,284.711,315.888,0.194799,0.100996,0.003848,0.04641,230.512,172.982,0.750425
/data/mighty-morphing/audio/public/in_the_wild/release_in_the_wild/release_in_the_wild/742.wav,in_the_wild,real,in_the_wild,Robert Kardashian,en,,authentic_public_web,wav,,cc-by-sa-4.0,eval,https://huggingface.co/datasets/mueller91/In-The-Wild,2.577,0,,,,,,,,,,,,0.152471,0.156225,0.035156,401.068,148.704,0.111575,0.056919,0.000365,0.058897,149.558,51.165,0.342109
/data/mighty-morphing/audio/public/in_the_wild/release_in_the_wild/release_in_the_wild/743.wav,unknown_public_web,synthetic,in_the_wild,George Carlin,en,unknown_public_web,in_the_wild_tts,wav,,cc-by-sa-4.0,eval,https://huggingface.co/datasets/mueller91/In-The-Wild,14.241,0,,,,,,,,,,,,0.089359,0.076308,0.202532,755.394,952.222,0.123727,0.106071,0.035869,0.104159,191.04,55.176,0.288817
/data/mighty-morphing/audio/public/in_the_wild/release_in_the_wild/release_in_the_wild/744.wav,in_the_wild,real,in_the_wild,Martin Luther King,en,,authentic_public_web,wav,,cc-by-sa-4.0,eval,https://huggingface.co/datasets/mueller91/In-The-Wild,6.379,0,,,,,,,,,,,,0.172666,0.09071,0.0,609.484,143.963,0.109456,0.035753,0.000345,0.085213,193.86,69.279,0.357364
/data/mighty-morphing/audio/public/in_the_wild/release_in_the_wild/release_in_the_wild/745.wav,in_the_wild,real,in_the_wild,Bernie Sanders,en,,authentic_public_web,wav,,cc-by-sa-4.0,eval,https://huggingface.co/datasets/mueller91/In-The-Wild,2.676,0,,,,,,,,,,,,0.108411,0.085366,0.255639,622.595,648.418,0.193786,0.108657,0.021796,0.087719,194.414,48.78,0.250909
/data/mighty-morphing/audio/public/in_the_wild/release_in_the_wild/release_in_the_wild/746.wav,in_the_wild,real,in_the_wild,Barack Obama,en,,authentic_public_web,wav,,cc-by-sa-4.0,eval,https://huggingface.co/datasets/mueller91/In-The-Wild,2.187,0,,,,,,,,,,,,0.072002,0.100669,0.43318,602.257,724.82,0.247423,0.169278,0.02932,0.084591,175.057,65.133,0.37207
/data/mighty-morphing/audio/public/in_the_wild/release_in_the_wild/release_in_the_wild/747.wav,in_the_wild,real,in_the_wild,Donald Trump,en,,authentic_public_web,wav,,cc-by-sa-4.0,eval,https://huggingface.co/datasets/mueller91/In-The-Wild,3.201,0,,,,,,,,,,,,0.07951,0.08254,0.226415,953.684,897.15,0.205164,0.139101,0.042637,0.123764,205.976,27.443,0.133235
/data/mighty-morphing/audio/public/in_the_wild/release_in_the_wild/release_in_the_wild/748.wav,in_the_wild,real,in_the_wild,Ayn Rand,en,,authentic_public_web,wav,,cc-by-sa-4.0,eval,https://huggingface.co/datasets/mueller91/In-The-Wild,4.9,0,,,,,,,,,,,,0.207938,0.149889,0.036885,443.054,227.295,0.049069,0.041414,0.000272,0.061937,170.741,61.957,0.362873
/data/mighty-morphing/audio/public/in_the_wild/release_in_the_wild/release_in_the_wild/749.wav,unknown_public_web,synthetic,in_the_wild,Bernie Sanders,en,unknown_public_web,in_the_wild_tts,wav,,cc-by-sa-4.0,eval,https://huggingface.co/datasets/mueller91/In-The-Wild,2.591,0,,,,,,,,,,,,0.112608,0.101505,0.264591,702.143,1332.153,0.111577,0.132434,0.067153,0.093362,144.715,27.186,0.187858
/data/mighty-morphing/audio/public/in_the_wild/release_in_the_wild/release_in_the_wild/750.wav,in_the_wild,real,in_the_wild,Louis Farrakhan,en,,authentic_public_web,wav,,cc-by-sa-4.0,eval,https://huggingface.co/datasets/mueller91/In-The-Wild,2.131,0,,,,,,,,,,,,0.101629,0.111667,0.36019,1055.958,940.536,0.189388,0.139593,0.042887,0.138101,198.142,85.286,0.430429
/data/mighty-morphing/audio/public/in_the_wild/release_in_the_wild/release_in_the_wild/751.wav,in_the_wild,real,in_the_wild,Ayn Rand,en,,authentic_public_web,wav,,cc-by-sa-4.0,eval,https://huggingface.co/datasets/mueller91/In-The-Wild,2.939,0,,,,,,,,,,,,0.206876,0.169732,0.116438,405.702,161.043,0.057237,0.0383,0.000152,0.05399,175.438,45.646,0.260183
/data/mighty-morphing/audio/public/in_the_wild/release_in_the_wild/release_in_the_wild/752.wav,in_the_wild,real,in_the_wild,Martin Luther King,en,,authentic_public_web,wav,,cc-by-sa-4.0,eval,https://huggingface.co/datasets/mueller91/In-The-Wild,3.193,0,,,,,,,,,,,,0.140881,0.107812,0.0,1199.089,1198.16,0.242258,0.123291,0.091221,0.160559,214.681,62.507,0.291161
/data/mighty-morphing/audio/public/in_the_wild/release_in_the_wild/release_in_the_wild/753.wav,unknown_public_web,synthetic,in_the_wild,Queen Elizabeth II,en,unknown_public_web,in_the_wild_tts,wav,,cc-by-sa-4.0,eval,https://huggingface.co/datasets/mueller91/In-The-Wild,3.156,0,,,,,,,,,,,,0.083284,0.095974,0.369427,718.554,662.886,0.106487,0.123062,0.042345,0.103961,213.46,39.204,0.183661
/data/mighty-morphing/audio/public/in_the_wild/release_in_the_wild/release_in_the_wild/754.wav,in_the_wild,real,in_the_wild,Barack Obama,en,,authentic_public_web,wav,,cc-by-sa-4.0,eval,https://huggingface.co/datasets/mueller91/In-The-Wild,1.754,0,,,,,,,,,,,,0.056166,0.086484,0.416185,1368.489,1555.018,0.289371,0.185633,0.132037,0.18392,161.292,62.606,0.388154
/data/mighty-morphing/audio/public/in_the_wild/release_in_the_wild/release_in_the_wild/755.wav,in_the_wild,real,in_the_wild,Christopher Hitchens,en,,authentic_public_web,wav,,cc-by-sa-4.0,eval,https://huggingface.co/datasets/mueller91/In-The-Wild,5.964,0,,,,,,,,,,,,0.069796,0.078765,0.1633,1024.501,1145.749,0.238007,0.152592,0.069732,0.141292,220.867,143.2,0.648353
/data/mighty-morphing/audio/public/in_the_wild/release_in_the_wild/release_in_the_wild/756.wav,unknown_public_web,synthetic,in_the_wild,Bernie Sanders,en,unknown_public_web,in_the_wild_tts,wav,,cc-by-sa-4.0,eval,https://huggingface.co/datasets/mueller91/In-The-Wild,2.253,0,,,,,,,,,,,,0.074986,0.094236,0.412556,554.451,1067.957,0.104014,0.142842,0.044727,0.073667,141.257,52.453,0.371333
/data/mighty-morphing/audio/public/in_the_wild/release_in_the_wild/release_in_the_wild/757.wav,in_the_wild,real,in_the_wild,Ronald Reagan,en,,authentic_public_web,wav,,cc-by-sa-4.0,eval,https://huggingface.co/datasets/mueller91/In-The-Wild,4.413,0,,,,,,,,,,,,0.173889,0.099684,0.0,545.874,768.453,0.187599,0.102644,0.025218,0.07627,138.492,34.065,0.245972
/data/mighty-morphing/audio/public/in_the_wild/release_in_the_wild/release_in_the_wild/758.wav,unknown_public_web,synthetic,in_the_wild,Barack Obama,en,unknown_public_web,in_the_wild_tts,wav,,cc-by-sa-4.0,eval,https://huggingface.co/datasets/mueller91/In-The-Wild,3.847,0,,,,,,,,,,,,0.123304,0.106344,0.138381,703.562,872.915,0.117929,0.105601,0.03209,0.094664,186.338,24.095,0.129308
/data/mighty-morphing/audio/public/in_the_wild/release_in_the_wild/release_in_the_wild/759.wav,in_the_wild,real,in_the_wild,Louis Farrakhan,en,,authentic_public_web,wav,,cc-by-sa-4.0,eval,https://huggingface.co/datasets/mueller91/In-The-Wild,1.702,0,,,,,,,,,,,,0.135162,0.142651,0.357143,1020.039,1262.246,0.204836,0.140432,0.068203,0.131039,232.004,105.339,0.454038
/data/mighty-morphing/audio/public/in_the_wild/release_in_the_wild/release_in_the_wild/760.wav,in_the_wild,real,in_the_wild,Barack Obama,en,,authentic_public_web,wav,,cc-by-sa-4.0,eval,https://huggingface.co/datasets/mueller91/In-The-Wild,5.539,0,,,,,,,,,,,,0.093242,0.095159,0.195652,1333.47,1641.248,0.199317,0.156242,0.121601,0.17421,174.124,84.909,0.487638
/data/mighty-morphing/audio/public/in_the_wild/release_in_the_wild/release_in_the_wild/761.wav,in_the_wild,real,in_the_wild,Donald Trump,en,,authentic_public_web,wav,,cc-by-sa-4.0,eval,https://huggingface.co/datasets/mueller91/In-The-Wild,3.144,0,,,,,,,,,,,,0.208786,0.126151,0.0,743.621,1264.321,0.183364,0.127936,0.051284,0.100843,137.869,48.189,0.349524
/data/mighty-morphing/audio/public/in_the_wild/release_in_the_wild/release_in_the_wild/762.wav,in_the_wild,real,in_the_wild,Alan Watts,en,,authentic_public_web,wav,,cc-by-sa-4.0,eval,https://huggingface.co/datasets/mueller91/In-The-Wild,1.528,0,,,,,,,,,,,,0.072251,0.14936,0.721854,1205.655,820.307,0.304239,0.166915,0.049349,0.159404,239.094,102.155,0.42726
/data/mighty-morphing/audio/public/in_the_wild/release_in_the_wild/release_in_the_wild/763.wav,unknown_public_web,synthetic,in_the_wild,Norm MacDonald,en,unknown_public_web,in_the_wild_tts,wav,,cc-by-sa-4.0,eval,https://huggingface.co/datasets/mueller91/In-The-Wild,17.452,0,,,,,,,,,,,,0.106592,0.098074,0.256454,498.304,824.933,0.109258,0.110639,0.026247,0.066517,130.941,27.529,0.210242
/data/mighty-morphing/audio/public/in_the_wild/release_in_the_wild/release_in_the_wild/764.wav,unknown_public_web,synthetic,in_the_wild,Alec Guinness,en,unknown_public_web,in_the_wild_tts,wav,,cc-by-sa-4.0,eval,https://huggingface.co/datasets/mueller91/In-The-Wild,5.387,0,,,,,,,,,,,,0.085578,0.061792,0.098696,292.688,107.061,0.057481,0.04024,0.000704,0.045544,116.114,39.39,0.339235
/data/mighty-morphing/audio/public/in_the_wild/release_in_the_wild/release_in_the_wild/765.wav,in_the_wild,real,in_the_wild,Alec Guinness,en,,authentic_public_web,wav,,cc-by-sa-4.0,eval,https://huggingface.co/datasets/mueller91/In-The-Wild,13.872,0,,,,,,,,,,,,0.083926,0.068148,0.129242,335.809,138.192,0.114082,0.052395,0.000723,0.049786,114.486,67.01,0.585312
/data/mighty-morphing/audio/public/in_the_wild/release_in_the_wild/release_in_the_wild/766.wav,in_the_wild,real,in_the_wild,Ronald Reagan,en,,authentic_public_web,wav,,cc-by-sa-4.0,eval,https://huggingface.co/datasets/mueller91/In-The-Wild,3.419,0,,,,,,,,,,,,0.115302,0.098539,0.188235,276.233,58.746,0.056717,0.043576,0.0001,0.038569,123.023,34.659,0.281724
/data/mighty-morphing/audio/public/in_the_wild/release_in_the_wild/release_in_the_wild/767.wav,in_the_wild,real,in_the_wild,Donald Trump,en,,authentic_public_web,wav,,cc-by-sa-4.0,eval,https://huggingface.co/datasets/mueller91/In-The-Wild,6.374,0,,,,,,,,,,,,0.08075,0.081316,0.174803,666.562,747.588,0.142801,0.115194,0.023614,0.088466,193.326,26.969,0.139498
/data/mighty-morphing/audio/public/in_the_wild/release_in_the_wild/release_in_the_wild/768.wav,unknown_public_web,synthetic,in_the_wild,Ronald Reagan,en,unknown_public_web,in_the_wild_tts,wav,,cc-by-sa-4.0,eval,https://huggingface.co/datasets/mueller91/In-The-Wild,1.962,0,,,,,,,,,,,,0.095075,0.109068,0.283505,954.612,1331.275,0.097275,0.124427,0.077222,0.124319,188.952,116.734,0.617796
/data/mighty-morphing/audio/public/in_the_wild/release_in_the_wild/release_in_the_wild/769.wav,unknown_public_web,synthetic,in_the_wild,Queen Elizabeth II,en,unknown_public_web,in_the_wild_tts,wav,,cc-by-sa-4.0,eval,https://huggingface.co/datasets/mueller91/In-The-Wild,1.861,0,,,,,,,,,,,,0.100468,0.100527,0.179348,507.028,233.813,0.053502,0.047488,0.002156,0.068469,249.898,79.708,0.318961
/data/mighty-morphing/audio/public/in_the_wild/release_in_the_wild/release_in_the_wild/770.wav,unknown_public_web,synthetic,in_the_wild,Christopher Hitchens,en,unknown_public_web,in_the_wild_tts,wav,,cc-by-sa-4.0,eval,https://huggingface.co/datasets/mueller91/In-The-Wild,4.727,0,,,,,,,,,,,,0.083482,0.081258,0.191083,833.072,1610.946,0.107848,0.15759,0.081822,0.10496,132.304,47.929,0.362265
/data/mighty-morphing/audio/public/in_the_wild/release_in_the_wild/release_in_the_wild/771.wav,in_the_wild,real,in_the_wild,Donald Trump,en,,authentic_public_web,wav,,cc-by-sa-4.0,eval,https://huggingface.co/datasets/mueller91/In-The-Wild,3.883,0,,,,,,,,,,,,0.146942,0.088679,0.0,459.056,606.212,0.179787,0.075237,0.013234,0.061778,153.784,14.055,0.091397
/data/mighty-morphing/audio/public/in_the_wild/release_in_the_wild/release_in_the_wild/772.wav,in_the_wild,real,in_the_wild,Donald Trump,en,,authentic_public_web,wav,,cc-by-sa-4.0,eval,https://huggingface.co/datasets/mueller91/In-The-Wild,7.172,0,,,,,,,,,,,,0.073981,0.072237,0.267133,794.381,1124.811,0.176195,0.140101,0.051741,0.106395,167.71,34.177,0.203784
/data/mighty-morphing/audio/public/in_the_wild/release_in_the_wild/release_in_the_wild/773.wav,unknown_public_web,synthetic,in_the_wild,Bill Burr,en,unknown_public_web,in_the_wild_tts,wav,,cc-by-sa-4.0,eval,https://huggingface.co/datasets/mueller91/In-The-Wild,8.092,0,,,,,,,,,,,,0.058978,0.065361,0.329616,1025.531,1170.168,0.162635,0.117093,0.066181,0.134167,234.781,36.356,0.15485
/data/mighty-morphing/audio/public/in_the_wild/release_in_the_wild/release_in_the_wild/774.wav,in_the_wild,real,in_the_wild,Barack Obama,en,,authentic_public_web,wav,,cc-by-sa-4.0,eval,https://huggingface.co/datasets/mueller91/In-The-Wild,2.031,0,,,,,,,,,,,,0.09379,0.125487,0.338308,1735.817,1872.278,0.306369,0.188473,0.183019,0.226701,210.356,113.904,0.541481
/data/mighty-morphing/audio/public/in_the_wild/release_in_the_wild/release_in_the_wild/775.wav,in_the_wild,real,in_the_wild,Barack Obama,en,,authentic_public_web,wav,,cc-by-sa-4.0,eval,https://huggingface.co/datasets/mueller91/In-The-Wild,2.264,0,,,,,,,,,,,,0.076834,0.101335,0.40625,568.532,319.62,0.162468,0.121676,0.010898,0.081307,181.673,83.319,0.458619
/data/mighty-morphing/audio/public/in_the_wild/release_in_the_wild/release_in_the_wild/776.wav,in_the_wild,real,in_the_wild,Barack Obama,en,,authentic_public_web,wav,,cc-by-sa-4.0,eval,https://huggingface.co/datasets/mueller91/In-The-Wild,1.584,0,,,,,,,,,,,,0.075309,0.087494,0.384615,662.924,606.998,0.203453,0.147544,0.017472,0.090325,145.517,90.479,0.621777
/data/mighty-morphing/audio/public/in_the_wild/release_in_the_wild/release_in_the_wild/777.wav,in_the_wild,real,in_the_wild,Malcolm X,en,,authentic_public_web,wav,,cc-by-sa-4.0,eval,https://huggingface.co/datasets/mueller91/In-The-Wild,11.86,0,,,,,,,,,,,,0.14815,0.086904,0.017736,407.958,224.263,0.02053,0.005981,0.003454,0.064977,141.628,40.967,0.289258
/data/mighty-morphing/audio/public/in_the_wild/release_in_the_wild/release_in_the_wild/778.wav,in_the_wild,real,in_the_wild,Boris Johnson,en,,authentic_public_web,wav,,cc-by-sa-4.0,eval,https://huggingface.co/datasets/mueller91/In-The-Wild,0.97,0,,,,,,,,,,,,0.090717,0.122655,0.442105,721.666,496.489,0.293486,0.137052,0.023732,0.105142,185.028,59.991,0.324227
/data/mighty-morphing/audio/public/in_the_wild/release_in_the_wild/release_in_the_wild/779.wav,in_the_wild,real,in_the_wild,Donald Trump,en,,authentic_public_web,wav,,cc-by-sa-4.0,eval,https://huggingface.co/datasets/mueller91/In-The-Wild,1.8,0,,,,,,,,,,,,0.120106,0.110957,0.005618,542.186,301.92,0.145685,0.10734,0.009679,0.077629,152.516,14.559,0.095459
/data/mighty-morphing/audio/public/in_the_wild/release_in_the_wild/release_in_the_wild/780.wav,in_the_wild,real,in_the_wild,Jeff Goldblum,en,,authentic_public_web,wav,,cc-by-sa-4.0,eval,https://huggingface.co/datasets/mueller91/In-The-Wild,2.761,0,,,,,,,,,,,,0.16259,0.113953,0.120438,660.097,281.672,0.147542,0.062515,0.00464,0.090226,166.08,61.439,0.369936
/data/mighty-morphing/audio/public/in_the_wild/release_in_the_wild/release_in_the_wild/781.wav,unknown_public_web,synthetic,in_the_wild,Milton Friedman,en,unknown_public_web,in_the_wild_tts,wav,,cc-by-sa-4.0,eval,https://huggingface.co/datasets/mueller91/In-The-Wild,2.269,0,,,,,,,,,,,,0.124077,0.115684,0.288889,433.117,138.128,0.01941,0.007389,2e-06,0.059807,176.34,24.798,0.140625
/data/mighty-morphing/audio/public/in_the_wild/release_in_the_wild/release_in_the_wild/782.wav,unknown_public_web,synthetic,in_the_wild,Harry Truman,en,unknown_public_web,in_the_wild_tts,wav,,cc-by-sa-4.0,eval,https://huggingface.co/datasets/mueller91/In-The-Wild,2.661,0,,,,,,,,,,,,0.131564,0.09529,0.231061,660.36,199.795,0.034365,0.021039,4.1e-05,0.082033,211.557,48.527,0.229379
/data/mighty-morphing/audio/public/in_the_wild/release_in_the_wild/release_in_the_wild/783.wav,unknown_public_web,synthetic,in_the_wild,Alec Guinness,en,unknown_public_web,in_the_wild_tts,wav,,cc-by-sa-4.0,eval,https://huggingface.co/datasets/mueller91/In-The-Wild,7.86,0,,,,,,,,,,,,0.105671,0.083235,0.052296,447.985,1014.505,0.084078,0.078859,0.039854,0.072795,100.144,21.304,0.212733
/data/mighty-morphing/audio/public/in_the_wild/release_in_the_wild/release_in_the_wild/784.wav,unknown_public_web,synthetic,in_the_wild,Mark Zuckerberg,en,unknown_public_web,in_the_wild_tts,wav,,cc-by-sa-4.0,eval,https://huggingface.co/datasets/mueller91/In-The-Wild,9.786,0,,,,,,,,,,,,0.084731,0.070797,0.159672,840.537,1306.809,0.103988,0.130979,0.063263,0.111811,181.425,55.57,0.306297
/data/mighty-morphing/audio/public/in_the_wild/release_in_the_wild/release_in_the_wild/785.wav,in_the_wild,real,in_the_wild,Arnold Schwarzenegger,en,,authentic_public_web,wav,,cc-by-sa-4.0,eval,https://huggingface.co/datasets/mueller91/In-The-Wild,6.567,0,,,,,,,,,,,,0.094608,0.070863,0.103817,663.725,815.939,0.222116,0.102256,0.038903,0.09512,166.529,42.694,0.256379
/data/mighty-morphing/audio/public/in_the_wild/release_in_the_wild/release_in_the_wild/786.wav,in_the_wild,real,in_the_wild,Alec Guinness,en,,authentic_public_web,wav,,cc-by-sa-4.0,eval,https://huggingface.co/datasets/mueller91/In-The-Wild,4.037,0,,,,,,,,,,,,0.106808,0.096039,0.134328,394.496,437.372,0.121399,0.098107,0.011945,0.059056,106.252,42.396,0.399012
/data/mighty-morphing/audio/public/in_the_wild/release_in_the_wild/release_in_the_wild/787.wav,unknown_public_web,synthetic,in_the_wild,Ayn Rand,en,unknown_public_web,in_the_wild_tts,wav,,cc-by-sa-4.0,eval,https://huggingface.co/datasets/mueller91/In-The-Wild,8.72,0,,,,,,,,,,,,0.068761,0.066839,0.272414,728.957,418.741,0.049899,0.036835,0.000545,0.097474,181.526,97.569,0.537491
/data/mighty-morphing/audio/public/in_the_wild/release_in_the_wild/release_in_the_wild/788.wav,in_the_wild,real,in_the_wild,George Carlin,en,,authentic_public_web,wav,,cc-by-sa-4.0,eval,https://huggingface.co/datasets/mueller91/In-The-Wild,1.605,0,,,,,,,,,,,,0.108907,0.108825,0.402516,269.904,141.334,0.090676,0.05724,0.000419,0.04229,167.727,152.984,0.912098
/data/mighty-morphing/audio/public/in_the_wild/release_in_the_wild/release_in_the_wild/791.wav,unknown_public_web,synthetic,in_the_wild,Arnold Schwarzenegger,en,unknown_public_web,in_the_wild_tts,wav,,cc-by-sa-4.0,eval,https://huggingface.co/datasets/mueller91/In-The-Wild,7.364,0,,,,,,,,,,,,0.126503,0.068137,0.013624,417.492,349.941,0.173839,0.081821,0.005804,0.060255,143.727,24.009,0.167048
/data/mighty-morphing/audio/public/in_the_wild/release_in_the_wild/release_in_the_wild/795.wav,unknown_public_web,synthetic,in_the_wild,Bill Burr,en,unknown_public_web,in_the_wild_tts,wav,,cc-by-sa-4.0,eval,https://huggingface.co/datasets/mueller91/In-The-Wild,10.25,0,,,,,,,,,,,,0.098928,0.09608,0.206256,977.885,1336.513,0.116354,0.107804,0.092288,0.131061,214.013,60.17,0.281153
/data/mighty-morphing/audio/public/in_the_wild/release_in_the_wild/release_in_the_wild/797.wav,unknown_public_web,synthetic,in_the_wild,Scarlett Johansson,en,unknown_public_web,in_the_wild_tts,wav,,cc-by-sa-4.0,eval,https://huggingface.co/datasets/mueller91/In-The-Wild,15.021,0,,,,,,,,,,,,0.111691,0.10353,0.246667,873.473,1781.731,0.138618,0.111417,0.096544,0.114394,175.118,33.153,0.189321
/data/mighty-morphing/audio/public/in_the_wild/release_in_the_wild/release_in_the_wild/798.wav,unknown_public_web,synthetic,in_the_wild,Ayn Rand,en,unknown_public_web,in_the_wild_tts,wav,,cc-by-sa-4.0,eval,https://huggingface.co/datasets/mueller91/In-The-Wild,2.576,0,,,,,,,,,,,,0.115001,0.103785,0.242188,417.79,208.95,0.059158,0.033736,0.000667,0.059018,140.758,30.169,0.214333
/data/mighty-morphing/audio/public/in_the_wild/release_in_the_wild/release_in_the_wild/800.wav,unknown_public_web,synthetic,in_the_wild,Ronald Reagan,en,unknown_public_web,in_the_wild_tts,wav,,cc-by-sa-4.0,eval,https://huggingface.co/datasets/mueller91/In-The-Wild,6.43,0,,,,,,,,,,,,0.118591,0.093899,0.156006,416.8,134.913,0.034694,0.039174,0.00038,0.055535,189.907,122.787,0.646564
/data/mighty-morphing/audio/public/in_the_wild/release_in_the_wild/release_in_the_wild/802.wav,unknown_public_web,synthetic,in_the_wild,Ayn Rand,en,unknown_public_web,in_the_wild_tts,wav,,cc-by-sa-4.0,eval,https://huggingface.co/datasets/mueller91/In-The-Wild,4.363,0,,,,,,,,,,,,0.10513,0.105178,0.230415,475.798,659.112,0.085408,0.101159,0.019808,0.071944,135.382,39.554,0.292164
/data/mighty-morphing/audio/public/in_the_wild/release_in_the_wild/release_in_the_wild/803.wav,unknown_public_web,synthetic,in_the_wild,Winston Churchill,en,unknown_public_web,in_the_wild_tts,wav,,cc-by-sa-4.0,eval,https://huggingface.co/datasets/mueller91/In-The-Wild,3.1,0,,,,,,,,,,,,0.061475,0.073105,0.409091,465.795,204.523,0.040558,0.026048,4.5e-05,0.065589,138.276,36.46,0.263672
/data/mighty-morphing/audio/public/in_the_wild/release_in_the_wild/release_in_the_wild/807.wav,unknown_public_web,synthetic,in_the_wild,Bernie Sanders,en,unknown_public_web,in_the_wild_tts,wav,,cc-by-sa-4.0,eval,https://huggingface.co/datasets/mueller91/In-The-Wild,9.334,0,,,,,,,,,,,,0.073973,0.073093,0.28464,510.699,963.434,0.086751,0.122978,0.035086,0.067806,123.967,27.393,0.220973
/data/mighty-morphing/audio/public/in_the_wild/release_in_the_wild/release_in_the_wild/809.wav,unknown_public_web,synthetic,in_the_wild,Nelson Mandela,en,unknown_public_web,in_the_wild_tts,wav,,cc-by-sa-4.0,eval,https://huggingface.co/datasets/mueller91/In-The-Wild,8.938,0,,,,,,,,,,,,0.087149,0.098646,0.252242,903.229,976.808,0.216915,0.154602,0.060995,0.123576,192.425,61.022,0.317123
/data/mighty-morphing/audio/public/in_the_wild/release_in_the_wild/release_in_the_wild/811.wav,unknown_public_web,synthetic,in_the_wild,Kanye West,en,unknown_public_web,in_the_wild_tts,wav,,cc-by-sa-4.0,eval,https://huggingface.co/datasets/mueller91/In-The-Wild,1.157,0,,,,,,,,,,,,0.098006,0.081041,0.087719,1318.13,1606.635,0.260271,0.117843,0.093144,0.174863,200.036,15.695,0.078461
/data/mighty-morphing/audio/public/in_the_wild/release_in_the_wild/release_in_the_wild/816.wav,unknown_public_web,synthetic,in_the_wild,Bernie Sanders,en,unknown_public_web,in_the_wild_tts,wav,,cc-by-sa-4.0,eval,https://huggingface.co/datasets/mueller91/In-The-Wild,1.609,0,,,,,,,,,,,,0.108757,0.104563,0.213836,547.417,764.289,0.102152,0.166029,0.019609,0.071003,137.424,65.329,0.475382
/data/mighty-morphing/audio/public/in_the_wild/release_in_the_wild/release_in_the_wild/820.wav,unknown_public_web,synthetic,in_the_wild,Barack Obama,en,unknown_public_web,in_the_wild_tts,wav,,cc-by-sa-4.0,eval,https://huggingface.co/datasets/mueller91/In-The-Wild,1.794,0,,,,,,,,,,,,0.096336,0.104011,0.333333,761.109,1009.479,0.18139,0.142471,0.052255,0.103018,173.182,47.027,0.271548
/data/mighty-morphing/audio/public/in_the_wild/release_in_the_wild/release_in_the_wild/822.wav,unknown_public_web,synthetic,in_the_wild,Ayn Rand,en,unknown_public_web,in_the_wild_tts,wav,,cc-by-sa-4.0,eval,https://huggingface.co/datasets/mueller91/In-The-Wild,3.432,0,,,,,,,,,,,,0.093448,0.097176,0.328446,570.556,296.566,0.059174,0.035331,0.00066,0.079679,188.35,95.631,0.507728
/data/mighty-morphing/audio/public/in_the_wild/release_in_the_wild/release_in_the_wild/827.wav,unknown_public_web,synthetic,in_the_wild,Nelson Mandela,en,unknown_public_web,in_the_wild_tts,wav,,cc-by-sa-4.0,eval,https://huggingface.co/datasets/mueller91/In-The-Wild,1.555,0,,,,,,,,,,,,0.079915,0.134057,0.487013,575.929,561.228,0.242804,0.142675,0.032748,0.092657,203.479,81.241,0.39926
/data/mighty-morphing/audio/public/in_the_wild/release_in_the_wild/release_in_the_wild/834.wav,unknown_public_web,synthetic,in_the_wild,Alec Guinness,en,unknown_public_web,in_the_wild_tts,wav,,cc-by-sa-4.0,eval,https://huggingface.co/datasets/mueller91/In-The-Wild,6.498,0,,,,,,,,,,,,0.08847,0.080342,0.146605,692.434,1229.078,0.100898,0.127214,0.074423,0.09606,113.228,53.428,0.471862
/data/mighty-morphing/audio/public/in_the_wild/release_in_the_wild/release_in_the_wild/835.wav,unknown_public_web,synthetic,in_the_wild,Bernie Sanders,en,unknown_public_web,in_the_wild_tts,wav,,cc-by-sa-4.0,eval,https://huggingface.co/datasets/mueller91/In-The-Wild,11.019,0,,,,,,,,,,,,0.08468,0.084119,0.223636,689.654,1207.636,0.106777,0.136707,0.055282,0.092826,132.758,33.071,0.249109
/data/mighty-morphing/audio/public/in_the_wild/release_in_the_wild/release_in_the_wild/836.wav,unknown_public_web,synthetic,in_the_wild,Ronald Reagan,en,unknown_public_web,in_the_wild_tts,wav,,cc-by-sa-4.0,eval,https://huggingface.co/datasets/mueller91/In-The-Wild,7.53,0,,,,,,,,,,,,0.097854,0.0771,0.175766,450.876,485.533,0.060654,0.095403,0.009871,0.06108,156.053,87.267,0.559211
/data/mighty-morphing/audio/public/in_the_wild/release_in_the_wild/release_in_the_wild/838.wav,unknown_public_web,synthetic,in_the_wild,Barack Obama,en,unknown_public_web,in_the_wild_tts,wav,,cc-by-sa-4.0,eval,https://huggingface.co/datasets/mueller91/In-The-Wild,3.303,0,,,,,,,,,,,,0.112943,0.093026,0.198171,772.869,1130.073,0.175546,0.128018,0.05075,0.107711,212.416,27.047,0.12733
/data/mighty-morphing/audio/public/in_the_wild/release_in_the_wild/release_in_the_wild/839.wav,unknown_public_web,synthetic,in_the_wild,George W. Bush,en,unknown_public_web,in_the_wild_tts,wav,,cc-by-sa-4.0,eval,https://huggingface.co/datasets/mueller91/In-The-Wild,1.85,0,,,,,,,,,,,,0.07483,0.064657,0.213115,660.094,268.078,0.067607,0.028701,0.002025,0.088983,160.833,50.394,0.313329
/data/mighty-morphing/audio/public/in_the_wild/release_in_the_wild/release_in_the_wild/840.wav,unknown_public_web,synthetic,in_the_wild,Christopher Hitchens,en,unknown_public_web,in_the_wild_tts,wav,,cc-by-sa-4.0,eval,https://huggingface.co/datasets/mueller91/In-The-Wild,5.295,0,,,,,,,,,,,,0.091041,0.089137,0.189394,755.592,1383.869,0.119419,0.146811,0.068035,0.099929,122.347,45.591,0.372636
/data/mighty-morphing/audio/public/in_the_wild/release_in_the_wild/release_in_the_wild/841.wav,unknown_public_web,synthetic,in_the_wild,Alec Guinness,en,unknown_public_web,in_the_wild_tts,wav,,cc-by-sa-4.0,eval,https://huggingface.co/datasets/mueller91/In-The-Wild,3.147,0,,,,,,,,,,,,0.088316,0.077791,0.060703,319.162,390.614,0.08718,0.077136,0.017579,0.059138,94.418,22.633,0.239714
/data/mighty-morphing/audio/public/in_the_wild/release_in_the_wild/release_in_the_wild/842.wav,unknown_public_web,synthetic,in_the_wild,Bernie Sanders,en,unknown_public_web,in_the_wild_tts,wav,,cc-by-sa-4.0,eval,https://huggingface.co/datasets/mueller91/In-The-Wild,5.196,0,,,,,,,,,,,,0.088665,0.096773,0.266409,685.169,1218.375,0.103115,0.138142,0.0569,0.091155,137.02,36.172,0.263989
/data/mighty-morphing/audio/public/in_the_wild/release_in_the_wild/release_in_the_wild/843.wav,unknown_public_web,synthetic,in_the_wild,Alexandria Ocasio-Cortez,en,unknown_public_web,in_the_wild_tts,wav,,cc-by-sa-4.0,eval,https://huggingface.co/datasets/mueller91/In-The-Wild,7.825,0,,,,,,,,,,,,0.071055,0.070318,0.212548,854.731,1008.757,0.106134,0.110144,0.038628,0.115787,244.436,46.305,0.189436
/data/mighty-morphing/audio/public/in_the_wild/release_in_the_wild/release_in_the_wild/848.wav,unknown_public_web,synthetic,in_the_wild,Alec Guinness,en,unknown_public_web,in_the_wild_tts,wav,,cc-by-sa-4.0,eval,https://huggingface.co/datasets/mueller91/In-The-Wild,4.886,0,,,,,,,,,,,,0.069821,0.055678,0.201232,388.989,225.942,0.065236,0.062714,0.003434,0.060777,109.015,34.345,0.315048
/data/mighty-morphing/audio/public/in_the_wild/release_in_the_wild/release_in_the_wild/852.wav,unknown_public_web,synthetic,in_the_wild,Orson Welles,en,unknown_public_web,in_the_wild_tts,wav,,cc-by-sa-4.0,eval,https://huggingface.co/datasets/mueller91/In-The-Wild,3.316,0,,,,,,,,,,,,0.070403,0.066882,0.209091,747.693,988.434,0.142049,0.07246,0.051079,0.130209,151.619,113.002,0.745302
/data/mighty-morphing/audio/public/in_the_wild/release_in_the_wild/release_in_the_wild/853.wav,unknown_public_web,synthetic,in_the_wild,Richard Nixon,en,unknown_public_web,in_the_wild_tts,wav,,cc-by-sa-4.0,eval,https://huggingface.co/datasets/mueller91/In-The-Wild,1.492,0,,,,,,,,,,,,0.082162,0.087254,0.204082,623.225,538.914,0.130134,0.128968,0.01847,0.090094,231.221,146.985,0.635694
/data/mighty-morphing/audio/public/in_the_wild/release_in_the_wild/release_in_the_wild/856.wav,unknown_public_web,synthetic,in_the_wild,Ronald Reagan,en,unknown_public_web,in_the_wild_tts,wav,,cc-by-sa-4.0,eval,https://huggingface.co/datasets/mueller91/In-The-Wild,4.439,0,,,,,,,,,,,,0.099691,0.078478,0.169683,1331.008,1604.513,0.185379,0.148199,0.122702,0.174181,155.943,73.213,0.469486
/data/mighty-morphing/audio/public/in_the_wild/release_in_the_wild/release_in_the_wild/857.wav,unknown_public_web,synthetic,in_the_wild,Barack Obama,en,unknown_public_web,in_the_wild_tts,wav,,cc-by-sa-4.0,eval,https://huggingface.co/datasets/mueller91/In-The-Wild,4.908,0,,,,,,,,,,,,0.124537,0.104936,0.130879,728.163,857.196,0.131678,0.116912,0.031842,0.101102,190.115,25.689,0.135125
/data/mighty-morphing/audio/public/in_the_wild/release_in_the_wild/release_in_the_wild/864.wav,unknown_public_web,synthetic,in_the_wild,Ayn Rand,en,unknown_public_web,in_the_wild_tts,wav,,cc-by-sa-4.0,eval,https://huggingface.co/datasets/mueller91/In-The-Wild,1.934,0,,,,,,,,,,,,0.082506,0.110177,0.34555,814.7,425.348,0.081347,0.075298,0.006495,0.112923,242.985,134.494,0.553506
/data/mighty-morphing/audio/public/in_the_wild/release_in_the_wild/release_in_the_wild/865.wav,unknown_public_web,synthetic,in_the_wild,Ayn Rand,en,unknown_public_web,in_the_wild_tts,wav,,cc-by-sa-4.0,eval,https://huggingface.co/datasets/mueller91/In-The-Wild,7.337,0,,,,,,,,,,,,0.072768,0.074616,0.290984,827.481,590.653,0.087472,0.086114,0.012311,0.111229,197.661,96.059,0.485975
/data/mighty-morphing/audio/public/in_the_wild/release_in_the_wild/release_in_the_wild/868.wav,unknown_public_web,synthetic,in_the_wild,Bill Clinton,en,unknown_public_web,in_the_wild_tts,wav,,cc-by-sa-4.0,eval,https://huggingface.co/datasets/mueller91/In-The-Wild,4.266,0,,,,,,,,,,,,0.107743,0.076593,0.16,887.587,1385.009,0.099797,0.159804,0.087138,0.114244,164.413,44.393,0.270012
/data/mighty-morphing/audio/public/in_the_wild/release_in_the_wild/release_in_the_wild/870.wav,unknown_public_web,synthetic,in_the_wild,Milton Friedman,en,unknown_public_web,in_the_wild_tts,wav,,cc-by-sa-4.0,eval,https://huggingface.co/datasets/mueller91/In-The-Wild,6.242,0,,,,,,,,,,,,0.06816,0.088262,0.435691,401.468,229.353,0.039274,0.051032,0.004763,0.056751,191.509,54.878,0.286556
/data/mighty-morphing/audio/public/in_the_wild/release_in_the_wild/release_in_the_wild/873.wav,unknown_public_web,synthetic,in_the_wild,JFK,en,unknown_public_web,in_the_wild_tts,wav,,cc-by-sa-4.0,eval,https://huggingface.co/datasets/mueller91/In-The-Wild,6.218,0,,,,,,,,,,,,0.091891,0.120397,0.403226,577.4,351.023,0.058544,0.030613,0.000239,0.08525,205.175,86.505,0.421614
/data/mighty-morphing/audio/public/in_the_wild/release_in_the_wild/release_in_the_wild/874.wav,unknown_public_web,synthetic,in_the_wild,Milton Friedman,en,unknown_public_web,in_the_wild_tts,wav,,cc-by-sa-4.0,eval,https://huggingface.co/datasets/mueller91/In-The-Wild,1.677,0,,,,,,,,,,,,0.102194,0.102945,0.355422,382.351,147.584,0.018811,0.022656,0.000221,0.054233,193.315,33.905,0.175385
/data/mighty-morphing/audio/public/in_the_wild/release_in_the_wild/release_in_the_wild/877.wav,unknown_public_web,synthetic,in_the_wild,Ayn Rand,en,unknown_public_web,in_the_wild_tts,wav,,cc-by-sa-4.0,eval,https://huggingface.co/datasets/mueller91/In-The-Wild,3.54,0,,,,,,,,,,,,0.073763,0.067949,0.221591,811.591,705.028,0.057019,0.049101,0.002554,0.105767,180.059,90.327,0.501656
/data/mighty-morphing/audio/public/in_the_wild/release_in_the_wild/release_in_the_wild/879.wav,unknown_public_web,synthetic,in_the_wild,Martin Luther King,en,unknown_public_web,in_the_wild_tts,wav,,cc-by-sa-4.0,eval,https://huggingface.co/datasets/mueller91/In-The-Wild,5.285,0,,,,,,,,,,,,0.126894,0.123339,0.111954,398.728,116.816,0.024338,0.007775,0.000138,0.055556,225.854,87.658,0.38812
/data/mighty-morphing/audio/public/in_the_wild/release_in_the_wild/release_in_the_wild/881.wav,unknown_public_web,synthetic,in_the_wild,Bernie Sanders,en,unknown_public_web,in_the_wild_tts,wav,,cc-by-sa-4.0,eval,https://huggingface.co/datasets/mueller91/In-The-Wild,2.277,0,,,,,,,,,,,,0.100745,0.113444,0.265487,642.355,1113.914,0.112311,0.141759,0.056092,0.088521,157.391,65.736,0.417657
/data/mighty-morphing/audio/public/in_the_wild/release_in_the_wild/release_in_the_wild/882.wav,unknown_public_web,synthetic,in_the_wild,Bernie Sanders,en,unknown_public_web,in_the_wild_tts,wav,,cc-by-sa-4.0,eval,https://huggingface.co/datasets/mueller91/In-The-Wild,4.584,0,,,,,,,,,,,,0.086952,0.087583,0.269737,1068.951,1869.674,0.140812,0.142293,0.140404,0.14085,130.994,63.434,0.484253
/data/mighty-morphing/audio/public/in_the_wild/release_in_the_wild/release_in_the_wild/883.wav,unknown_public_web,synthetic,in_the_wild,Bernie Sanders,en,unknown_public_web,in_the_wild_tts,wav,,cc-by-sa-4.0,eval,https://huggingface.co/datasets/mueller91/In-The-Wild,7.471,0,,,,,,,,,,,,0.089268,0.077697,0.201342,686.6,1111.843,0.112204,0.140878,0.047942,0.092711,129.149,49.866,0.386114
/data/mighty-morphing/audio/public/in_the_wild/release_in_the_wild/release_in_the_wild/884.wav,unknown_public_web,synthetic,in_the_wild,Jerry Seinfeld,en,unknown_public_web,in_the_wild_tts,wav,,cc-by-sa-4.0,eval,https://huggingface.co/datasets/mueller91/In-The-Wild,3.339,0,,,,,,,,,,,,0.094219,0.086105,0.253012,965.379,1254.142,0.195288,0.083649,0.084233,0.130686,164.505,38.847,0.236147
/data/mighty-morphing/audio/public/in_the_wild/release_in_the_wild/release_in_the_wild/888.wav,unknown_public_web,synthetic,in_the_wild,Bill Clinton,en,unknown_public_web,in_the_wild_tts,wav,,cc-by-sa-4.0,eval,https://huggingface.co/datasets/mueller91/In-The-Wild,5.113,0,,,,,,,,,,,,0.102857,0.068715,0.143418,786.907,936.072,0.0754,0.1058,0.036209,0.102053,163.882,30.942,0.188808
/data/mighty-morphing/audio/public/in_the_wild/release_in_the_wild/release_in_the_wild/889.wav,unknown_public_web,synthetic,in_the_wild,Adam Driver,en,unknown_public_web,in_the_wild_tts,wav,,cc-by-sa-4.0,eval,https://huggingface.co/datasets/mueller91/In-The-Wild,2.502,0,,,,,,,,,,,,0.110759,0.09431,0.241935,1305.047,1815.358,0.234815,0.172214,0.138269,0.169601,141.292,19.458,0.137718
/data/mighty-morphing/audio/public/in_the_wild/release_in_the_wild/release_in_the_wild/891.wav,unknown_public_web,synthetic,in_the_wild,Mark Zuckerberg,en,unknown_public_web,in_the_wild_tts,wav,,cc-by-sa-4.0,eval,https://huggingface.co/datasets/mueller91/In-The-Wild,2.893,0,,,,,,,,,,,,0.08909,0.098262,0.254355,801.044,1227.749,0.090592,0.143512,0.060322,0.10684,162.468,62.582,0.385197
/data/mighty-morphing/audio/public/in_the_wild/release_in_the_wild/release_in_the_wild/893.wav,unknown_public_web,synthetic,in_the_wild,Martin Luther King,en,unknown_public_web,in_the_wild_tts,wav,,cc-by-sa-4.0,eval,https://huggingface.co/datasets/mueller91/In-The-Wild,4.85,0,,,,,,,,,,,,0.096976,0.070281,0.097308,631.063,360.29,0.098578,0.050503,0.006073,0.094081,191.307,26.481,0.138421
/data/mighty-morphing/audio/public/in_the_wild/release_in_the_wild/release_in_the_wild/898.wav,unknown_public_web,synthetic,in_the_wild,Barack Obama,en,unknown_public_web,in_the_wild_tts,wav,,cc-by-sa-4.0,eval,https://huggingface.co/datasets/mueller91/In-The-Wild,2.713,0,,,,,,,,,,,,0.084983,0.081037,0.182156,1049.905,1439.505,0.163536,0.14078,0.090733,0.137573,199.072,33.492,0.168242
/data/mighty-morphing/audio/public/in_the_wild/release_in_the_wild/release_in_the_wild/901.wav,unknown_public_web,synthetic,in_the_wild,Bernie Sanders,en,unknown_public_web,in_the_wild_tts,wav,,cc-by-sa-4.0,eval,https://huggingface.co/datasets/mueller91/In-The-Wild,17.593,0,,,,,,,,,,,,0.064514,0.068316,0.282869,900.672,1516.225,0.128002,0.146639,0.092035,0.119928,138.425,45.299,0.327245
/data/mighty-morphing/audio/public/in_the_wild/release_in_the_wild/release_in_the_wild/904.wav,unknown_public_web,synthetic,in_the_wild,Mr. Rogers,en,unknown_public_web,in_the_wild_tts,wav,,cc-by-sa-4.0,eval,https://huggingface.co/datasets/mueller91/In-The-Wild,2.202,0,,,,,,,,,,,,0.079433,0.071198,0.284404,1120.744,1716.075,0.11738,0.142825,0.128747,0.144552,130.371,38.721,0.297007
/data/mighty-morphing/audio/public/in_the_wild/release_in_the_wild/release_in_the_wild/905.wav,unknown_public_web,synthetic,in_the_wild,Gilbert Gottfried,en,unknown_public_web,in_the_wild_tts,wav,,cc-by-sa-4.0,eval,https://huggingface.co/datasets/mueller91/In-The-Wild,5.711,0,,,,,,,,,,,,0.087669,0.088433,0.314587,1067.075,1325.177,0.141845,0.133285,0.072265,0.133841,212.82,79.777,0.374858
/data/mighty-morphing/audio/public/in_the_wild/release_in_the_wild/release_in_the_wild/908.wav,unknown_public_web,synthetic,in_the_wild,Alec Guinness,en,unknown_public_web,in_the_wild_tts,wav,,cc-by-sa-4.0,eval,https://huggingface.co/datasets/mueller91/In-The-Wild,4.36,0,,,,,,,,,,,,0.090767,0.085232,0.202765,580.774,1213.768,0.082857,0.093924,0.057097,0.083338,118.931,66.706,0.560883
/data/mighty-morphing/audio/public/in_the_wild/release_in_the_wild/release_in_the_wild/909.wav,unknown_public_web,synthetic,in_the_wild,Winston Churchill,en,unknown_public_web,in_the_wild_tts,wav,,cc-by-sa-4.0,eval,https://huggingface.co/datasets/mueller91/In-The-Wild,2.543,0,,,,,,,,,,,,0.083817,0.089184,0.349206,443.09,232.626,0.038954,0.02165,5.2e-05,0.069411,131.827,34.067,0.258419
/data/mighty-morphing/audio/public/in_the_wild/release_in_the_wild/release_in_the_wild/916.wav,unknown_public_web,synthetic,in_the_wild,Milton Friedman,en,unknown_public_web,in_the_wild_tts,wav,,cc-by-sa-4.0,eval,https://huggingface.co/datasets/mueller91/In-The-Wild,15.532,0,,,,,,,,,,,,0.049804,0.056545,0.389426,432.467,270.446,0.026473,0.038151,0.002082,0.058343,200.138,50.425,0.251953
/data/mighty-morphing/audio/public/in_the_wild/release_in_the_wild/release_in_the_wild/924.wav,unknown_public_web,synthetic,in_the_wild,Alec Guinness,en,unknown_public_web,in_the_wild_tts,wav,,cc-by-sa-4.0,eval,https://huggingface.co/datasets/mueller91/In-The-Wild,9.253,0,,,,,,,,,,,,0.099849,0.090329,0.16143,451.635,772.131,0.076874,0.099977,0.025665,0.06444,123.283,37.011,0.300213
/data/mighty-morphing/audio/public/in_the_wild/release_in_the_wild/release_in_the_wild/933.wav,unknown_public_web,synthetic,in_the_wild,Ayn Rand,en,unknown_public_web,in_the_wild_tts,wav,,cc-by-sa-4.0,eval,https://huggingface.co/datasets/mueller91/In-The-Wild,2.856,0,,,,,,,,,,,,0.087053,0.09273,0.302817,770.921,774.95,0.104456,0.119201,0.040737,0.106816,220.982,104.48,0.472799
/data/mighty-morphing/audio/public/in_the_wild/release_in_the_wild/release_in_the_wild/938.wav,unknown_public_web,synthetic,in_the_wild,FDR,en,unknown_public_web,in_the_wild_tts,wav,,cc-by-sa-4.0,eval,https://huggingface.co/datasets/mueller91/In-The-Wild,9.493,0,,,,,,,,,,,,0.063768,0.062167,0.2566,1253.386,655.688,0.090865,0.030335,0.014609,0.162516,207.604,55.225,0.266012
/data/mighty-morphing/audio/public/in_the_wild/release_in_the_wild/release_in_the_wild/940.wav,unknown_public_web,synthetic,in_the_wild,Christopher Hitchens,en,unknown_public_web,in_the_wild_tts,wav,,cc-by-sa-4.0,eval,https://huggingface.co/datasets/mueller91/In-The-Wild,1.193,0,,,,,,,,,,,,0.089213,0.089367,0.393162,341.514,190.095,0.112532,0.097478,0.003077,0.054874,135.725,38.784,0.285755
/data/mighty-morphing/audio/public/in_the_wild/release_in_the_wild/release_in_the_wild/942.wav,unknown_public_web,synthetic,in_the_wild,Mark Zuckerberg,en,unknown_public_web,in_the_wild_tts,wav,,cc-by-sa-4.0,eval,https://huggingface.co/datasets/mueller91/In-The-Wild,1.587,0,,,,,,,,,,,,0.067029,0.088898,0.458599,1013.308,1233.094,0.113945,0.121708,0.072395,0.128016,213.678,34.454,0.161243
/data/mighty-morphing/audio/public/in_the_wild/release_in_the_wild/release_in_the_wild/943.wav,unknown_public_web,synthetic,in_the_wild,Orson Welles,en,unknown_public_web,in_the_wild_tts,wav,,cc-by-sa-4.0,eval,https://huggingface.co/datasets/mueller91/In-The-Wild,2.005,0,,,,,,,,,,,,0.091678,0.092067,0.336683,674.989,1072.794,0.116655,0.115807,0.068424,0.104933,134.206,105.681,0.787449
/data/mighty-morphing/audio/public/in_the_wild/release_in_the_wild/release_in_the_wild/944.wav,unknown_public_web,synthetic,in_the_wild,Ayn Rand,en,unknown_public_web,in_the_wild_tts,wav,,cc-by-sa-4.0,eval,https://huggingface.co/datasets/mueller91/In-The-Wild,11.558,0,,,,,,,,,,,,0.079662,0.084005,0.254766,771.948,549.348,0.063732,0.057739,0.00329,0.104234,197.483,100.616,0.50949
/data/mighty-morphing/audio/public/in_the_wild/release_in_the_wild/release_in_the_wild/950.wav,unknown_public_web,synthetic,in_the_wild,Alec Guinness,en,unknown_public_web,in_the_wild_tts,wav,,cc-by-sa-4.0,eval,https://huggingface.co/datasets/mueller91/In-The-Wild,1.349,0,,,,,,,,,,,,0.054275,0.068139,0.390977,766.192,1084.289,0.147013,0.196264,0.053844,0.110713,174.949,100.999,0.577307
/data/mighty-morphing/audio/public/in_the_wild/release_in_the_wild/release_in_the_wild/953.wav,unknown_public_web,synthetic,in_the_wild,JFK,en,unknown_public_web,in_the_wild_tts,wav,,cc-by-sa-4.0,eval,https://huggingface.co/datasets/mueller91/In-The-Wild,2.198,0,,,,,,,,,,,,0.053744,0.07021,0.394495,1343.684,1047.944,0.122733,0.084667,0.054536,0.181263,186.397,82.375,0.441934
/data/mighty-morphing/audio/public/in_the_wild/release_in_the_wild/release_in_the_wild/955.wav,unknown_public_web,synthetic,in_the_wild,Winston Churchill,en,unknown_public_web,in_the_wild_tts,wav,,cc-by-sa-4.0,eval,https://huggingface.co/datasets/mueller91/In-The-Wild,3.033,0,,,,,,,,,,,,0.052452,0.070133,0.471761,520.301,290.607,0.058017,0.034693,0.000133,0.077926,172.177,71.479,0.415149
/data/mighty-morphing/audio/public/in_the_wild/release_in_the_wild/release_in_the_wild/957.wav,unknown_public_web,synthetic,in_the_wild,Bill Clinton,en,unknown_public_web,in_the_wild_tts,wav,,cc-by-sa-4.0,eval,https://huggingface.co/datasets/mueller91/In-The-Wild,6.2,0,,,,,,,,,,,,0.114395,0.086472,0.11165,716.864,888.659,0.093841,0.142725,0.035069,0.097295,177.568,27.105,0.152648
/data/mighty-morphing/audio/public/in_the_wild/release_in_the_wild/release_in_the_wild/963.wav,unknown_public_web,synthetic,in_the_wild,Ronald Reagan,en,unknown_public_web,in_the_wild_tts,wav,,cc-by-sa-4.0,eval,https://huggingface.co/datasets/mueller91/In-The-Wild,2.978,0,,,,,,,,,,,,0.100393,0.089738,0.226351,1154.002,1195.319,0.243769,0.152019,0.066944,0.164591,152.077,52.644,0.346168
/data/mighty-morphing/audio/public/in_the_wild/release_in_the_wild/release_in_the_wild/967.wav,unknown_public_web,synthetic,in_the_wild,Winston Churchill,en,unknown_public_web,in_the_wild_tts,wav,,cc-by-sa-4.0,eval,https://huggingface.co/datasets/mueller91/In-The-Wild,3.399,0,,,,,,,,,,,,0.082183,0.071002,0.227811,513.124,282.116,0.029155,0.009082,1.2e-05,0.075837,140.445,54.036,0.384751
/data/mighty-morphing/audio/public/in_the_wild/release_in_the_wild/release_in_the_wild/968.wav,unknown_public_web,synthetic,in_the_wild,Kanye West,en,unknown_public_web,in_the_wild_tts,wav,,cc-by-sa-4.0,eval,https://huggingface.co/datasets/mueller91/In-The-Wild,13.863,0,,,,,,,,,,,,0.127824,0.093658,0.120665,918.062,1309.101,0.227908,0.102582,0.067798,0.126523,218.496,26.535,0.121443
/data/mighty-morphing/audio/public/in_the_wild/release_in_the_wild/release_in_the_wild/970.wav,unknown_public_web,synthetic,in_the_wild,Alec Guinness,en,unknown_public_web,in_the_wild_tts,wav,,cc-by-sa-4.0,eval,https://huggingface.co/datasets/mueller91/In-The-Wild,1.953,0,,,,,,,,,,,,0.097468,0.090756,0.134715,936.958,1627.834,0.129514,0.132325,0.1141,0.136642,98.858,52.343,0.529475
/data/mighty-morphing/audio/public/in_the_wild/release_in_the_wild/release_in_the_wild/972.wav,unknown_public_web,synthetic,in_the_wild,Alan Watts,en,unknown_public_web,in_the_wild_tts,wav,,cc-by-sa-4.0,eval,https://huggingface.co/datasets/mueller91/In-The-Wild,1.811,0,,,,,,,,,,,,0.059412,0.07377,0.374302,762.854,586.763,0.121363,0.081035,0.014393,0.111421,207.374,95.247,0.459303
/data/mighty-morphing/audio/public/in_the_wild/release_in_the_wild/release_in_the_wild/977.wav,unknown_public_web,synthetic,in_the_wild,Alec Guinness,en,unknown_public_web,in_the_wild_tts,wav,,cc-by-sa-4.0,eval,https://huggingface.co/datasets/mueller91/In-The-Wild,3.13,0,,,,,,,,,,,,0.083191,0.079491,0.192926,684.25,1328.885,0.111096,0.110467,0.076436,0.098265,106.288,47.905,0.450709
/data/mighty-morphing/audio/public/in_the_wild/release_in_the_wild/release_in_the_wild/978.wav,unknown_public_web,synthetic,in_the_wild,Mr. Rogers,en,unknown_public_web,in_the_wild_tts,wav,,cc-by-sa-4.0,eval,https://huggingface.co/datasets/mueller91/In-The-Wild,4.711,0,,,,,,,,,,,,0.105435,0.098175,0.245203,560.546,828.354,0.07318,0.091009,0.026805,0.067825,149.792,45.632,0.304634
/data/mighty-morphing/audio/public/in_the_wild/release_in_the_wild/release_in_the_wild/979.wav,unknown_public_web,synthetic,in_the_wild,Ayn Rand,en,unknown_public_web,in_the_wild_tts,wav,,cc-by-sa-4.0,eval,https://huggingface.co/datasets/mueller91/In-The-Wild,6.034,0,,,,,,,,,,,,0.071114,0.074724,0.327787,820.623,558.355,0.07279,0.085045,0.010014,0.111972,207.101,109.416,0.52832
/data/mighty-morphing/audio/public/in_the_wild/release_in_the_wild/release_in_the_wild/980.wav,unknown_public_web,synthetic,in_the_wild,Ayn Rand,en,unknown_public_web,in_the_wild_tts,wav,,cc-by-sa-4.0,eval,https://huggingface.co/datasets/mueller91/In-The-Wild,1.296,0,,,,,,,,,,,,0.057185,0.071149,0.414062,762.493,342.146,0.078788,0.04309,0.001666,0.104086,263.494,149.103,0.565869
/data/mighty-morphing/audio/public/in_the_wild/release_in_the_wild/release_in_the_wild/982.wav,unknown_public_web,synthetic,in_the_wild,Ronald Reagan,en,unknown_public_web,in_the_wild_tts,wav,,cc-by-sa-4.0,eval,https://huggingface.co/datasets/mueller91/In-The-Wild,3.4,0,,,,,,,,,,,,0.094686,0.074561,0.186391,1379.92,1664.815,0.216636,0.158528,0.1339,0.179323,156.951,56.181,0.357951
/data/mighty-morphing/audio/public/in_the_wild/release_in_the_wild/release_in_the_wild/983.wav,unknown_public_web,synthetic,in_the_wild,Ronald Reagan,en,unknown_public_web,in_the_wild_tts,wav,,cc-by-sa-4.0,eval,https://huggingface.co/datasets/mueller91/In-The-Wild,1.651,0,,,,,,,,,,,,0.118335,0.125613,0.300613,977.25,1335.012,0.126514,0.189125,0.07819,0.131082,168.782,102.799,0.609061
/data/mighty-morphing/audio/public/in_the_wild/release_in_the_wild/release_in_the_wild/989.wav,unknown_public_web,synthetic,in_the_wild,Milton Friedman,en,unknown_public_web,in_the_wild_tts,wav,,cc-by-sa-4.0,eval,https://huggingface.co/datasets/mueller91/In-The-Wild,2.889,0,,,,,,,,,,,,0.134551,0.100421,0.205575,339.089,99.219,0.011063,0.003197,0.0,0.043792,223.568,29.189,0.130562
/data/mighty-morphing/audio/public/in_the_wild/release_in_the_wild/release_in_the_wild/990.wav,unknown_public_web,synthetic,in_the_wild,Barack Obama,en,unknown_public_web,in_the_wild_tts,wav,,cc-by-sa-4.0,eval,https://huggingface.co/datasets/mueller91/In-The-Wild,1.649,0,,,,,,,,,,,,0.068592,0.072111,0.312883,466.299,193.013,0.041963,0.045816,0.000319,0.064926,202.886,35.042,0.172716
/data/mighty-morphing/audio/public/in_the_wild/release_in_the_wild/release_in_the_wild/991.wav,unknown_public_web,synthetic,in_the_wild,Bill Clinton,en,unknown_public_web,in_the_wild_tts,wav,,cc-by-sa-4.0,eval,https://huggingface.co/datasets/mueller91/In-The-Wild,4.593,0,,,,,,,,,,,,0.13735,0.093022,0.091904,859.772,1211.194,0.090108,0.122769,0.063923,0.114698,182.728,52.794,0.288922
/data/mighty-morphing/audio/public/in_the_wild/release_in_the_wild/release_in_the_wild/996.wav,unknown_public_web,synthetic,in_the_wild,Queen Elizabeth II,en,unknown_public_web,in_the_wild_tts,wav,,cc-by-sa-4.0,eval,https://huggingface.co/datasets/mueller91/In-The-Wild,4.191,0,,,,,,,,,,,,0.097501,0.099008,0.2494,926.602,1435.203,0.109979,0.149168,0.087858,0.123575,220.151,63.165,0.286916
/data/mighty-morphing/audio/public/in_the_wild/release_in_the_wild/release_in_the_wild/999.wav,unknown_public_web,synthetic,in_the_wild,Mr. Rogers,en,unknown_public_web,in_the_wild_tts,wav,,cc-by-sa-4.0,eval,https://huggingface.co/datasets/mueller91/In-The-Wild,4.199,0,,,,,,,,,,,,0.068662,0.068157,0.23445,678.098,1237.702,0.089132,0.102997,0.053478,0.090889,159.487,48.042,0.301228
/data/mighty-morphing/audio/public/in_the_wild/release_in_the_wild/release_in_the_wild/1003.wav,unknown_public_web,synthetic,in_the_wild,Bill Burr,en,unknown_public_web,in_the_wild_tts,wav,,cc-by-sa-4.0,eval,https://huggingface.co/datasets/mueller91/In-The-Wild,8.035,0,,,,,,,,,,,,0.090177,0.07002,0.144638,1513.611,1948.666,0.198451,0.141374,0.203502,0.203373,170.8,36.559,0.214044
/data/mighty-morphing/audio/public/in_the_wild/release_in_the_wild/release_in_the_wild/1006.wav,unknown_public_web,synthetic,in_the_wild,Ayn Rand,en,unknown_public_web,in_the_wild_tts,wav,,cc-by-sa-4.0,eval,https://huggingface.co/datasets/mueller91/In-The-Wild,4.708,0,,,,,,,,,,,,0.076279,0.076362,0.289979,739.377,625.851,0.082307,0.073814,0.009636,0.104211,179.464,83.262,0.463947
/data/mighty-morphing/audio/public/in_the_wild/release_in_the_wild/release_in_the_wild/1008.wav,unknown_public_web,synthetic,in_the_wild,2Pac,en,unknown_public_web,in_the_wild_tts,wav,,cc-by-sa-4.0,eval,https://huggingface.co/datasets/mueller91/In-The-Wild,2.097,0,,,,,,,,,,,,0.083852,0.072536,0.110577,532.853,182.987,0.125753,0.059392,0.001446,0.066203,253.815,22.518,0.088716
/data/mighty-morphing/audio/public/in_the_wild/release_in_the_wild/release_in_the_wild/1012.wav,unknown_public_web,synthetic,in_the_wild,Bernie Sanders,en,unknown_public_web,in_the_wild_tts,wav,,cc-by-sa-4.0,eval,https://huggingface.co/datasets/mueller91/In-The-Wild,2.289,0,,,,,,,,,,,,0.092984,0.078545,0.255507,685.984,1262.02,0.101334,0.135027,0.066414,0.09147,123.696,28.48,0.230238
/data/mighty-morphing/audio/public/in_the_wild/release_in_the_wild/release_in_the_wild/1013.wav,unknown_public_web,synthetic,in_the_wild,Christopher Hitchens,en,unknown_public_web,in_the_wild_tts,wav,,cc-by-sa-4.0,eval,https://huggingface.co/datasets/mueller91/In-The-Wild,7.239,0,,,,,,,,,,,,0.055609,0.058395,0.193906,658.363,1277.213,0.105833,0.155453,0.056453,0.086549,125.313,45.474,0.36288
/data/mighty-morphing/audio/public/in_the_wild/release_in_the_wild/release_in_the_wild/1014.wav,unknown_public_web,synthetic,in_the_wild,Martin Luther King,en,unknown_public_web,in_the_wild_tts,wav,,cc-by-sa-4.0,eval,https://huggingface.co/datasets/mueller91/In-The-Wild,3.442,0,,,,,,,,,,,,0.13061,0.117709,0.175439,369.003,126.946,0.03659,0.011841,0.000349,0.049617,215.039,47.023,0.218671
/data/mighty-morphing/audio/public/in_the_wild/release_in_the_wild/release_in_the_wild/1015.wav,unknown_public_web,synthetic,in_the_wild,Alec Guinness,en,unknown_public_web,in_the_wild_tts,wav,,cc-by-sa-4.0,eval,https://huggingface.co/datasets/mueller91/In-The-Wild,4.048,0,,,,,,,,,,,,0.076816,0.082829,0.163772,529.024,1047.666,0.107027,0.122554,0.044381,0.075647,123.38,37.861,0.306862
/data/mighty-morphing/audio/public/in_the_wild/release_in_the_wild/release_in_the_wild/1017.wav,unknown_public_web,synthetic,in_the_wild,Ayn Rand,en,unknown_public_web,in_the_wild_tts,wav,,cc-by-sa-4.0,eval,https://huggingface.co/datasets/mueller91/In-The-Wild,2.521,0,,,,,,,,,,,,0.089939,0.100776,0.28,773.21,1259.129,0.128087,0.155405,0.069418,0.108466,128.765,45.643,0.354469
/data/mighty-morphing/audio/public/in_the_wild/release_in_the_wild/release_in_the_wild/1020.wav,unknown_public_web,synthetic,in_the_wild,Kanye West,en,unknown_public_web,in_the_wild_tts,wav,,cc-by-sa-4.0,eval,https://huggingface.co/datasets/mueller91/In-The-Wild,4.964,0,,,,,,,,,,,,0.135311,0.08415,0.066802,664.082,334.107,0.21696,0.086176,0.005679,0.091537,218.227,19.428,0.089026
/data/mighty-morphing/audio/public/in_the_wild/release_in_the_wild/release_in_the_wild/1021.wav,unknown_public_web,synthetic,in_the_wild,Gilbert Gottfried,en,unknown_public_web,in_the_wild_tts,wav,,cc-by-sa-4.0,eval,https://huggingface.co/datasets/mueller91/In-The-Wild,11.778,0,,,,,,,,,,,,0.083096,0.075526,0.238946,1087.394,1327.39,0.168123,0.142045,0.08029,0.14085,217.228,66.965,0.308271
/data/mighty-morphing/audio/public/in_the_wild/release_in_the_wild/release_in_the_wild/1028.wav,unknown_public_web,synthetic,in_the_wild,Tucker Carlson,en,unknown_public_web,in_the_wild_tts,wav,,cc-by-sa-4.0,eval,https://huggingface.co/datasets/mueller91/In-The-Wild,2.171,0,,,,,,,,,,,,0.1208,0.091493,0.246512,438.3,265.676,0.079656,0.072157,0.004735,0.065324,162.148,76.851,0.473955
/data/mighty-morphing/audio/public/in_the_wild/release_in_the_wild/release_in_the_wild/1030.wav,unknown_public_web,synthetic,in_the_wild,Adam Driver,en,unknown_public_web,in_the_wild_tts,wav,,cc-by-sa-4.0,eval,https://huggingface.co/datasets/mueller91/In-The-Wild,14.453,0,,,,,,,,,,,,0.084827,0.076207,0.24255,1351.142,1940.386,0.22215,0.179413,0.156153,0.172088,126.073,16.529,0.131105
/data/mighty-morphing/audio/public/in_the_wild/release_in_the_wild/release_in_the_wild/1033.wav,unknown_public_web,synthetic,in_the_wild,Ayn Rand,en,unknown_public_web,in_the_wild_tts,wav,,cc-by-sa-4.0,eval,https://huggingface.co/datasets/mueller91/In-The-Wild,3.372,0,,,,,,,,,,,,0.062596,0.07169,0.319403,875.332,566.204,0.069522,0.057197,0.001567,0.116024,208.22,116.279,0.558441
/data/mighty-morphing/audio/public/in_the_wild/release_in_the_wild/release_in_the_wild/1034.wav,unknown_public_web,synthetic,in_the_wild,Mark Zuckerberg,en,unknown_public_web,in_the_wild_tts,wav,,cc-by-sa-4.0,eval,https://huggingface.co/datasets/mueller91/In-The-Wild,2.516,0,,,,,,,,,,,,0.144678,0.117002,0.26,483.103,167.619,0.058656,0.053665,0.000379,0.061048,236.704,90.246,0.38126
/data/mighty-morphing/audio/public/in_the_wild/release_in_the_wild/release_in_the_wild/1048.wav,unknown_public_web,synthetic,in_the_wild,The Notorious B.I.G.,en,unknown_public_web,in_the_wild_tts,wav,,cc-by-sa-4.0,eval,https://huggingface.co/datasets/mueller91/In-The-Wild,16.916,0,,,,,,,,,,,,0.078122,0.074177,0.167456,597.382,587.185,0.141156,0.100758,0.015216,0.079641,263.708,29.123,0.110435
/data/mighty-morphing/audio/public/in_the_wild/release_in_the_wild/release_in_the_wild/1051.wav,unknown_public_web,synthetic,in_the_wild,Alec Guinness,en,unknown_public_web,in_the_wild_tts,wav,,cc-by-sa-4.0,eval,https://huggingface.co/datasets/mueller91/In-The-Wild,1.345,0,,,,,,,,,,,,0.076895,0.080857,0.315789,343.627,116.643,0.054374,0.051527,0.001018,0.050184,104.216,57.067,0.547588
/data/mighty-morphing/audio/public/in_the_wild/release_in_the_wild/release_in_the_wild/1059.wav,unknown_public_web,synthetic,in_the_wild,Jerry Seinfeld,en,unknown_public_web,in_the_wild_tts,wav,,cc-by-sa-4.0,eval,https://huggingface.co/datasets/mueller91/In-The-Wild,3.623,0,,,,,,,,,,,,0.087795,0.078349,0.277778,731.273,806.092,0.234406,0.0834,0.040379,0.105381,178.778,32.319,0.180775
/data/mighty-morphing/audio/public/in_the_wild/release_in_the_wild/release_in_the_wild/1061.wav,unknown_public_web,synthetic,in_the_wild,Orson Welles,en,unknown_public_web,in_the_wild_tts,wav,,cc-by-sa-4.0,eval,https://huggingface.co/datasets/mueller91/In-The-Wild,5.477,0,,,,,,,,,,,,0.076192,0.064201,0.179487,983.939,1194.205,0.132376,0.084709,0.073507,0.155014,166.457,124.941,0.750592
/data/mighty-morphing/audio/public/in_the_wild/release_in_the_wild/release_in_the_wild/1064.wav,unknown_public_web,synthetic,in_the_wild,Bill Clinton,en,unknown_public_web,in_the_wild_tts,wav,,cc-by-sa-4.0,eval,https://huggingface.co/datasets/mueller91/In-The-Wild,2.236,0,,,,,,,,,,,,0.100931,0.086634,0.247748,590.955,449.079,0.074876,0.094142,0.006759,0.080914,195.037,55.581,0.284977
/data/mighty-morphing/audio/public/in_the_wild/release_in_the_wild/release_in_the_wild/1068.wav,unknown_public_web,synthetic,in_the_wild,Ronald Reagan,en,unknown_public_web,in_the_wild_tts,wav,,cc-by-sa-4.0,eval,https://huggingface.co/datasets/mueller91/In-The-Wild,3.942,0,,,,,,,,,,,,0.118672,0.100848,0.229592,440.865,133.635,0.038533,0.04716,0.000983,0.057359,211.269,136.797,0.647503
/data/mighty-morphing/audio/public/in_the_wild/release_in_the_wild/release_in_the_wild/1069.wav,unknown_public_web,synthetic,in_the_wild,Ayn Rand,en,unknown_public_web,in_the_wild_tts,wav,,cc-by-sa-4.0,eval,https://huggingface.co/datasets/mueller91/In-The-Wild,2.498,0,,,,,,,,,,,,0.065898,0.069399,0.346774,678.711,319.057,0.066257,0.051291,0.002416,0.094864,189.868,91.21,0.480384
/data/mighty-morphing/audio/public/in_the_wild/release_in_the_wild/release_in_the_wild/1071.wav,unknown_public_web,synthetic,in_the_wild,Queen Elizabeth II,en,unknown_public_web,in_the_wild_tts,wav,,cc-by-sa-4.0,eval,https://huggingface.co/datasets/mueller91/In-The-Wild,16.283,0,,,,,,,,,,,,0.110884,0.102633,0.143296,673.564,979.586,0.069247,0.093643,0.037659,0.090472,237.495,53.535,0.225414
/data/mighty-morphing/audio/public/in_the_wild/release_in_the_wild/release_in_the_wild/1073.wav,unknown_public_web,synthetic,in_the_wild,Alec Guinness,en,unknown_public_web,in_the_wild_tts,wav,,cc-by-sa-4.0,eval,https://huggingface.co/datasets/mueller91/In-The-Wild,6.918,0,,,,,,,,,,,,0.065418,0.044627,0.134783,510.012,1069.782,0.090551,0.080544,0.041833,0.075636,104.025,30.015,0.288538
/data/mighty-morphing/audio/public/in_the_wild/release_in_the_wild/release_in_the_wild/1078.wav,unknown_public_web,synthetic,in_the_wild,Alec Guinness,en,unknown_public_web,in_the_wild_tts,wav,,cc-by-sa-4.0,eval,https://huggingface.co/datasets/mueller91/In-The-Wild,2.203,0,,,,,,,,,,,,0.08904,0.078358,0.119266,655.824,1232.58,0.110042,0.09587,0.070925,0.10957,105.598,67.296,0.637288
/data/mighty-morphing/audio/public/in_the_wild/release_in_the_wild/release_in_the_wild/1082.wav,unknown_public_web,synthetic,in_the_wild,Alec Guinness,en,unknown_public_web,in_the_wild_tts,wav,,cc-by-sa-4.0,eval,https://huggingface.co/datasets/mueller91/In-The-Wild,4.315,0,,,,,,,,,,,,0.057313,0.051526,0.15814,1256.411,1963.651,0.150489,0.135174,0.179127,0.178376,116.112,91.252,0.785895
/data/mighty-morphing/audio/public/in_the_wild/release_in_the_wild/release_in_the_wild/1087.wav,unknown_public_web,synthetic,in_the_wild,Alec Guinness,en,unknown_public_web,in_the_wild_tts,wav,,cc-by-sa-4.0,eval,https://huggingface.co/datasets/mueller91/In-The-Wild,6.175,0,,,,,,,,,,,,0.088181,0.076084,0.11526,428.508,502.556,0.084866,0.085391,0.010448,0.063878,125.467,50.146,0.399677
/data/mighty-morphing/audio/public/in_the_wild/release_in_the_wild/release_in_the_wild/1090.wav,unknown_public_web,synthetic,in_the_wild,Queen Elizabeth II,en,unknown_public_web,in_the_wild_tts,wav,,cc-by-sa-4.0,eval,https://huggingface.co/datasets/mueller91/In-The-Wild,1.476,0,,,,,,,,,,,,0.137092,0.120679,0.226027,369.412,115.616,0.031672,0.009407,4.8e-05,0.051444,201.081,59.567,0.296235
/data/mighty-morphing/audio/public/in_the_wild/release_in_the_wild/release_in_the_wild/1092.wav,unknown_public_web,synthetic,in_the_wild,Bernie Sanders,en,unknown_public_web,in_the_wild_tts,wav,,cc-by-sa-4.0,eval,https://huggingface.co/datasets/mueller91/In-The-Wild,4.769,0,,,,,,,,,,,,0.077548,0.086297,0.252632,873.596,1571.473,0.118739,0.148234,0.087891,0.115199,133.622,68.617,0.513515
/data/mighty-morphing/audio/public/in_the_wild/release_in_the_wild/release_in_the_wild/1095.wav,unknown_public_web,synthetic,in_the_wild,Ronald Reagan,en,unknown_public_web,in_the_wild_tts,wav,,cc-by-sa-4.0,eval,https://huggingface.co/datasets/mueller91/In-The-Wild,7.49,0,,,,,,,,,,,,0.083127,0.064634,0.153949,1143.28,1481.463,0.169454,0.145299,0.087544,0.151497,142.821,55.018,0.385225
/data/mighty-morphing/audio/public/in_the_wild/release_in_the_wild/release_in_the_wild/1097.wav,unknown_public_web,synthetic,in_the_wild,Alec Guinness,en,unknown_public_web,in_the_wild_tts,wav,,cc-by-sa-4.0,eval,https://huggingface.co/datasets/mueller91/In-The-Wild,9.029,0,,,,,,,,,,,,0.078111,0.054517,0.081021,600.836,1245.073,0.085582,0.091043,0.056659,0.086031,109.912,59.47,0.541064
/data/mighty-morphing/audio/public/in_the_wild/release_in_the_wild/release_in_the_wild/1100.wav,unknown_public_web,synthetic,in_the_wild,Barack Obama,en,unknown_public_web,in_the_wild_tts,wav,,cc-by-sa-4.0,eval,https://huggingface.co/datasets/mueller91/In-The-Wild,4.314,0,,,,,,,,,,,,0.070399,0.082168,0.400932,584.924,508.975,0.11697,0.096998,0.009388,0.08268,182.776,46.495,0.254383
/data/mighty-morphing/audio/public/in_the_wild/release_in_the_wild/release_in_the_wild/1105.wav,unknown_public_web,synthetic,in_the_wild,Ayn Rand,en,unknown_public_web,in_the_wild_tts,wav,,cc-by-sa-4.0,eval,https://huggingface.co/datasets/mueller91/In-The-Wild,8.654,0,,,,,,,,,,,,0.088341,0.082617,0.225956,788.889,560.069,0.068539,0.060425,0.002263,0.103793,197.742,104.105,0.526467
/data/mighty-morphing/audio/public/in_the_wild/release_in_the_wild/release_in_the_wild/1106.wav,unknown_public_web,synthetic,in_the_wild,Queen Elizabeth II,en,unknown_public_web,in_the_wild_tts,wav,,cc-by-sa-4.0,eval,https://huggingface.co/datasets/mueller91/In-The-Wild,2.258,0,,,,,,,,,,,,0.157259,0.107842,0.151786,497.493,210.969,0.038665,0.015067,0.000141,0.065215,240.637,62.175,0.258378
/data/mighty-morphing/audio/public/in_the_wild/release_in_the_wild/release_in_the_wild/1110.wav,unknown_public_web,synthetic,in_the_wild,Bernie Sanders,en,unknown_public_web,in_the_wild_tts,wav,,cc-by-sa-4.0,eval,https://huggingface.co/datasets/mueller91/In-The-Wild,4.372,0,,,,,,,,,,,,0.081362,0.078661,0.234483,679.941,1355.386,0.091519,0.115393,0.068921,0.089349,138.992,46.365,0.333581
/data/mighty-morphing/audio/public/in_the_wild/release_in_the_wild/release_in_the_wild/1114.wav,unknown_public_web,synthetic,in_the_wild,Jerry Seinfeld,en,unknown_public_web,in_the_wild_tts,wav,,cc-by-sa-4.0,eval,https://huggingface.co/datasets/mueller91/In-The-Wild,4.189,0,,,,,,,,,,,,0.095309,0.076303,0.146283,883.947,805.802,0.25494,0.100349,0.044547,0.126608,172.878,28.74,0.166244
/data/mighty-morphing/audio/public/in_the_wild/release_in_the_wild/release_in_the_wild/1115.wav,unknown_public_web,synthetic,in_the_wild,Mitch Hedberg,en,unknown_public_web,in_the_wild_tts,wav,,cc-by-sa-4.0,eval,https://huggingface.co/datasets/mueller91/In-The-Wild,4.047,0,,,,,,,,,,,,0.087709,0.061521,0.143921,807.741,908.472,0.114262,0.070176,0.030732,0.112256,195.146,17.84,0.091417
/data/mighty-morphing/audio/public/in_the_wild/release_in_the_wild/release_in_the_wild/1116.wav,unknown_public_web,synthetic,in_the_wild,Bill Clinton,en,unknown_public_web,in_the_wild_tts,wav,,cc-by-sa-4.0,eval,https://huggingface.co/datasets/mueller91/In-The-Wild,2.191,0,,,,,,,,,,,,0.121614,0.107053,0.004608,593.108,666.943,0.116141,0.137764,0.019575,0.090883,176.484,54.047,0.306243
/data/mighty-morphing/audio/public/in_the_wild/release_in_the_wild/release_in_the_wild/1117.wav,unknown_public_web,synthetic,in_the_wild,Ronald Reagan,en,unknown_public_web,in_the_wild_tts,wav,,cc-by-sa-4.0,eval,https://huggingface.co/datasets/mueller91/In-The-Wild,2.525,0,,,,,,,,,,,,0.112989,0.11588,0.2749,441.583,622.748,0.094187,0.135453,0.018033,0.06155,129.661,43.148,0.332779
/data/mighty-morphing/audio/public/in_the_wild/release_in_the_wild/release_in_the_wild/1121.wav,unknown_public_web,synthetic,in_the_wild,Alec Guinness,en,unknown_public_web,in_the_wild_tts,wav,,cc-by-sa-4.0,eval,https://huggingface.co/datasets/mueller91/In-The-Wild,8.832,0,,,,,,,,,,,,0.099458,0.073284,0.054484,502.724,1060.444,0.08837,0.084244,0.044181,0.077068,97.394,25.094,0.257661
/data/mighty-morphing/audio/public/in_the_wild/release_in_the_wild/release_in_the_wild/1122.wav,unknown_public_web,synthetic,in_the_wild,Louis C.K.,en,unknown_public_web,in_the_wild_tts,wav,,cc-by-sa-4.0,eval,https://huggingface.co/datasets/mueller91/In-The-Wild,2.766,0,,,,,,,,,,,,0.098071,0.083376,0.145455,857.782,1355.789,0.117115,0.133476,0.055869,0.117094,167.354,129.586,0.774325
/data/mighty-morphing/audio/public/in_the_wild/release_in_the_wild/release_in_the_wild/1123.wav,unknown_public_web,synthetic,in_the_wild,Alec Guinness,en,unknown_public_web,in_the_wild_tts,wav,,cc-by-sa-4.0,eval,https://huggingface.co/datasets/mueller91/In-The-Wild,1.979,0,,,,,,,,,,,,0.12505,0.08783,0.056122,261.336,126.852,0.074721,0.031484,0.006397,0.049375,83.534,13.596,0.162766
/data/mighty-morphing/audio/public/in_the_wild/release_in_the_wild/release_in_the_wild/1126.wav,unknown_public_web,synthetic,in_the_wild,Frank Sinatra,en,unknown_public_web,in_the_wild_tts,wav,,cc-by-sa-4.0,eval,https://huggingface.co/datasets/mueller91/In-The-Wild,4.242,0,,,,,,,,,,,,0.084036,0.070555,0.123223,679.998,382.214,0.16876,0.072141,0.004075,0.103123,201.751,20.923,0.103705
/data/mighty-morphing/audio/public/in_the_wild/release_in_the_wild/release_in_the_wild/1127.wav,unknown_public_web,synthetic,in_the_wild,Ronald Reagan,en,unknown_public_web,in_the_wild_tts,wav,,cc-by-sa-4.0,eval,https://huggingface.co/datasets/mueller91/In-The-Wild,6.21,0,,,,,,,,,,,,0.082483,0.068677,0.219709,1063.533,1347.038,0.167486,0.136768,0.075108,0.146348,149.29,78.752,0.52751
/data/mighty-morphing/audio/public/in_the_wild/release_in_the_wild/release_in_the_wild/1128.wav,unknown_public_web,synthetic,in_the_wild,Alan Watts,en,unknown_public_web,in_the_wild_tts,wav,,cc-by-sa-4.0,eval,https://huggingface.co/datasets/mueller91/In-The-Wild,6.634,0,,,,,,,,,,,,0.037118,0.04283,0.284418,649.691,837.023,0.060728,0.066676,0.042347,0.089735,146.272,65.697,0.449145
/data/mighty-morphing/audio/public/in_the_wild/release_in_the_wild/release_in_the_wild/1132.wav,unknown_public_web,synthetic,in_the_wild,Alec Guinness,en,unknown_public_web,in_the_wild_tts,wav,,cc-by-sa-4.0,eval,https://huggingface.co/datasets/mueller91/In-The-Wild,4.689,0,,,,,,,,,,,,0.086015,0.063788,0.205567,365.182,132.468,0.059286,0.035169,0.000431,0.054807,112.941,38.511,0.340984
/data/mighty-morphing/audio/public/in_the_wild/release_in_the_wild/release_in_the_wild/1136.wav,unknown_public_web,synthetic,in_the_wild,Alec Guinness,en,unknown_public_web,in_the_wild_tts,wav,,cc-by-sa-4.0,eval,https://huggingface.co/datasets/mueller91/In-The-Wild,5.014,0,,,,,,,,,,,,0.111653,0.079085,0.088176,568.46,1128.657,0.087331,0.09615,0.046898,0.083094,112.883,48.406,0.428819
/data/mighty-morphing/audio/public/in_the_wild/release_in_the_wild/release_in_the_wild/1139.wav,unknown_public_web,synthetic,in_the_wild,JFK,en,unknown_public_web,in_the_wild_tts,wav,,cc-by-sa-4.0,eval,https://huggingface.co/datasets/mueller91/In-The-Wild,13.379,0,,,,,,,,,,,,0.106367,0.100634,0.262725,484.856,281.581,0.042593,0.025565,0.000474,0.068328,178.548,54.548,0.305509
/data/mighty-morphing/audio/public/in_the_wild/release_in_the_wild/release_in_the_wild/1144.wav,unknown_public_web,synthetic,in_the_wild,Ronald Reagan,en,unknown_public_web,in_the_wild_tts,wav,,cc-by-sa-4.0,eval,https://huggingface.co/datasets/mueller91/In-The-Wild,5.302,0,,,,,,,,,,,,0.115514,0.091523,0.126894,334.007,102.779,0.043342,0.051441,0.000389,0.045537,132.337,31.478,0.23786
/data/mighty-morphing/audio/public/in_the_wild/release_in_the_wild/release_in_the_wild/1145.wav,unknown_public_web,synthetic,in_the_wild,Ayn Rand,en,unknown_public_web,in_the_wild_tts,wav,,cc-by-sa-4.0,eval,https://huggingface.co/datasets/mueller91/In-The-Wild,2.044,0,,,,,,,,,,,,0.05664,0.074784,0.386139,1014.756,793.472,0.121466,0.103001,0.019545,0.136104,210.371,111.124,0.528228
/data/mighty-morphing/audio/public/in_the_wild/release_in_the_wild/release_in_the_wild/1148.wav,unknown_public_web,synthetic,in_the_wild,Gilbert Gottfried,en,unknown_public_web,in_the_wild_tts,wav,,cc-by-sa-4.0,eval,https://huggingface.co/datasets/mueller91/In-The-Wild,3.755,0,,,,,,,,,,,,0.084444,0.076662,0.286096,1184.637,1488.497,0.167087,0.15061,0.103183,0.155492,216.16,78.517,0.363235
/data/mighty-morphing/audio/public/in_the_wild/release_in_the_wild/release_in_the_wild/1150.wav,unknown_public_web,synthetic,in_the_wild,Alec Guinness,en,unknown_public_web,in_the_wild_tts,wav,,cc-by-sa-4.0,eval,https://huggingface.co/datasets/mueller91/In-The-Wild,5.87,0,,,,,,,,,,,,0.086665,0.061575,0.097436,311.325,121.544,0.045765,0.03092,0.00012,0.045614,113.66,36.843,0.324153
/data/mighty-morphing/audio/public/in_the_wild/release_in_the_wild/release_in_the_wild/1160.wav,unknown_public_web,synthetic,in_the_wild,Queen Elizabeth II,en,unknown_public_web,in_the_wild_tts,wav,,cc-by-sa-4.0,eval,https://huggingface.co/datasets/mueller91/In-The-Wild,4.449,0,,,,,,,,,,,,0.128173,0.112649,0.173815,524.865,191.512,0.049906,0.051626,0.002708,0.070123,247.158,52.313,0.211657
/data/mighty-morphing/audio/public/in_the_wild/release_in_the_wild/release_in_the_wild/1161.wav,unknown_public_web,synthetic,in_the_wild,Malcolm X,en,unknown_public_web,in_the_wild_tts,wav,,cc-by-sa-4.0,eval,https://huggingface.co/datasets/mueller91/In-The-Wild,13.887,0,,,,,,,,,,,,0.07751,0.078096,0.273973,466.434,442.159,0.06949,0.071312,0.007913,0.062139,166.571,41.187,0.247265
/data/mighty-morphing/audio/public/in_the_wild/release_in_the_wild/release_in_the_wild/1165.wav,unknown_public_web,synthetic,in_the_wild,Ayn Rand,en,unknown_public_web,in_the_wild_tts,wav,,cc-by-sa-4.0,eval,https://huggingface.co/datasets/mueller91/In-The-Wild,4.719,0,,,,,,,,,,,,0.063646,0.066771,0.340426,1171.411,1250.757,0.205523,0.173917,0.082806,0.15695,190.241,96.418,0.506821
/data/mighty-morphing/audio/public/in_the_wild/release_in_the_wild/release_in_the_wild/1169.wav,unknown_public_web,synthetic,in_the_wild,Alec Guinness,en,unknown_public_web,in_the_wild_tts,wav,,cc-by-sa-4.0,eval,https://huggingface.co/datasets/mueller91/In-The-Wild,7.066,0,,,,,,,,,,,,0.076047,0.071921,0.211348,610.07,1033.71,0.080857,0.11335,0.045721,0.084693,104.401,46.024,0.440843
/data/mighty-morphing/audio/public/in_the_wild/release_in_the_wild/release_in_the_wild/1170.wav,unknown_public_web,synthetic,in_the_wild,Alec Guinness,en,unknown_public_web,in_the_wild_tts,wav,,cc-by-sa-4.0,eval,https://huggingface.co/datasets/mueller91/In-The-Wild,11.045,0,,,,,,,,,,,,0.060547,0.060867,0.230281,462.103,585.905,0.05433,0.058109,0.011817,0.064869,122.465,70.114,0.572524
/data/mighty-morphing/audio/public/in_the_wild/release_in_the_wild/release_in_the_wild/1171.wav,unknown_public_web,synthetic,in_the_wild,Malcolm X,en,unknown_public_web,in_the_wild_tts,wav,,cc-by-sa-4.0,eval,https://huggingface.co/datasets/mueller91/In-The-Wild,1.874,0,,,,,,,,,,,,0.088638,0.102604,0.340541,376.26,166.603,0.085543,0.084976,0.002887,0.049812,159.213,22.433,0.140902
/data/mighty-morphing/audio/public/in_the_wild/release_in_the_wild/release_in_the_wild/1177.wav,unknown_public_web,synthetic,in_the_wild,Ayn Rand,en,unknown_public_web,in_the_wild_tts,wav,,cc-by-sa-4.0,eval,https://huggingface.co/datasets/mueller91/In-The-Wild,2.492,0,,,,,,,,,,,,0.088648,0.091933,0.238866,726.107,565.732,0.077006,0.097519,0.01259,0.099796,200.388,109.904,0.548454
/data/mighty-morphing/audio/public/in_the_wild/release_in_the_wild/release_in_the_wild/1181.wav,unknown_public_web,synthetic,in_the_wild,Martin Luther King,en,unknown_public_web,in_the_wild_tts,wav,,cc-by-sa-4.0,eval,https://huggingface.co/datasets/mueller91/In-The-Wild,9.717,0,,,,,,,,,,,,0.101898,0.081266,0.128866,662.783,259.261,0.027258,0.012704,0.000115,0.091634,211.937,28.415,0.134073
/data/mighty-morphing/audio/public/in_the_wild/release_in_the_wild/release_in_the_wild/1182.wav,unknown_public_web,synthetic,in_the_wild,Ayn Rand,en,unknown_public_web,in_the_wild_tts,wav,,cc-by-sa-4.0,eval,https://huggingface.co/datasets/mueller91/In-The-Wild,0.791,0,,,,,,,,,,,,0.04011,0.078855,0.714286,1290.293,498.223,0.268254,0.134213,0.026775,0.179148,245.653,143.969,0.586069
/data/mighty-morphing/audio/public/in_the_wild/release_in_the_wild/release_in_the_wild/1183.wav,unknown_public_web,synthetic,in_the_wild,Martin Luther King,en,unknown_public_web,in_the_wild_tts,wav,,cc-by-sa-4.0,eval,https://huggingface.co/datasets/mueller91/In-The-Wild,5.268,0,,,,,,,,,,,,0.111021,0.081639,0.184762,590.935,335.951,0.089452,0.042661,0.003858,0.085654,176.76,31.429,0.177807
/data/mighty-morphing/audio/public/in_the_wild/release_in_the_wild/release_in_the_wild/1184.wav,unknown_public_web,synthetic,in_the_wild,Dwight Eisenhower,en,unknown_public_web,in_the_wild_tts,wav,,cc-by-sa-4.0,eval,https://huggingface.co/datasets/mueller91/In-The-Wild,1.865,0,,,,,,,,,,,,0.148014,0.136961,0.308108,529.299,146.483,0.019156,0.009975,1.6e-05,0.069862,179.998,68.051,0.378065
/data/mighty-morphing/audio/public/in_the_wild/release_in_the_wild/release_in_the_wild/1186.wav,unknown_public_web,synthetic,in_the_wild,Barack Obama,en,unknown_public_web,in_the_wild_tts,wav,,cc-by-sa-4.0,eval,https://huggingface.co/datasets/mueller91/In-The-Wild,2.807,0,,,,,,,,,,,,0.143075,0.128739,0.175627,726.072,706.803,0.125605,0.128362,0.026753,0.099268,198.356,37.196,0.187521
/data/mighty-morphing/audio/public/in_the_wild/release_in_the_wild/release_in_the_wild/1191.wav,unknown_public_web,synthetic,in_the_wild,Orson Welles,en,unknown_public_web,in_the_wild_tts,wav,,cc-by-sa-4.0,eval,https://huggingface.co/datasets/mueller91/In-The-Wild,13.072,0,,,,,,,,,,,,0.068124,0.056829,0.153257,778.841,1339.085,0.121071,0.102447,0.078178,0.115197,134.811,94.303,0.699523
/data/mighty-morphing/audio/public/in_the_wild/release_in_the_wild/release_in_the_wild/1195.wav,unknown_public_web,synthetic,in_the_wild,Christopher Hitchens,en,unknown_public_web,in_the_wild_tts,wav,,cc-by-sa-4.0,eval,https://huggingface.co/datasets/mueller91/In-The-Wild,2.87,0,,,,,,,,,,,,0.107078,0.099669,0.221053,730.583,1460.529,0.078922,0.134186,0.073055,0.093341,145.464,53.611,0.368548
/data/mighty-morphing/audio/public/in_the_wild/release_in_the_wild/release_in_the_wild/1197.wav,unknown_public_web,synthetic,in_the_wild,Kanye West,en,unknown_public_web,in_the_wild_tts,wav,,cc-by-sa-4.0,eval,https://huggingface.co/datasets/mueller91/In-The-Wild,2.304,0,,,,,,,,,,,,0.159577,0.1145,0.070175,966.007,1365.774,0.231578,0.094624,0.081486,0.134001,207.163,30.742,0.148395
/data/mighty-morphing/audio/public/in_the_wild/release_in_the_wild/release_in_the_wild/1198.wav,unknown_public_web,synthetic,in_the_wild,Bernie Sanders,en,unknown_public_web,in_the_wild_tts,wav,,cc-by-sa-4.0,eval,https://huggingface.co/datasets/mueller91/In-The-Wild,2.096,0,,,,,,,,,,,,0.063942,0.066191,0.3125,655.929,1335.8,0.100039,0.125633,0.067227,0.091042,128.092,66.642,0.520263
/data/mighty-morphing/audio/public/in_the_wild/release_in_the_wild/release_in_the_wild/1201.wav,unknown_public_web,synthetic,in_the_wild,Milton Friedman,en,unknown_public_web,in_the_wild_tts,wav,,cc-by-sa-4.0,eval,https://huggingface.co/datasets/mueller91/In-The-Wild,1.679,0,,,,,,,,,,,,0.106763,0.112959,0.391566,524.532,400.697,0.045041,0.064206,0.005392,0.077323,194.66,34.72,0.178363
/data/mighty-morphing/audio/public/in_the_wild/release_in_the_wild/release_in_the_wild/1202.wav,unknown_public_web,synthetic,in_the_wild,Milton Friedman,en,unknown_public_web,in_the_wild_tts,wav,,cc-by-sa-4.0,eval,https://huggingface.co/datasets/mueller91/In-The-Wild,2.906,0,,,,,,,,,,,,0.11432,0.100746,0.259516,379.659,142.162,0.018349,0.019609,0.000213,0.053738,189.9,21.834,0.114974
/data/mighty-morphing/audio/public/in_the_wild/release_in_the_wild/release_in_the_wild/1203.wav,unknown_public_web,synthetic,in_the_wild,Alec Guinness,en,unknown_public_web,in_the_wild_tts,wav,,cc-by-sa-4.0,eval,https://huggingface.co/datasets/mueller91/In-The-Wild,5.522,0,,,,,,,,,,,,0.084623,0.062882,0.067273,627.366,1355.121,0.08338,0.091201,0.069413,0.088239,109.113,60.211,0.55182
/data/mighty-morphing/audio/public/in_the_wild/release_in_the_wild/release_in_the_wild/1205.wav,unknown_public_web,synthetic,in_the_wild,Winston Churchill,en,unknown_public_web,in_the_wild_tts,wav,,cc-by-sa-4.0,eval,https://huggingface.co/datasets/mueller91/In-The-Wild,1.645,0,,,,,,,,,,,,0.089365,0.110576,0.361963,317.976,98.311,0.029565,0.019889,1.6e-05,0.045775,146.424,57.686,0.393966
/data/mighty-morphing/audio/public/in_the_wild/release_in_the_wild/release_in_the_wild/1207.wav,unknown_public_web,synthetic,in_the_wild,Barack Obama,en,unknown_public_web,in_the_wild_tts,wav,,cc-by-sa-4.0,eval,https://huggingface.co/datasets/mueller91/In-The-Wild,2.142,0,,,,,,,,,,,,0.103008,0.102381,0.259434,511.55,196.544,0.068831,0.03316,0.000323,0.065853,173.936,25.521,0.146726
/data/mighty-morphing/audio/public/in_the_wild/release_in_the_wild/release_in_the_wild/1208.wav,unknown_public_web,synthetic,in_the_wild,Robert Kardashian,en,unknown_public_web,in_the_wild_tts,wav,,cc-by-sa-4.0,eval,https://huggingface.co/datasets/mueller91/In-The-Wild,0.977,0,,,,,,,,,,,,0.201421,0.085645,0.0,406.253,207.023,0.136268,0.06782,0.004121,0.069448,139.929,29.642,0.211835
/data/mighty-morphing/audio/public/in_the_wild/release_in_the_wild/release_in_the_wild/1212.wav,unknown_public_web,synthetic,in_the_wild,Barack Obama,en,unknown_public_web,in_the_wild_tts,wav,,cc-by-sa-4.0,eval,https://huggingface.co/datasets/mueller91/In-The-Wild,1.168,0,,,,,,,,,,,,0.080453,0.089043,0.373913,532.46,223.173,0.05364,0.027067,0.000414,0.067669,179.369,35.726,0.199175
/data/mighty-morphing/audio/public/in_the_wild/release_in_the_wild/release_in_the_wild/1214.wav,unknown_public_web,synthetic,in_the_wild,Milton Friedman,en,unknown_public_web,in_the_wild_tts,wav,,cc-by-sa-4.0,eval,https://huggingface.co/datasets/mueller91/In-The-Wild,1.898,0,,,,,,,,,,,,0.139987,0.120941,0.308511,426.458,148.335,0.024282,0.035142,0.000868,0.057952,196.764,34.585,0.175768
/data/mighty-morphing/audio/public/in_the_wild/release_in_the_wild/release_in_the_wild/1217.wav,unknown_public_web,synthetic,in_the_wild,Martin Luther King,en,unknown_public_web,in_the_wild_tts,wav,,cc-by-sa-4.0,eval,https://huggingface.co/datasets/mueller91/In-The-Wild,2.163,0,,,,,,,,,,,,0.092819,0.10481,0.271028,440.546,398.548,0.034382,0.02758,0.006859,0.060457,189.202,81.572,0.431135
/data/mighty-morphing/audio/public/in_the_wild/release_in_the_wild/release_in_the_wild/1222.wav,unknown_public_web,synthetic,in_the_wild,Queen Elizabeth II,en,unknown_public_web,in_the_wild_tts,wav,,cc-by-sa-4.0,eval,https://huggingface.co/datasets/mueller91/In-The-Wild,1.124,0,,,,,,,,,,,,0.13202,0.140748,0.272727,505.611,195.066,0.054779,0.046555,0.002569,0.069328,258.217,74.819,0.289752
/data/mighty-morphing/audio/public/in_the_wild/release_in_the_wild/release_in_the_wild/1223.wav,unknown_public_web,synthetic,in_the_wild,Ronald Reagan,en,unknown_public_web,in_the_wild_tts,wav,,cc-by-sa-4.0,eval,https://huggingface.co/datasets/mueller91/In-The-Wild,4.386,0,,,,,,,,,,,,0.098289,0.094728,0.228833,506.723,764.121,0.075657,0.130877,0.026148,0.06924,139.988,70.936,0.506729
/data/mighty-morphing/audio/public/in_the_wild/release_in_the_wild/release_in_the_wild/1224.wav,unknown_public_web,synthetic,in_the_wild,Winston Churchill,en,unknown_public_web,in_the_wild_tts,wav,,cc-by-sa-4.0,eval,https://huggingface.co/datasets/mueller91/In-The-Wild,2.212,0,,,,,,,,,,,,0.076177,0.088763,0.251142,609.092,472.587,0.055967,0.032068,0.003858,0.095556,174.103,114.029,0.654952
/data/mighty-morphing/audio/public/in_the_wild/release_in_the_wild/release_in_the_wild/1225.wav,unknown_public_web,synthetic,in_the_wild,Norm MacDonald,en,unknown_public_web,in_the_wild_tts,wav,,cc-by-sa-4.0,eval,https://huggingface.co/datasets/mueller91/In-The-Wild,4.423,0,,,,,,,,,,,,0.077468,0.07819,0.234091,946.701,1607.355,0.176355,0.145633,0.093256,0.125068,137.032,52.741,0.384885
/data/mighty-morphing/audio/public/in_the_wild/release_in_the_wild/release_in_the_wild/1226.wav,unknown_public_web,synthetic,in_the_wild,Alec Guinness,en,unknown_public_web,in_the_wild_tts,wav,,cc-by-sa-4.0,eval,https://huggingface.co/datasets/mueller91/In-The-Wild,4.755,0,,,,,,,,,,,,0.09079,0.072665,0.164557,406.64,351.423,0.095274,0.090106,0.010317,0.060468,121.636,41.268,0.339273
/data/mighty-morphing/audio/public/in_the_wild/release_in_the_wild/release_in_the_wild/1227.wav,unknown_public_web,synthetic,in_the_wild,Queen Elizabeth II,en,unknown_public_web,in_the_wild_tts,wav,,cc-by-sa-4.0,eval,https://huggingface.co/datasets/mueller91/In-The-Wild,4.029,0,,,,,,,,,,,,0.086552,0.082683,0.199501,433.685,156.643,0.036442,0.030667,0.000315,0.057953,245.228,44.764,0.182541
/data/mighty-morphing/audio/public/in_the_wild/release_in_the_wild/release_in_the_wild/1228.wav,unknown_public_web,synthetic,in_the_wild,Alec Guinness,en,unknown_public_web,in_the_wild_tts,wav,,cc-by-sa-4.0,eval,https://huggingface.co/datasets/mueller91/In-The-Wild,11.388,0,,,,,,,,,,,,0.068064,0.051698,0.096746,595.829,1213.404,0.099472,0.088019,0.054334,0.090449,106.386,54.527,0.512544
/data/mighty-morphing/audio/public/in_the_wild/release_in_the_wild/release_in_the_wild/1229.wav,unknown_public_web,synthetic,in_the_wild,Alec Guinness,en,unknown_public_web,in_the_wild_tts,wav,,cc-by-sa-4.0,eval,https://huggingface.co/datasets/mueller91/In-The-Wild,6.135,0,,,,,,,,,,,,0.07678,0.059287,0.145425,359.026,436.736,0.070103,0.062127,0.009503,0.050969,127.789,42.726,0.334348
/data/mighty-morphing/audio/public/in_the_wild/release_in_the_wild/release_in_the_wild/1231.wav,unknown_public_web,synthetic,in_the_wild,Louis C.K.,en,unknown_public_web,in_the_wild_tts,wav,,cc-by-sa-4.0,eval,https://huggingface.co/datasets/mueller91/In-The-Wild,10.733,0,,,,,,,,,,,,0.064812,0.081776,0.265173,912.381,1251.303,0.097914,0.091448,0.069671,0.126678,194.18,56.378,0.290338
/data/mighty-morphing/audio/public/in_the_wild/release_in_the_wild/release_in_the_wild/1234.wav,unknown_public_web,synthetic,in_the_wild,Alec Guinness,en,unknown_public_web,in_the_wild_tts,wav,,cc-by-sa-4.0,eval,https://huggingface.co/datasets/mueller91/In-The-Wild,1.165,0,,,,,,,,,,,,0.10312,0.103502,0.0,617.457,796.334,0.10361,0.062873,0.071409,0.117327,101.257,83.423,0.823873
/data/mighty-morphing/audio/public/in_the_wild/release_in_the_wild/release_in_the_wild/1237.wav,unknown_public_web,synthetic,in_the_wild,George W. Bush,en,unknown_public_web,in_the_wild_tts,wav,,cc-by-sa-4.0,eval,https://huggingface.co/datasets/mueller91/In-The-Wild,5.709,0,,,,,,,,,,,,0.092918,0.090232,0.02109,640.377,573.326,0.176576,0.145477,0.023863,0.095807,166.249,58.798,0.353677
/data/mighty-morphing/audio/public/in_the_wild/release_in_the_wild/release_in_the_wild/1239.wav,unknown_public_web,synthetic,in_the_wild,Ronald Reagan,en,unknown_public_web,in_the_wild_tts,wav,,cc-by-sa-4.0,eval,https://huggingface.co/datasets/mueller91/In-The-Wild,3.458,0,,,,,,,,,,,,0.106816,0.084163,0.165698,1128.713,1510.121,0.159593,0.157653,0.094347,0.148701,163.594,78.461,0.479611
/data/mighty-morphing/audio/public/in_the_wild/release_in_the_wild/release_in_the_wild/1240.wav,unknown_public_web,synthetic,in_the_wild,Ayn Rand,en,unknown_public_web,in_the_wild_tts,wav,,cc-by-sa-4.0,eval,https://huggingface.co/datasets/mueller91/In-The-Wild,6.36,0,,,,,,,,,,,,0.057801,0.064845,0.365931,745.39,426.954,0.071886,0.061621,0.005957,0.103633,200.219,110.621,0.552501
/data/mighty-morphing/audio/public/in_the_wild/release_in_the_wild/release_in_the_wild/1242.wav,unknown_public_web,synthetic,in_the_wild,Ayn Rand,en,unknown_public_web,in_the_wild_tts,wav,,cc-by-sa-4.0,eval,https://huggingface.co/datasets/mueller91/In-The-Wild,5.361,0,,,,,,,,,,,,0.076248,0.084122,0.335206,733.734,399.175,0.091844,0.103978,0.008412,0.099752,181.677,84.977,0.467738
/data/mighty-morphing/audio/public/in_the_wild/release_in_the_wild/release_in_the_wild/1244.wav,unknown_public_web,synthetic,in_the_wild,Donald Trump,en,unknown_public_web,in_the_wild_tts,wav,,cc-by-sa-4.0,eval,https://huggingface.co/datasets/mueller91/In-The-Wild,6.913,0,,,,,,,,,,,,0.061685,0.064231,0.174165,716.012,741.231,0.077479,0.108083,0.021066,0.097039,168.305,59.146,0.351419
/data/mighty-morphing/audio/public/in_the_wild/release_in_the_wild/release_in_the_wild/1246.wav,unknown_public_web,synthetic,in_the_wild,Alec Guinness,en,unknown_public_web,in_the_wild_tts,wav,,cc-by-sa-4.0,eval,https://huggingface.co/datasets/mueller91/In-The-Wild,6.556,0,,,,,,,,,,,,0.064366,0.058758,0.120795,734.004,1420.18,0.108384,0.10774,0.077505,0.109149,102.469,68.696,0.670412
/data/mighty-morphing/audio/public/in_the_wild/release_in_the_wild/release_in_the_wild/1249.wav,unknown_public_web,synthetic,in_the_wild,Alan Watts,en,unknown_public_web,in_the_wild_tts,wav,,cc-by-sa-4.0,eval,https://huggingface.co/datasets/mueller91/In-The-Wild,2.616,0,,,,,,,,,,,,0.061983,0.083321,0.3,816.575,1056.396,0.095337,0.113141,0.061778,0.11161,162.651,91.121,0.560223
/data/mighty-morphing/audio/public/in_the_wild/release_in_the_wild/release_in_the_wild/1251.wav,unknown_public_web,synthetic,in_the_wild,Bill Clinton,en,unknown_public_web,in_the_wild_tts,wav,,cc-by-sa-4.0,eval,https://huggingface.co/datasets/mueller91/In-The-Wild,13.422,0,,,,,,,,,,,,0.104378,0.075706,0.115672,761.445,995.475,0.102109,0.111023,0.043944,0.103088,179.289,43.297,0.241491
/data/mighty-morphing/audio/public/in_the_wild/release_in_the_wild/release_in_the_wild/1252.wav,unknown_public_web,synthetic,in_the_wild,The Notorious B.I.G.,en,unknown_public_web,in_the_wild_tts,wav,,cc-by-sa-4.0,eval,https://huggingface.co/datasets/mueller91/In-The-Wild,1.108,0,,,,,,,,,,,,0.097306,0.096577,0.238532,448.005,151.065,0.173568,0.086793,0.003691,0.068799,218.457,28.586,0.130852
/data/mighty-morphing/audio/public/in_the_wild/release_in_the_wild/release_in_the_wild/1253.wav,unknown_public_web,synthetic,in_the_wild,Barack Obama,en,unknown_public_web,in_the_wild_tts,wav,,cc-by-sa-4.0,eval,https://huggingface.co/datasets/mueller91/In-The-Wild,6.327,0,,,,,,,,,,,,0.083978,0.072808,0.193344,547.315,461.289,0.135117,0.094941,0.010016,0.080567,183.295,27.164,0.148196
/data/mighty-morphing/audio/public/in_the_wild/release_in_the_wild/release_in_the_wild/1254.wav,unknown_public_web,synthetic,in_the_wild,Ayn Rand,en,unknown_public_web,in_the_wild_tts,wav,,cc-by-sa-4.0,eval,https://huggingface.co/datasets/mueller91/In-The-Wild,4.104,0,,,,,,,,,,,,0.073656,0.070002,0.240196,783.281,595.854,0.066224,0.053978,0.001827,0.107883,207.4,116.429,0.561373
/data/mighty-morphing/audio/public/in_the_wild/release_in_the_wild/release_in_the_wild/1258.wav,unknown_public_web,synthetic,in_the_wild,JFK,en,unknown_public_web,in_the_wild_tts,wav,,cc-by-sa-4.0,eval,https://huggingface.co/datasets/mueller91/In-The-Wild,3.12,0,,,,,,,,,,,,0.149053,0.12102,0.170968,382.925,117.591,0.025414,0.016271,3.8e-05,0.050998,180.79,35.464,0.19616
/data/mighty-morphing/audio/public/in_the_wild/release_in_the_wild/release_in_the_wild/1263.wav,unknown_public_web,synthetic,in_the_wild,Alec Guinness,en,unknown_public_web,in_the_wild_tts,wav,,cc-by-sa-4.0,eval,https://huggingface.co/datasets/mueller91/In-The-Wild,6.944,0,,,,,,,,,,,,0.077593,0.063847,0.196532,315.928,120.262,0.067129,0.053086,0.000788,0.046767,131.629,55.322,0.420289
/data/mighty-morphing/audio/public/in_the_wild/release_in_the_wild/release_in_the_wild/1264.wav,unknown_public_web,synthetic,in_the_wild,Nelson Mandela,en,unknown_public_web,in_the_wild_tts,wav,,cc-by-sa-4.0,eval,https://huggingface.co/datasets/mueller91/In-The-Wild,1.812,0,,,,,,,,,,,,0.090843,0.106589,0.335196,730.047,594.585,0.26349,0.160568,0.03179,0.105911,196.213,81.274,0.414211
/data/mighty-morphing/audio/public/in_the_wild/release_in_the_wild/release_in_the_wild/1266.wav,unknown_public_web,synthetic,in_the_wild,Barack Obama,en,unknown_public_web,in_the_wild_tts,wav,,cc-by-sa-4.0,eval,https://huggingface.co/datasets/mueller91/In-The-Wild,2.687,0,,,,,,,,,,,,0.102201,0.090696,0.235955,549.928,244.186,0.095089,0.078236,0.002899,0.079244,175.056,27.36,0.156294
/data/mighty-morphing/audio/public/in_the_wild/release_in_the_wild/release_in_the_wild/1270.wav,unknown_public_web,synthetic,in_the_wild,Frank Sinatra,en,unknown_public_web,in_the_wild_tts,wav,,cc-by-sa-4.0,eval,https://huggingface.co/datasets/mueller91/In-The-Wild,9.699,0,,,,,,,,,,,,0.06581,0.059987,0.13843,943.417,1253.766,0.185988,0.106331,0.061651,0.134589,186.985,19.215,0.102761
/data/mighty-morphing/audio/public/in_the_wild/release_in_the_wild/release_in_the_wild/1273.wav,unknown_public_web,synthetic,in_the_wild,Bill Burr,en,unknown_public_web,in_the_wild_tts,wav,,cc-by-sa-4.0,eval,https://huggingface.co/datasets/mueller91/In-The-Wild,18.808,0,,,,,,,,,,,,0.064613,0.075801,0.328366,1470.385,1656.264,0.187313,0.132122,0.146334,0.191008,250.804,65.14,0.259726
/data/mighty-morphing/audio/public/in_the_wild/release_in_the_wild/release_in_the_wild/1274.wav,unknown_public_web,synthetic,in_the_wild,Mark Zuckerberg,en,unknown_public_web,in_the_wild_tts,wav,,cc-by-sa-4.0,eval,https://huggingface.co/datasets/mueller91/In-The-Wild,6.304,0,,,,,,,,,,,,0.121313,0.085114,0.090764,561.689,665.233,0.087212,0.107665,0.017972,0.073843,167.982,52.767,0.314125
/data/mighty-morphing/audio/public/in_the_wild/release_in_the_wild/release_in_the_wild/1279.wav,unknown_public_web,synthetic,in_the_wild,Mark Zuckerberg,en,unknown_public_web,in_the_wild_tts,wav,,cc-by-sa-4.0,eval,https://huggingface.co/datasets/mueller91/In-The-Wild,2.322,0,,,,,,,,,,,,0.058871,0.069832,0.369565,852.154,1180.913,0.084255,0.137224,0.051457,0.108039,173.613,40.002,0.23041
/data/mighty-morphing/audio/public/in_the_wild/release_in_the_wild/release_in_the_wild/1281.wav,unknown_public_web,synthetic,in_the_wild,Nelson Mandela,en,unknown_public_web,in_the_wild_tts,wav,,cc-by-sa-4.0,eval,https://huggingface.co/datasets/mueller91/In-The-Wild,5.33,0,,,,,,,,,,,,0.083519,0.105326,0.361582,696.183,479.696,0.209735,0.137697,0.017712,0.100846,192.916,66.016,0.342201
/data/mighty-morphing/audio/public/in_the_wild/release_in_the_wild/release_in_the_wild/1282.wav,unknown_public_web,synthetic,in_the_wild,Ronald Reagan,en,unknown_public_web,in_the_wild_tts,wav,,cc-by-sa-4.0,eval,https://huggingface.co/datasets/mueller91/In-The-Wild,2.463,0,,,,,,,,,,,,0.113077,0.123392,0.295082,717.005,992.63,0.0803,0.152702,0.036502,0.095603,185.139,111.094,0.600061
/data/mighty-morphing/audio/public/in_the_wild/release_in_the_wild/release_in_the_wild/1283.wav,unknown_public_web,synthetic,in_the_wild,Alan Watts,en,unknown_public_web,in_the_wild_tts,wav,,cc-by-sa-4.0,eval,https://huggingface.co/datasets/mueller91/In-The-Wild,0.984,0,,,,,,,,,,,,0.038677,0.082249,0.53125,621.211,538.707,0.14521,0.109418,0.025521,0.101665,144.477,65.865,0.455889
/data/mighty-morphing/audio/public/in_the_wild/release_in_the_wild/release_in_the_wild/1286.wav,unknown_public_web,synthetic,in_the_wild,Ayn Rand,en,unknown_public_web,in_the_wild_tts,wav,,cc-by-sa-4.0,eval,https://huggingface.co/datasets/mueller91/In-The-Wild,3.205,0,,,,,,,,,,,,0.078698,0.078042,0.326019,867.018,590.298,0.062056,0.044165,0.002038,0.113048,210.152,96.668,0.459991
/data/mighty-morphing/audio/public/in_the_wild/release_in_the_wild/release_in_the_wild/1290.wav,unknown_public_web,synthetic,in_the_wild,Barack Obama,en,unknown_public_web,in_the_wild_tts,wav,,cc-by-sa-4.0,eval,https://huggingface.co/datasets/mueller91/In-The-Wild,2.622,0,,,,,,,,,,,,0.089191,0.099499,0.334615,1266.861,1517.229,0.163251,0.150997,0.139654,0.160683,181.454,47.655,0.26263
/data/mighty-morphing/audio/public/in_the_wild/release_in_the_wild/release_in_the_wild/1293.wav,unknown_public_web,synthetic,in_the_wild,Dwight Eisenhower,en,unknown_public_web,in_the_wild_tts,wav,,cc-by-sa-4.0,eval,https://huggingface.co/datasets/mueller91/In-The-Wild,1.721,0,,,,,,,,,,,,0.084762,0.10628,0.370588,520.222,272.978,0.038416,0.0257,0.000686,0.072955,200.51,65.989,0.329106
/data/mighty-morphing/audio/public/in_the_wild/release_in_the_wild/release_in_the_wild/1297.wav,unknown_public_web,synthetic,in_the_wild,Alec Guinness,en,unknown_public_web,in_the_wild_tts,wav,,cc-by-sa-4.0,eval,https://huggingface.co/datasets/mueller91/In-The-Wild,4.147,0,,,,,,,,,,,,0.073534,0.058353,0.157385,325.389,146.439,0.059325,0.043076,0.001152,0.050453,107.435,32.542,0.302894
/data/mighty-morphing/audio/public/in_the_wild/release_in_the_wild/release_in_the_wild/1300.wav,unknown_public_web,synthetic,in_the_wild,Mr. Rogers,en,unknown_public_web,in_the_wild_tts,wav,,cc-by-sa-4.0,eval,https://huggingface.co/datasets/mueller91/In-The-Wild,2.369,0,,,,,,,,,,,,0.1036,0.077354,0.208511,400.003,231.293,0.033631,0.021755,0.000103,0.051583,126.345,28.103,0.222434
/data/mighty-morphing/audio/public/in_the_wild/release_in_the_wild/release_in_the_wild/1302.wav,unknown_public_web,synthetic,in_the_wild,Nelson Mandela,en,unknown_public_web,in_the_wild_tts,wav,,cc-by-sa-4.0,eval,https://huggingface.co/datasets/mueller91/In-The-Wild,1.862,0,,,,,,,,,,,,0.10204,0.127874,0.326087,581.125,273.536,0.212633,0.105573,0.013046,0.086308,223.0,39.313,0.176293
/data/mighty-morphing/audio/public/in_the_wild/release_in_the_wild/release_in_the_wild/1307.wav,unknown_public_web,synthetic,in_the_wild,Bob Ross,en,unknown_public_web,in_the_wild_tts,wav,,cc-by-sa-4.0,eval,https://huggingface.co/datasets/mueller91/In-The-Wild,3.718,0,,,,,,,,,,,,0.058878,0.052788,0.216216,769.894,1501.721,0.067925,0.085677,0.090705,0.109962,144.839,116.47,0.804135
/data/mighty-morphing/audio/public/in_the_wild/release_in_the_wild/release_in_the_wild/1308.wav,unknown_public_web,synthetic,in_the_wild,Bill Clinton,en,unknown_public_web,in_the_wild_tts,wav,,cc-by-sa-4.0,eval,https://huggingface.co/datasets/mueller91/In-The-Wild,8.141,0,,,,,,,,,,,,0.143593,0.084337,0.036946,809.507,1121.079,0.11767,0.120936,0.055317,0.107855,168.432,48.035,0.285188
/data/mighty-morphing/audio/public/in_the_wild/release_in_the_wild/release_in_the_wild/1309.wav,unknown_public_web,synthetic,in_the_wild,Mitch Hedberg,en,unknown_public_web,in_the_wild_tts,wav,,cc-by-sa-4.0,eval,https://huggingface.co/datasets/mueller91/In-The-Wild,3.347,0,,,,,,,,,,,,0.132764,0.085211,0.138138,827.566,1020.193,0.104188,0.059245,0.036216,0.112991,216.171,12.743,0.058951
/data/mighty-morphing/audio/public/in_the_wild/release_in_the_wild/release_in_the_wild/1315.wav,unknown_public_web,synthetic,in_the_wild,Alec Guinness,en,unknown_public_web,in_the_wild_tts,wav,,cc-by-sa-4.0,eval,https://huggingface.co/datasets/mueller91/In-The-Wild,9.987,0,,,,,,,,,,,,0.082035,0.087636,0.200602,592.785,1049.339,0.092357,0.122486,0.04781,0.082243,129.464,41.941,0.323957
/data/mighty-morphing/audio/public/in_the_wild/release_in_the_wild/release_in_the_wild/1316.wav,unknown_public_web,synthetic,in_the_wild,Queen Elizabeth II,en,unknown_public_web,in_the_wild_tts,wav,,cc-by-sa-4.0,eval,https://huggingface.co/datasets/mueller91/In-The-Wild,1.596,0,,,,,,,,,,,,0.125114,0.129547,0.158228,939.397,1296.657,0.103981,0.121661,0.076452,0.126287,225.12,66.433,0.295101
/data/mighty-morphing/audio/public/in_the_wild/release_in_the_wild/release_in_the_wild/1321.wav,unknown_public_web,synthetic,in_the_wild,Christopher Hitchens,en,unknown_public_web,in_the_wild_tts,wav,,cc-by-sa-4.0,eval,https://huggingface.co/datasets/mueller91/In-The-Wild,2.804,0,,,,,,,,,,,,0.075743,0.087158,0.31295,931.865,1695.432,0.117873,0.172765,0.103761,0.119553,136.272,45.797,0.336072
/data/mighty-morphing/audio/public/in_the_wild/release_in_the_wild/release_in_the_wild/1332.wav,unknown_public_web,synthetic,in_the_wild,Bill Clinton,en,unknown_public_web,in_the_wild_tts,wav,,cc-by-sa-4.0,eval,https://huggingface.co/datasets/mueller91/In-The-Wild,2.988,0,,,,,,,,,,,,0.124408,0.091646,0.10101,821.751,1188.669,0.114319,0.164426,0.068456,0.106938,185.287,52.554,0.283637
/data/mighty-morphing/audio/public/in_the_wild/release_in_the_wild/release_in_the_wild/1335.wav,unknown_public_web,synthetic,in_the_wild,Alec Guinness,en,unknown_public_web,in_the_wild_tts,wav,,cc-by-sa-4.0,eval,https://huggingface.co/datasets/mueller91/In-The-Wild,14.913,0,,,,,,,,,,,,0.068066,0.049602,0.111484,646.358,1220.403,0.100602,0.098104,0.055356,0.09165,109.878,65.302,0.594316
/data/mighty-morphing/audio/public/in_the_wild/release_in_the_wild/release_in_the_wild/1336.wav,unknown_public_web,synthetic,in_the_wild,Queen Elizabeth II,en,unknown_public_web,in_the_wild_tts,wav,,cc-by-sa-4.0,eval,https://huggingface.co/datasets/mueller91/In-The-Wild,1.179,0,,,,,,,,,,,,0.07793,0.095736,0.155172,1647.4,1878.791,0.159483,0.15304,0.209252,0.217243,229.525,78.194,0.340677
/data/mighty-morphing/audio/public/in_the_wild/release_in_the_wild/release_in_the_wild/1338.wav,unknown_public_web,synthetic,in_the_wild,Alan Watts,en,unknown_public_web,in_the_wild_tts,wav,,cc-by-sa-4.0,eval,https://huggingface.co/datasets/mueller91/In-The-Wild,2.229,0,,,,,,,,,,,,0.102743,0.090709,0.20362,380.982,161.887,0.041222,0.033071,0.001038,0.057451,149.614,82.947,0.554408
/data/mighty-morphing/audio/public/in_the_wild/release_in_the_wild/release_in_the_wild/1339.wav,unknown_public_web,synthetic,in_the_wild,Tucker Carlson,en,unknown_public_web,in_the_wild_tts,wav,,cc-by-sa-4.0,eval,https://huggingface.co/datasets/mueller91/In-The-Wild,19.64,0,,,,,,,,,,,,0.073378,0.053944,0.152396,622.665,821.066,0.070991,0.087467,0.027878,0.088232,156.449,80.052,0.511684
/data/mighty-morphing/audio/public/in_the_wild/release_in_the_wild/release_in_the_wild/1343.wav,unknown_public_web,synthetic,in_the_wild,Alec Guinness,en,unknown_public_web,in_the_wild_tts,wav,,cc-by-sa-4.0,eval,https://huggingface.co/datasets/mueller91/In-The-Wild,6.859,0,,,,,,,,,,,,0.083853,0.062535,0.087719,525.668,934.943,0.112692,0.081132,0.034311,0.083452,100.107,19.285,0.192647
/data/mighty-morphing/audio/public/in_the_wild/release_in_the_wild/release_in_the_wild/1344.wav,unknown_public_web,synthetic,in_the_wild,Barack Obama,en,unknown_public_web,in_the_wild_tts,wav,,cc-by-sa-4.0,eval,https://huggingface.co/datasets/mueller91/In-The-Wild,4.555,0,,,,,,,,,,,,0.087881,0.086911,0.204846,624.865,866.84,0.111013,0.106644,0.030953,0.084431,169.828,33.638,0.19807
/data/mighty-morphing/audio/public/in_the_wild/release_in_the_wild/release_in_the_wild/1348.wav,unknown_public_web,synthetic,in_the_wild,Orson Welles,en,unknown_public_web,in_the_wild_tts,wav,,cc-by-sa-4.0,eval,https://huggingface.co/datasets/mueller91/In-The-Wild,9.53,0,,,,,,,,,,,,0.059257,0.046363,0.155626,485.354,818.303,0.085449,0.07516,0.028296,0.079389,104.261,63.105,0.605264
/data/mighty-morphing/audio/public/in_the_wild/release_in_the_wild/release_in_the_wild/1350.wav,unknown_public_web,synthetic,in_the_wild,Alec Guinness,en,unknown_public_web,in_the_wild_tts,wav,,cc-by-sa-4.0,eval,https://huggingface.co/datasets/mueller91/In-The-Wild,3.861,0,,,,,,,,,,,,0.081106,0.07216,0.205729,383.523,170.105,0.078655,0.057696,0.000703,0.056315,116.567,35.559,0.305054
/data/mighty-morphing/audio/public/in_the_wild/release_in_the_wild/release_in_the_wild/1351.wav,unknown_public_web,synthetic,in_the_wild,Mark Zuckerberg,en,unknown_public_web,in_the_wild_tts,wav,,cc-by-sa-4.0,eval,https://huggingface.co/datasets/mueller91/In-The-Wild,3.681,0,,,,,,,,,,,,0.100653,0.098293,0.270492,544.59,202.508,0.049433,0.041567,0.000313,0.067016,216.632,40.699,0.187873
/data/mighty-morphing/audio/public/in_the_wild/release_in_the_wild/release_in_the_wild/1353.wav,unknown_public_web,synthetic,in_the_wild,Christopher Hitchens,en,unknown_public_web,in_the_wild_tts,wav,,cc-by-sa-4.0,eval,https://huggingface.co/datasets/mueller91/In-The-Wild,2.232,0,,,,,,,,,,,,0.073324,0.07329,0.262443,565.511,941.042,0.119272,0.162668,0.032038,0.077116,135.43,50.386,0.372048
/data/mighty-morphing/audio/public/in_the_wild/release_in_the_wild/release_in_the_wild/1355.wav,unknown_public_web,synthetic,in_the_wild,Bill Clinton,en,unknown_public_web,in_the_wild_tts,wav,,cc-by-sa-4.0,eval,https://huggingface.co/datasets/mueller91/In-The-Wild,1.454,0,,,,,,,,,,,,0.110736,0.121874,0.097902,662.067,377.827,0.078609,0.09515,0.007429,0.086372,207.114,47.584,0.229745
/data/mighty-morphing/audio/public/in_the_wild/release_in_the_wild/release_in_the_wild/1359.wav,unknown_public_web,synthetic,in_the_wild,Martin Luther King,en,unknown_public_web,in_the_wild_tts,wav,,cc-by-sa-4.0,eval,https://huggingface.co/datasets/mueller91/In-The-Wild,4.011,0,,,,,,,,,,,,0.111537,0.100393,0.135338,614.165,259.152,0.024582,0.011934,5.1e-05,0.079417,196.286,71.06,0.362025
